TITLE = "B00001"
VARIABLES = "x", "y", "displacement-x", "displacement-y"
ZONE T="Frame 0", I=206, J=137
16.00	16.00	22.38	-3.22
48.00	16.00	23.35	-2.69
80.00	16.00	25.29	-1.63
112.00	16.00	23.86	-3.18
144.00	16.00	20.15	-7.67
176.00	16.00	15.00	-13.18
208.00	16.00	9.72	-16.55
240.00	16.00	5.39	-16.29
272.00	16.00	2.41	-15.04
304.00	16.00	0.91	-14.67
336.00	16.00	0.69	-15.11
368.00	16.00	0.53	-15.53
400.00	16.00	0.40	-15.62
432.00	16.00	0.41	-15.39
464.00	16.00	0.48	-15.08
496.00	16.00	0.51	-14.98
528.00	16.00	0.45	-15.17
560.00	16.00	0.34	-15.41
592.00	16.00	0.35	-15.40
624.00	16.00	0.42	-15.27
656.00	16.00	0.45	-15.21
688.00	16.00	0.39	-15.20
720.00	16.00	0.26	-15.23
752.00	16.00	0.26	-15.21
784.00	16.00	0.37	-15.23
816.00	16.00	0.46	-15.29
848.00	16.00	0.49	-15.31
880.00	16.00	0.40	-15.24
912.00	16.00	0.26	-15.20
944.00	16.00	0.12	-15.21
976.00	16.00	0.04	-15.31
1008.00	16.00	0.05	-15.36
1040.00	16.00	0.12	-15.34
1072.00	16.00	0.24	-15.32
1104.00	16.00	0.36	-15.32
1136.00	16.00	0.41	-15.41
1168.00	16.00	0.36	-15.45
1200.00	16.00	0.33	-15.45
1232.00	16.00	0.30	-15.38
1264.00	16.00	0.28	-15.28
1296.00	16.00	0.13	-15.23
1328.00	16.00	-0.01	-15.22
1360.00	16.00	-0.02	-15.18
1392.00	16.00	0.11	-15.13
1424.00	16.00	0.30	-15.04
1456.00	16.00	0.41	-14.98
1488.00	16.00	0.53	-14.98
1520.00	16.00	0.61	-15.10
1552.00	16.00	0.62	-15.18
1584.00	16.00	0.58	-15.12
1616.00	16.00	0.52	-15.00
1648.00	16.00	0.47	-14.96
1680.00	16.00	0.37	-14.99
1712.00	16.00	0.26	-14.94
1744.00	16.00	0.26	-14.82
1776.00	16.00	0.27	-14.75
1808.00	16.00	0.34	-14.77
1840.00	16.00	0.41	-14.77
1872.00	16.00	0.46	-14.81
1904.00	16.00	0.50	-14.88
1936.00	16.00	0.49	-14.96
1968.00	16.00	0.48	-14.94
2000.00	16.00	0.55	-14.75
2032.00	16.00	0.74	-14.54
2064.00	16.00	0.99	-14.46
2096.00	16.00	1.11	-14.60
2128.00	16.00	1.01	-14.79
2160.00	16.00	0.81	-14.83
2192.00	16.00	0.62	-14.77
2224.00	16.00	0.51	-14.74
2256.00	16.00	0.56	-14.73
2288.00	16.00	0.68	-14.69
2320.00	16.00	0.82	-14.67
2352.00	16.00	0.83	-14.62
2384.00	16.00	0.81	-14.54
2416.00	16.00	0.72	-14.40
2448.00	16.00	0.69	-14.24
2480.00	16.00	0.73	-14.13
2512.00	16.00	0.75	-14.16
2544.00	16.00	0.64	-14.22
2576.00	16.00	0.49	-14.23
2608.00	16.00	0.47	-14.02
2640.00	16.00	0.62	-13.94
2672.00	16.00	0.66	-14.03
2704.00	16.00	0.55	-14.18
2736.00	16.00	0.45	-14.23
2768.00	16.00	0.51	-14.03
2800.00	16.00	0.57	-13.83
2832.00	16.00	0.63	-13.76
2864.00	16.00	0.54	-13.75
2896.00	16.00	0.44	-13.75
2928.00	16.00	0.24	-13.63
2960.00	16.00	0.04	-13.56
2992.00	16.00	-0.12	-13.46
3024.00	16.00	0.01	-13.37
3056.00	16.00	0.29	-13.30
3088.00	16.00	0.54	-13.35
3120.00	16.00	0.55	-13.45
3152.00	16.00	0.51	-13.57
3184.00	16.00	0.40	-13.54
3216.00	16.00	0.29	-13.44
3248.00	16.00	0.14	-13.39
3280.00	16.00	0.12	-13.43
3312.00	16.00	0.22	-13.54
3344.00	16.00	0.30	-13.57
3376.00	16.00	0.35	-13.57
3408.00	16.00	0.29	-13.47
3440.00	16.00	0.36	-13.45
3472.00	16.00	0.59	-13.55
3504.00	16.00	0.80	-13.70
3536.00	16.00	0.87	-13.73
3568.00	16.00	0.67	-13.54
3600.00	16.00	0.69	-13.21
3632.00	16.00	1.04	-12.96
3664.00	16.00	1.37	-12.70
3696.00	16.00	1.49	-12.61
3728.00	16.00	1.33	-12.53
3760.00	16.00	1.30	-12.47
3792.00	16.00	0.98	-12.23
3824.00	16.00	0.73	-12.13
3856.00	16.00	0.60	-12.23
3888.00	16.00	0.76	-12.52
3920.00	16.00	0.84	-12.64
3952.00	16.00	0.73	-12.57
3984.00	16.00	0.50	-12.30
4016.00	16.00	0.25	-11.84
4048.00	16.00	0.09	-11.46
4080.00	16.00	0.09	-11.29
4112.00	16.00	0.20	-11.29
4144.00	16.00	0.17	-11.20
4176.00	16.00	-0.16	-10.93
4208.00	16.00	-0.52	-10.57
4240.00	16.00	-0.52	-10.48
4272.00	16.00	-0.27	-10.74
4304.00	16.00	-0.12	-10.98
4336.00	16.00	-0.16	-11.09
4368.00	16.00	-0.26	-10.96
4400.00	16.00	-0.26	-11.15
4432.00	16.00	-0.42	-11.37
4464.00	16.00	-0.46	-11.55
4496.00	16.00	-0.30	-11.35
4528.00	16.00	0.03	-11.21
4560.00	16.00	0.18	-11.15
4592.00	16.00	0.10	-11.34
4624.00	16.00	0.02	-11.41
4656.00	16.00	0.04	-11.57
4688.00	16.00	0.15	-11.69
4720.00	16.00	0.20	-11.82
4752.00	16.00	0.17	-11.89
4784.00	16.00	-0.01	-11.93
4816.00	16.00	-0.23	-11.85
4848.00	16.00	-0.40	-11.75
4880.00	16.00	-0.51	-11.72
4912.00	16.00	-0.60	-11.74
4944.00	16.00	-0.57	-11.72
4976.00	16.00	-0.50	-11.57
5008.00	16.00	-0.51	-11.43
5040.00	16.00	-0.52	-11.39
5072.00	16.00	-0.49	-11.34
5104.00	16.00	-0.41	-11.27
5136.00	16.00	-0.47	-11.11
5168.00	16.00	-0.55	-10.94
5200.00	16.00	-0.50	-10.65
5232.00	16.00	-0.33	-10.39
5264.00	16.00	-0.13	-10.40
5296.00	16.00	0.05	-10.79
5328.00	16.00	0.13	-11.13
5360.00	16.00	0.07	-11.21
5392.00	16.00	-0.07	-11.19
5424.00	16.00	-0.16	-11.29
5456.00	16.00	-0.05	-11.45
5488.00	16.00	0.24	-11.56
5520.00	16.00	0.39	-11.53
5552.00	16.00	0.42	-11.58
5584.00	16.00	0.31	-11.54
5616.00	16.00	0.19	-11.44
5648.00	16.00	0.03	-11.17
5680.00	16.00	-0.05	-10.69
5712.00	16.00	-0.05	-10.30
5744.00	16.00	-0.06	-10.10
5776.00	16.00	-0.05	-10.02
5808.00	16.00	-0.02	-9.75
5840.00	16.00	0.04	-9.39
5872.00	16.00	0.08	-9.18
5904.00	16.00	0.14	-9.09
5936.00	16.00	0.20	-8.65
5968.00	16.00	0.13	-7.83
6000.00	16.00	0.05	-6.75
6032.00	16.00	0.05	-5.74
6064.00	16.00	0.19	-4.65
6096.00	16.00	0.33	-3.32
6128.00	16.00	0.36	-1.97
6160.00	16.00	0.30	-0.77
6192.00	16.00	0.23	-0.55
6224.00	16.00	0.23	-1.09
6256.00	16.00	0.29	-2.52
6288.00	16.00	0.27	-3.48
6320.00	16.00	0.42	-4.82
6352.00	16.00	0.45	-5.61
6384.00	16.00	0.12	-7.60
6416.00	16.00	-0.64	-9.11
6448.00	16.00	-0.63	-10.88
6480.00	16.00	2.05	-12.93
6512.00	16.00	5.86	-15.17
6544.00	16.00	9.37	-17.14
6576.00	16.00	10.43	-17.66
16.00	48.00	17.53	-5.87
48.00	48.00	20.12	-4.46
80.00	48.00	23.56	-3.01
112.00	48.00	21.88	-4.84
144.00	48.00	18.06	-9.79
176.00	48.00	14.07	-14.77
208.00	48.00	9.90	-17.22
240.00	48.00	5.51	-16.46
272.00	48.00	2.10	-15.02
304.00	48.00	0.73	-14.43
336.00	48.00	0.76	-14.80
368.00	48.00	0.71	-15.22
400.00	48.00	0.57	-15.39
432.00	48.00	0.46	-15.27
464.00	48.00	0.45	-15.08
496.00	48.00	0.44	-15.08
528.00	48.00	0.42	-15.24
560.00	48.00	0.34	-15.39
592.00	48.00	0.34	-15.36
624.00	48.00	0.38	-15.27
656.00	48.00	0.38	-15.23
688.00	48.00	0.34	-15.22
720.00	48.00	0.24	-15.21
752.00	48.00	0.24	-15.19
784.00	48.00	0.35	-15.24
816.00	48.00	0.44	-15.30
848.00	48.00	0.50	-15.32
880.00	48.00	0.43	-15.25
912.00	48.00	0.30	-15.19
944.00	48.00	0.17	-15.15
976.00	48.00	0.10	-15.20
1008.00	48.00	0.11	-15.24
1040.00	48.00	0.17	-15.25
1072.00	48.00	0.27	-15.25
1104.00	48.00	0.35	-15.26
1136.00	48.00	0.36	-15.34
1168.00	48.00	0.34	-15.35
1200.00	48.00	0.35	-15.31
1232.00	48.00	0.33	-15.27
1264.00	48.00	0.27	-15.23
1296.00	48.00	0.13	-15.22
1328.00	48.00	0.02	-15.19
1360.00	48.00	0.03	-15.16
1392.00	48.00	0.16	-15.11
1424.00	48.00	0.33	-15.05
1456.00	48.00	0.39	-15.04
1488.00	48.00	0.43	-15.07
1520.00	48.00	0.46	-15.13
1552.00	48.00	0.48	-15.15
1584.00	48.00	0.49	-15.08
1616.00	48.00	0.47	-14.99
1648.00	48.00	0.47	-14.93
1680.00	48.00	0.44	-14.92
1712.00	48.00	0.38	-14.88
1744.00	48.00	0.35	-14.79
1776.00	48.00	0.30	-14.74
1808.00	48.00	0.36	-14.76
1840.00	48.00	0.46	-14.80
1872.00	48.00	0.53	-14.83
1904.00	48.00	0.55	-14.87
1936.00	48.00	0.50	-14.93
1968.00	48.00	0.49	-14.90
2000.00	48.00	0.54	-14.76
2032.00	48.00	0.70	-14.62
2064.00	48.00	0.88	-14.61
2096.00	48.00	0.99	-14.72
2128.00	48.00	0.92	-14.81
2160.00	48.00	0.79	-14.78
2192.00	48.00	0.65	-14.71
2224.00	48.00	0.59	-14.72
2256.00	48.00	0.63	-14.74
2288.00	48.00	0.72	-14.70
2320.00	48.00	0.87	-14.61
2352.00	48.00	0.92	-14.54
2384.00	48.00	0.88	-14.50
2416.00	48.00	0.78	-14.44
2448.00	48.00	0.72	-14.31
2480.00	48.00	0.73	-14.22
2512.00	48.00	0.71	-14.22
2544.00	48.00	0.60	-14.24
2576.00	48.00	0.48	-14.22
2608.00	48.00	0.47	-14.07
2640.00	48.00	0.59	-14.03
2672.00	48.00	0.61	-14.12
2704.00	48.00	0.51	-14.24
2736.00	48.00	0.41	-14.25
2768.00	48.00	0.48	-14.04
2800.00	48.00	0.56	-13.79
2832.00	48.00	0.63	-13.66
2864.00	48.00	0.54	-13.65
2896.00	48.00	0.41	-13.67
2928.00	48.00	0.23	-13.62
2960.00	48.00	0.06	-13.57
2992.00	48.00	-0.02	-13.50
3024.00	48.00	0.10	-13.38
3056.00	48.00	0.32	-13.29
3088.00	48.00	0.49	-13.31
3120.00	48.00	0.46	-13.44
3152.00	48.00	0.37	-13.55
3184.00	48.00	0.25	-13.51
3216.00	48.00	0.21	-13.41
3248.00	48.00	0.16	-13.40
3280.00	48.00	0.16	-13.47
3312.00	48.00	0.20	-13.57
3344.00	48.00	0.26	-13.57
3376.00	48.00	0.33	-13.53
3408.00	48.00	0.35	-13.47
3440.00	48.00	0.42	-13.48
3472.00	48.00	0.58	-13.56
3504.00	48.00	0.70	-13.62
3536.00	48.00	0.74	-13.60
3568.00	48.00	0.59	-13.42
3600.00	48.00	0.60	-13.14
3632.00	48.00	0.90	-12.92
3664.00	48.00	1.17	-12.72
3696.00	48.00	1.34	-12.68
3728.00	48.00	1.22	-12.62
3760.00	48.00	1.14	-12.53
3792.00	48.00	0.85	-12.28
3824.00	48.00	0.66	-12.14
3856.00	48.00	0.62	-12.22
3888.00	48.00	0.74	-12.49
3920.00	48.00	0.79	-12.66
3952.00	48.00	0.63	-12.57
3984.00	48.00	0.43	-12.24
4016.00	48.00	0.21	-11.75
4048.00	48.00	0.09	-11.42
4080.00	48.00	0.09	-11.32
4112.00	48.00	0.14	-11.32
4144.00	48.00	0.15	-11.20
4176.00	48.00	-0.10	-10.90
4208.00	48.00	-0.37	-10.59
4240.00	48.00	-0.45	-10.49
4272.00	48.00	-0.33	-10.68
4304.00	48.00	-0.25	-10.93
4336.00	48.00	-0.27	-11.14
4368.00	48.00	-0.30	-11.17
4400.00	48.00	-0.31	-11.37
4432.00	48.00	-0.40	-11.53
4464.00	48.00	-0.36	-11.65
4496.00	48.00	-0.17	-11.49
4528.00	48.00	0.10	-11.35
4560.00	48.00	0.17	-11.30
4592.00	48.00	0.09	-11.45
4624.00	48.00	0.03	-11.59
4656.00	48.00	0.02	-11.74
4688.00	48.00	0.11	-11.80
4720.00	48.00	0.17	-11.85
4752.00	48.00	0.17	-11.89
4784.00	48.00	0.07	-11.90
4816.00	48.00	-0.14	-11.79
4848.00	48.00	-0.29	-11.69
4880.00	48.00	-0.45	-11.67
4912.00	48.00	-0.56	-11.72
4944.00	48.00	-0.56	-11.72
4976.00	48.00	-0.50	-11.64
5008.00	48.00	-0.49	-11.58
5040.00	48.00	-0.51	-11.54
5072.00	48.00	-0.52	-11.47
5104.00	48.00	-0.45	-11.36
5136.00	48.00	-0.49	-11.22
5168.00	48.00	-0.53	-11.09
5200.00	48.00	-0.45	-10.87
5232.00	48.00	-0.29	-10.66
5264.00	48.00	-0.10	-10.65
5296.00	48.00	0.03	-10.92
5328.00	48.00	0.12	-11.19
5360.00	48.00	0.07	-11.25
5392.00	48.00	-0.02	-11.23
5424.00	48.00	-0.05	-11.30
5456.00	48.00	0.08	-11.43
5488.00	48.00	0.27	-11.52
5520.00	48.00	0.30	-11.47
5552.00	48.00	0.29	-11.47
5584.00	48.00	0.23	-11.43
5616.00	48.00	0.16	-11.33
5648.00	48.00	0.03	-11.11
5680.00	48.00	-0.06	-10.68
5712.00	48.00	-0.06	-10.32
5744.00	48.00	-0.06	-10.14
5776.00	48.00	-0.03	-10.04
5808.00	48.00	-0.00	-9.78
5840.00	48.00	0.06	-9.49
5872.00	48.00	0.11	-9.34
5904.00	48.00	0.17	-9.32
5936.00	48.00	0.21	-8.93
5968.00	48.00	0.18	-8.11
6000.00	48.00	0.13	-6.94
6032.00	48.00	0.14	-5.72
6064.00	48.00	0.25	-4.54
6096.00	48.00	0.35	-3.25
6128.00	48.00	0.38	-1.96
6160.00	48.00	0.33	-0.81
6192.00	48.00	0.24	-0.67
6224.00	48.00	0.20	-1.28
6256.00	48.00	0.19	-2.71
6288.00	48.00	0.18	-3.65
6320.00	48.00	0.26	-4.91
6352.00	48.00	0.29	-5.72
6384.00	48.00	0.05	-7.40
6416.00	48.00	-0.25	-8.87
6448.00	48.00	-0.01	-10.79
6480.00	48.00	2.63	-13.19
6512.00	48.00	6.24	-15.49
6544.00	48.00	9.36	-18.15
6576.00	48.00	10.39	-19.00
16.00	80.00	11.51	-9.02
48.00	80.00	16.23	-7.34
80.00	80.00	20.13	-5.69
112.00	80.00	18.05	-8.50
144.00	80.00	14.26	-13.33
176.00	80.00	12.70	-17.41
208.00	80.00	9.98	-18.09
240.00	80.00	5.30	-16.67
272.00	80.00	1.92	-14.88
304.00	80.00	0.56	-14.18
336.00	80.00	0.77	-14.43
368.00	80.00	0.77	-14.88
400.00	80.00	0.70	-15.20
432.00	80.00	0.57	-15.27
464.00	80.00	0.48	-15.22
496.00	80.00	0.41	-15.25
528.00	80.00	0.39	-15.32
560.00	80.00	0.37	-15.32
592.00	80.00	0.41	-15.27
624.00	80.00	0.37	-15.25
656.00	80.00	0.30	-15.25
688.00	80.00	0.23	-15.26
720.00	80.00	0.22	-15.21
752.00	80.00	0.27	-15.19
784.00	80.00	0.35	-15.24
816.00	80.00	0.43	-15.30
848.00	80.00	0.50	-15.34
880.00	80.00	0.45	-15.31
912.00	80.00	0.32	-15.25
944.00	80.00	0.22	-15.15
976.00	80.00	0.20	-15.09
1008.00	80.00	0.19	-15.10
1040.00	80.00	0.22	-15.14
1072.00	80.00	0.28	-15.19
1104.00	80.00	0.34	-15.22
1136.00	80.00	0.33	-15.29
1168.00	80.00	0.32	-15.24
1200.00	80.00	0.37	-15.13
1232.00	80.00	0.34	-15.09
1264.00	80.00	0.28	-15.12
1296.00	80.00	0.16	-15.19
1328.00	80.00	0.10	-15.14
1360.00	80.00	0.14	-15.10
1392.00	80.00	0.24	-15.06
1424.00	80.00	0.36	-15.08
1456.00	80.00	0.36	-15.16
1488.00	80.00	0.30	-15.21
1520.00	80.00	0.28	-15.19
1552.00	80.00	0.29	-15.13
1584.00	80.00	0.36	-15.09
1616.00	80.00	0.36	-15.04
1648.00	80.00	0.41	-14.95
1680.00	80.00	0.46	-14.83
1712.00	80.00	0.47	-14.77
1744.00	80.00	0.45	-14.74
1776.00	80.00	0.40	-14.75
1808.00	80.00	0.43	-14.80
1840.00	80.00	0.54	-14.84
1872.00	80.00	0.63	-14.86
1904.00	80.00	0.64	-14.85
1936.00	80.00	0.58	-14.88
1968.00	80.00	0.58	-14.89
2000.00	80.00	0.66	-14.89
2032.00	80.00	0.74	-14.88
2064.00	80.00	0.80	-14.89
2096.00	80.00	0.82	-14.87
2128.00	80.00	0.79	-14.78
2160.00	80.00	0.74	-14.69
2192.00	80.00	0.70	-14.61
2224.00	80.00	0.69	-14.64
2256.00	80.00	0.70	-14.67
2288.00	80.00	0.77	-14.59
2320.00	80.00	0.92	-14.46
2352.00	80.00	1.00	-14.40
2384.00	80.00	0.93	-14.47
2416.00	80.00	0.82	-14.50
2448.00	80.00	0.72	-14.40
2480.00	80.00	0.72	-14.30
2512.00	80.00	0.66	-14.25
2544.00	80.00	0.57	-14.24
2576.00	80.00	0.49	-14.18
2608.00	80.00	0.51	-14.11
2640.00	80.00	0.58	-14.12
2672.00	80.00	0.59	-14.22
2704.00	80.00	0.49	-14.32
2736.00	80.00	0.41	-14.26
2768.00	80.00	0.51	-14.03
2800.00	80.00	0.58	-13.76
2832.00	80.00	0.62	-13.62
2864.00	80.00	0.53	-13.61
2896.00	80.00	0.46	-13.66
2928.00	80.00	0.36	-13.66
2960.00	80.00	0.24	-13.61
2992.00	80.00	0.20	-13.53
3024.00	80.00	0.24	-13.40
3056.00	80.00	0.30	-13.30
3088.00	80.00	0.28	-13.26
3120.00	80.00	0.21	-13.35
3152.00	80.00	0.12	-13.43
3184.00	80.00	0.08	-13.42
3216.00	80.00	0.15	-13.36
3248.00	80.00	0.25	-13.43
3280.00	80.00	0.30	-13.54
3312.00	80.00	0.27	-13.61
3344.00	80.00	0.25	-13.55
3376.00	80.00	0.33	-13.49
3408.00	80.00	0.45	-13.48
3440.00	80.00	0.53	-13.53
3472.00	80.00	0.57	-13.53
3504.00	80.00	0.55	-13.47
3536.00	80.00	0.52	-13.34
3568.00	80.00	0.50	-13.23
3600.00	80.00	0.55	-13.07
3632.00	80.00	0.80	-12.92
3664.00	80.00	0.96	-12.79
3696.00	80.00	1.15	-12.76
3728.00	80.00	1.10	-12.73
3760.00	80.00	0.97	-12.63
3792.00	80.00	0.67	-12.37
3824.00	80.00	0.53	-12.16
3856.00	80.00	0.61	-12.17
3888.00	80.00	0.71	-12.40
3920.00	80.00	0.70	-12.62
3952.00	80.00	0.50	-12.50
3984.00	80.00	0.31	-12.09
4016.00	80.00	0.18	-11.61
4048.00	80.00	0.11	-11.39
4080.00	80.00	0.10	-11.38
4112.00	80.00	0.15	-11.37
4144.00	80.00	0.20	-11.23
4176.00	80.00	0.10	-11.00
4208.00	80.00	-0.11	-10.78
4240.00	80.00	-0.31	-10.68
4272.00	80.00	-0.44	-10.71
4304.00	80.00	-0.50	-10.87
4336.00	80.00	-0.47	-11.16
4368.00	80.00	-0.37	-11.44
4400.00	80.00	-0.38	-11.65
4432.00	80.00	-0.44	-11.70
4464.00	80.00	-0.35	-11.69
4496.00	80.00	-0.08	-11.63
4528.00	80.00	0.15	-11.55
4560.00	80.00	0.14	-11.54
4592.00	80.00	0.03	-11.61
4624.00	80.00	-0.01	-11.81
4656.00	80.00	-0.04	-11.95
4688.00	80.00	0.00	-11.95
4720.00	80.00	0.04	-11.88
4752.00	80.00	0.07	-11.88
4784.00	80.00	0.07	-11.89
4816.00	80.00	-0.06	-11.78
4848.00	80.00	-0.17	-11.67
4880.00	80.00	-0.34	-11.68
4912.00	80.00	-0.49	-11.73
4944.00	80.00	-0.55	-11.72
4976.00	80.00	-0.53	-11.66
5008.00	80.00	-0.49	-11.68
5040.00	80.00	-0.52	-11.69
5072.00	80.00	-0.54	-11.62
5104.00	80.00	-0.48	-11.48
5136.00	80.00	-0.45	-11.38
5168.00	80.00	-0.44	-11.34
5200.00	80.00	-0.35	-11.23
5232.00	80.00	-0.22	-11.08
5264.00	80.00	-0.08	-11.01
5296.00	80.00	0.03	-11.09
5328.00	80.00	0.13	-11.23
5360.00	80.00	0.15	-11.30
5392.00	80.00	0.12	-11.38
5424.00	80.00	0.15	-11.43
5456.00	80.00	0.25	-11.47
5488.00	80.00	0.31	-11.48
5520.00	80.00	0.22	-11.40
5552.00	80.00	0.19	-11.35
5584.00	80.00	0.15	-11.26
5616.00	80.00	0.16	-11.17
5648.00	80.00	0.09	-10.99
5680.00	80.00	-0.05	-10.68
5712.00	80.00	-0.06	-10.37
5744.00	80.00	-0.07	-10.17
5776.00	80.00	-0.02	-10.04
5808.00	80.00	0.03	-9.80
5840.00	80.00	0.09	-9.69
5872.00	80.00	0.16	-9.66
5904.00	80.00	0.21	-9.77
5936.00	80.00	0.26	-9.51
5968.00	80.00	0.27	-8.65
6000.00	80.00	0.26	-7.29
6032.00	80.00	0.26	-5.69
6064.00	80.00	0.31	-4.38
6096.00	80.00	0.36	-3.19
6128.00	80.00	0.38	-2.01
6160.00	80.00	0.34	-0.91
6192.00	80.00	0.26	-0.90
6224.00	80.00	0.20	-1.49
6256.00	80.00	0.16	-2.84
6288.00	80.00	0.22	-3.69
6320.00	80.00	0.32	-5.22
6352.00	80.00	0.27	-6.13
6384.00	80.00	0.10	-7.43
6416.00	80.00	0.02	-8.53
6448.00	80.00	0.13	-10.23
6480.00	80.00	2.95	-13.79
6512.00	80.00	5.92	-17.95
6544.00	80.00	9.50	-21.34
6576.00	80.00	10.14	-22.47
16.00	112.00	9.08	-10.72
48.00	112.00	13.18	-10.29
80.00	112.00	16.23	-10.76
112.00	112.00	15.02	-13.19
144.00	112.00	12.21	-16.09
176.00	112.00	11.51	-17.44
208.00	112.00	9.00	-16.98
240.00	112.00	4.67	-15.66
272.00	112.00	1.46	-14.62
304.00	112.00	0.47	-14.18
336.00	112.00	0.81	-14.39
368.00	112.00	0.86	-14.73
400.00	112.00	0.84	-15.10
432.00	112.00	0.71	-15.30
464.00	112.00	0.57	-15.30
496.00	112.00	0.42	-15.33
528.00	112.00	0.39	-15.35
560.00	112.00	0.42	-15.32
592.00	112.00	0.48	-15.29
624.00	112.00	0.40	-15.27
656.00	112.00	0.30	-15.27
688.00	112.00	0.19	-15.29
720.00	112.00	0.22	-15.28
752.00	112.00	0.29	-15.27
784.00	112.00	0.32	-15.28
816.00	112.00	0.39	-15.29
848.00	112.00	0.46	-15.33
880.00	112.00	0.46	-15.37
912.00	112.00	0.34	-15.36
944.00	112.00	0.26	-15.27
976.00	112.00	0.25	-15.15
1008.00	112.00	0.24	-15.10
1040.00	112.00	0.23	-15.12
1072.00	112.00	0.24	-15.16
1104.00	112.00	0.30	-15.18
1136.00	112.00	0.35	-15.23
1168.00	112.00	0.37	-15.19
1200.00	112.00	0.43	-15.05
1232.00	112.00	0.35	-14.95
1264.00	112.00	0.28	-14.93
1296.00	112.00	0.19	-15.01
1328.00	112.00	0.19	-15.00
1360.00	112.00	0.22	-15.00
1392.00	112.00	0.27	-15.02
1424.00	112.00	0.34	-15.09
1456.00	112.00	0.32	-15.20
1488.00	112.00	0.22	-15.21
1520.00	112.00	0.20	-15.14
1552.00	112.00	0.21	-15.08
1584.00	112.00	0.26	-15.11
1616.00	112.00	0.27	-15.12
1648.00	112.00	0.33	-15.04
1680.00	112.00	0.42	-14.86
1712.00	112.00	0.47	-14.78
1744.00	112.00	0.47	-14.78
1776.00	112.00	0.47	-14.84
1808.00	112.00	0.50	-14.87
1840.00	112.00	0.59	-14.84
1872.00	112.00	0.65	-14.80
1904.00	112.00	0.69	-14.77
1936.00	112.00	0.69	-14.81
1968.00	112.00	0.75	-14.88
2000.00	112.00	0.86	-15.00
2032.00	112.00	0.87	-15.05
2064.00	112.00	0.83	-15.03
2096.00	112.00	0.72	-14.92
2128.00	112.00	0.68	-14.72
2160.00	112.00	0.68	-14.62
2192.00	112.00	0.70	-14.52
2224.00	112.00	0.71	-14.59
2256.00	112.00	0.73	-14.62
2288.00	112.00	0.80	-14.57
2320.00	112.00	0.94	-14.42
2352.00	112.00	1.00	-14.34
2384.00	112.00	0.92	-14.40
2416.00	112.00	0.80	-14.45
2448.00	112.00	0.68	-14.43
2480.00	112.00	0.64	-14.35
2512.00	112.00	0.58	-14.29
2544.00	112.00	0.54	-14.25
2576.00	112.00	0.54	-14.19
2608.00	112.00	0.59	-14.15
2640.00	112.00	0.62	-14.14
2672.00	112.00	0.60	-14.20
2704.00	112.00	0.52	-14.24
2736.00	112.00	0.46	-14.16
2768.00	112.00	0.55	-13.96
2800.00	112.00	0.59	-13.73
2832.00	112.00	0.58	-13.61
2864.00	112.00	0.51	-13.64
2896.00	112.00	0.53	-13.75
2928.00	112.00	0.58	-13.78
2960.00	112.00	0.54	-13.70
2992.00	112.00	0.45	-13.55
3024.00	112.00	0.36	-13.47
3056.00	112.00	0.22	-13.39
3088.00	112.00	0.05	-13.29
3120.00	112.00	-0.01	-13.23
3152.00	112.00	0.03	-13.29
3184.00	112.00	0.14	-13.35
3216.00	112.00	0.23	-13.39
3248.00	112.00	0.30	-13.45
3280.00	112.00	0.34	-13.53
3312.00	112.00	0.34	-13.57
3344.00	112.00	0.34	-13.49
3376.00	112.00	0.43	-13.43
3408.00	112.00	0.58	-13.45
3440.00	112.00	0.65	-13.53
3472.00	112.00	0.65	-13.56
3504.00	112.00	0.58	-13.47
3536.00	112.00	0.54	-13.31
3568.00	112.00	0.58	-13.20
3600.00	112.00	0.71	-13.11
3632.00	112.00	0.91	-13.01
3664.00	112.00	0.96	-12.87
3696.00	112.00	1.04	-12.80
3728.00	112.00	1.00	-12.73
3760.00	112.00	0.90	-12.63
3792.00	112.00	0.73	-12.46
3824.00	112.00	0.67	-12.31
3856.00	112.00	0.74	-12.28
3888.00	112.00	0.74	-12.38
3920.00	112.00	0.63	-12.51
3952.00	112.00	0.43	-12.33
3984.00	112.00	0.30	-11.88
4016.00	112.00	0.25	-11.43
4048.00	112.00	0.20	-11.32
4080.00	112.00	0.11	-11.36
4112.00	112.00	0.05	-11.28
4144.00	112.00	0.09	-11.10
4176.00	112.00	0.11	-11.09
4208.00	112.00	-0.02	-11.12
4240.00	112.00	-0.27	-11.15
4272.00	112.00	-0.57	-11.03
4304.00	112.00	-0.66	-11.01
4336.00	112.00	-0.55	-11.20
4368.00	112.00	-0.38	-11.53
4400.00	112.00	-0.36	-11.81
4432.00	112.00	-0.36	-11.87
4464.00	112.00	-0.24	-11.76
4496.00	112.00	-0.04	-11.68
4528.00	112.00	0.05	-11.64
4560.00	112.00	-0.03	-11.68
4592.00	112.00	-0.11	-11.72
4624.00	112.00	-0.12	-11.87
4656.00	112.00	-0.13	-11.97
4688.00	112.00	-0.13	-11.92
4720.00	112.00	-0.10	-11.83
4752.00	112.00	-0.07	-11.85
4784.00	112.00	-0.05	-11.87
4816.00	112.00	-0.11	-11.79
4848.00	112.00	-0.17	-11.69
4880.00	112.00	-0.28	-11.72
4912.00	112.00	-0.39	-11.74
4944.00	112.00	-0.49	-11.68
4976.00	112.00	-0.50	-11.64
5008.00	112.00	-0.47	-11.69
5040.00	112.00	-0.47	-11.73
5072.00	112.00	-0.51	-11.69
5104.00	112.00	-0.44	-11.62
5136.00	112.00	-0.35	-11.58
5168.00	112.00	-0.31	-11.59
5200.00	112.00	-0.24	-11.53
5232.00	112.00	-0.17	-11.43
5264.00	112.00	-0.02	-11.31
5296.00	112.00	0.07	-11.24
5328.00	112.00	0.16	-11.23
5360.00	112.00	0.23	-11.32
5392.00	112.00	0.30	-11.46
5424.00	112.00	0.38	-11.52
5456.00	112.00	0.41	-11.48
5488.00	112.00	0.33	-11.44
5520.00	112.00	0.21	-11.41
5552.00	112.00	0.16	-11.35
5584.00	112.00	0.20	-11.18
5616.00	112.00	0.25	-11.01
5648.00	112.00	0.23	-10.89
5680.00	112.00	0.06	-10.72
5712.00	112.00	-0.04	-10.46
5744.00	112.00	-0.12	-10.19
5776.00	112.00	-0.06	-9.90
5808.00	112.00	0.00	-9.64
5840.00	112.00	0.07	-9.73
5872.00	112.00	0.18	-9.94
5904.00	112.00	0.30	-10.14
5936.00	112.00	0.41	-9.78
5968.00	112.00	0.40	-8.82
6000.00	112.00	0.33	-7.35
6032.00	112.00	0.28	-5.67
6064.00	112.00	0.32	-4.31
6096.00	112.00	0.31	-3.20
6128.00	112.00	0.34	-2.05
6160.00	112.00	0.34	-0.97
6192.00	112.00	0.32	-0.87
6224.00	112.00	0.23	-1.38
6256.00	112.00	0.12	-2.61
6288.00	112.00	0.19	-3.58
6320.00	112.00	0.24	-4.99
6352.00	112.00	0.19	-6.07
6384.00	112.00	-0.03	-7.24
6416.00	112.00	0.12	-7.72
6448.00	112.00	0.21	-9.27
6480.00	112.00	2.75	-13.38
6512.00	112.00	6.69	-18.36
6544.00	112.00	10.50	-22.68
6576.00	112.00	12.12	-23.70
16.00	144.00	10.90	-10.19
48.00	144.00	12.74	-12.64
80.00	144.00	12.80	-16.20
112.00	144.00	13.35	-17.75
144.00	144.00	11.36	-18.10
176.00	144.00	8.96	-16.95
208.00	144.00	6.24	-15.66
240.00	144.00	2.81	-14.14
272.00	144.00	1.13	-14.11
304.00	144.00	0.58	-14.30
336.00	144.00	0.80	-14.52
368.00	144.00	0.76	-14.82
400.00	144.00	0.75	-15.17
432.00	144.00	0.68	-15.42
464.00	144.00	0.57	-15.38
496.00	144.00	0.41	-15.34
528.00	144.00	0.37	-15.31
560.00	144.00	0.41	-15.32
592.00	144.00	0.50	-15.33
624.00	144.00	0.43	-15.27
656.00	144.00	0.34	-15.25
688.00	144.00	0.26	-15.27
720.00	144.00	0.30	-15.31
752.00	144.00	0.32	-15.31
784.00	144.00	0.27	-15.30
816.00	144.00	0.29	-15.31
848.00	144.00	0.36	-15.38
880.00	144.00	0.44	-15.48
912.00	144.00	0.35	-15.52
944.00	144.00	0.27	-15.46
976.00	144.00	0.22	-15.30
1008.00	144.00	0.21	-15.21
1040.00	144.00	0.20	-15.20
1072.00	144.00	0.21	-15.21
1104.00	144.00	0.26	-15.19
1136.00	144.00	0.32	-15.22
1168.00	144.00	0.35	-15.24
1200.00	144.00	0.41	-15.14
1232.00	144.00	0.37	-14.99
1264.00	144.00	0.33	-14.87
1296.00	144.00	0.29	-14.86
1328.00	144.00	0.30	-14.83
1360.00	144.00	0.32	-14.86
1392.00	144.00	0.31	-14.95
1424.00	144.00	0.28	-15.09
1456.00	144.00	0.24	-15.17
1488.00	144.00	0.18	-15.14
1520.00	144.00	0.22	-15.06
1552.00	144.00	0.26	-15.09
1584.00	144.00	0.27	-15.17
1616.00	144.00	0.25	-15.21
1648.00	144.00	0.27	-15.13
1680.00	144.00	0.34	-14.97
1712.00	144.00	0.39	-14.90
1744.00	144.00	0.45	-14.92
1776.00	144.00	0.53	-15.00
1808.00	144.00	0.56	-15.02
1840.00	144.00	0.59	-14.94
1872.00	144.00	0.60	-14.88
1904.00	144.00	0.67	-14.84
1936.00	144.00	0.75	-14.87
1968.00	144.00	0.86	-14.97
2000.00	144.00	0.99	-15.11
2032.00	144.00	0.95	-15.15
2064.00	144.00	0.86	-15.04
2096.00	144.00	0.68	-14.88
2128.00	144.00	0.65	-14.77
2160.00	144.00	0.66	-14.70
2192.00	144.00	0.67	-14.59
2224.00	144.00	0.67	-14.53
2256.00	144.00	0.74	-14.50
2288.00	144.00	0.88	-14.51
2320.00	144.00	1.02	-14.45
2352.00	144.00	1.01	-14.42
2384.00	144.00	0.90	-14.43
2416.00	144.00	0.76	-14.40
2448.00	144.00	0.63	-14.36
2480.00	144.00	0.53	-14.30
2512.00	144.00	0.49	-14.29
2544.00	144.00	0.54	-14.28
2576.00	144.00	0.65	-14.24
2608.00	144.00	0.77	-14.13
2640.00	144.00	0.78	-14.05
2672.00	144.00	0.73	-14.03
2704.00	144.00	0.58	-14.05
2736.00	144.00	0.52	-14.02
2768.00	144.00	0.57	-13.92
2800.00	144.00	0.58	-13.82
2832.00	144.00	0.55	-13.74
2864.00	144.00	0.49	-13.72
2896.00	144.00	0.53	-13.82
2928.00	144.00	0.65	-13.81
2960.00	144.00	0.73	-13.72
2992.00	144.00	0.62	-13.53
3024.00	144.00	0.41	-13.48
3056.00	144.00	0.18	-13.44
3088.00	144.00	0.01	-13.33
3120.00	144.00	-0.00	-13.15
3152.00	144.00	0.10	-13.15
3184.00	144.00	0.27	-13.26
3216.00	144.00	0.31	-13.38
3248.00	144.00	0.26	-13.44
3280.00	144.00	0.21	-13.49
3312.00	144.00	0.29	-13.56
3344.00	144.00	0.47	-13.52
3376.00	144.00	0.65	-13.48
3408.00	144.00	0.78	-13.49
3440.00	144.00	0.78	-13.56
3472.00	144.00	0.74	-13.60
3504.00	144.00	0.67	-13.54
3536.00	144.00	0.67	-13.38
3568.00	144.00	0.78	-13.25
3600.00	144.00	0.93	-13.16
3632.00	144.00	1.04	-13.07
3664.00	144.00	1.00	-12.91
3696.00	144.00	0.96	-12.79
3728.00	144.00	0.87	-12.64
3760.00	144.00	0.79	-12.53
3792.00	144.00	0.73	-12.42
3824.00	144.00	0.76	-12.38
3856.00	144.00	0.84	-12.40
3888.00	144.00	0.81	-12.44
3920.00	144.00	0.66	-12.35
3952.00	144.00	0.48	-12.06
3984.00	144.00	0.37	-11.62
4016.00	144.00	0.35	-11.34
4048.00	144.00	0.22	-11.27
4080.00	144.00	0.04	-11.17
4112.00	144.00	-0.08	-11.02
4144.00	144.00	-0.04	-10.90
4176.00	144.00	0.04	-11.08
4208.00	144.00	-0.07	-11.28
4240.00	144.00	-0.30	-11.44
4272.00	144.00	-0.59	-11.41
4304.00	144.00	-0.67	-11.36
4336.00	144.00	-0.54	-11.39
4368.00	144.00	-0.41	-11.58
4400.00	144.00	-0.43	-11.72
4432.00	144.00	-0.50	-11.76
4464.00	144.00	-0.38	-11.72
4496.00	144.00	-0.24	-11.68
4528.00	144.00	-0.19	-11.69
4560.00	144.00	-0.28	-11.70
4592.00	144.00	-0.28	-11.76
4624.00	144.00	-0.20	-11.86
4656.00	144.00	-0.15	-11.90
4688.00	144.00	-0.14	-11.84
4720.00	144.00	-0.13	-11.77
4752.00	144.00	-0.14	-11.80
4784.00	144.00	-0.21	-11.85
4816.00	144.00	-0.24	-11.82
4848.00	144.00	-0.20	-11.75
4880.00	144.00	-0.16	-11.80
4912.00	144.00	-0.22	-11.80
4944.00	144.00	-0.36	-11.70
4976.00	144.00	-0.39	-11.63
5008.00	144.00	-0.38	-11.65
5040.00	144.00	-0.35	-11.70
5072.00	144.00	-0.39	-11.68
5104.00	144.00	-0.34	-11.68
5136.00	144.00	-0.26	-11.69
5168.00	144.00	-0.23	-11.71
5200.00	144.00	-0.23	-11.69
5232.00	144.00	-0.16	-11.63
5264.00	144.00	0.02	-11.52
5296.00	144.00	0.18	-11.36
5328.00	144.00	0.24	-11.26
5360.00	144.00	0.30	-11.33
5392.00	144.00	0.38	-11.53
5424.00	144.00	0.46	-11.59
5456.00	144.00	0.46	-11.52
5488.00	144.00	0.40	-11.49
5520.00	144.00	0.34	-11.54
5552.00	144.00	0.27	-11.52
5584.00	144.00	0.22	-11.30
5616.00	144.00	0.19	-11.02
5648.00	144.00	0.23	-10.80
5680.00	144.00	0.13	-10.66
5712.00	144.00	-0.01	-10.49
5744.00	144.00	-0.15	-10.23
5776.00	144.00	-0.11	-9.87
5808.00	144.00	-0.02	-9.57
5840.00	144.00	0.08	-9.75
5872.00	144.00	0.25	-10.08
5904.00	144.00	0.41	-10.25
5936.00	144.00	0.54	-9.80
5968.00	144.00	0.44	-8.80
6000.00	144.00	0.34	-7.35
6032.00	144.00	0.30	-5.72
6064.00	144.00	0.33	-4.36
6096.00	144.00	0.29	-3.20
6128.00	144.00	0.27	-1.96
6160.00	144.00	0.27	-0.86
6192.00	144.00	0.30	-0.74
6224.00	144.00	0.23	-1.26
6256.00	144.00	0.16	-2.47
6288.00	144.00	0.23	-3.55
6320.00	144.00	0.31	-5.03
6352.00	144.00	0.26	-6.24
6384.00	144.00	0.03	-7.50
6416.00	144.00	-0.05	-7.20
6448.00	144.00	-0.09	-8.47
6480.00	144.00	2.09	-12.11
6512.00	144.00	5.70	-17.69
6544.00	144.00	9.71	-21.16
6576.00	144.00	11.43	-21.95
16.00	176.00	14.17	-12.10
48.00	176.00	12.41	-13.24
80.00	176.00	10.02	-17.43
112.00	176.00	11.77	-18.17
144.00	176.00	10.82	-19.61
176.00	176.00	6.86	-17.04
208.00	176.00	3.89	-15.13
240.00	176.00	1.94	-13.25
272.00	176.00	0.49	-13.94
304.00	176.00	0.58	-14.40
336.00	176.00	0.76	-14.63
368.00	176.00	0.70	-14.91
400.00	176.00	0.65	-15.17
432.00	176.00	0.58	-15.33
464.00	176.00	0.47	-15.28
496.00	176.00	0.34	-15.24
528.00	176.00	0.29	-15.24
560.00	176.00	0.30	-15.30
592.00	176.00	0.34	-15.37
624.00	176.00	0.32	-15.33
656.00	176.00	0.34	-15.28
688.00	176.00	0.35	-15.23
720.00	176.00	0.39	-15.23
752.00	176.00	0.32	-15.25
784.00	176.00	0.21	-15.32
816.00	176.00	0.19	-15.38
848.00	176.00	0.26	-15.43
880.00	176.00	0.37	-15.50
912.00	176.00	0.33	-15.53
944.00	176.00	0.26	-15.51
976.00	176.00	0.18	-15.37
1008.00	176.00	0.19	-15.31
1040.00	176.00	0.21	-15.29
1072.00	176.00	0.23	-15.27
1104.00	176.00	0.23	-15.20
1136.00	176.00	0.25	-15.19
1168.00	176.00	0.24	-15.24
1200.00	176.00	0.31	-15.23
1232.00	176.00	0.36	-15.11
1264.00	176.00	0.39	-14.97
1296.00	176.00	0.38	-14.82
1328.00	176.00	0.35	-14.75
1360.00	176.00	0.35	-14.78
1392.00	176.00	0.34	-14.93
1424.00	176.00	0.26	-15.11
1456.00	176.00	0.25	-15.15
1488.00	176.00	0.21	-15.10
1520.00	176.00	0.26	-15.04
1552.00	176.00	0.30	-15.11
1584.00	176.00	0.32	-15.20
1616.00	176.00	0.33	-15.23
1648.00	176.00	0.31	-15.17
1680.00	176.00	0.34	-15.07
1712.00	176.00	0.38	-15.04
1744.00	176.00	0.43	-15.06
1776.00	176.00	0.46	-15.10
1808.00	176.00	0.48	-15.08
1840.00	176.00	0.50	-15.03
1872.00	176.00	0.49	-15.04
1904.00	176.00	0.54	-15.06
1936.00	176.00	0.65	-15.09
1968.00	176.00	0.84	-15.10
2000.00	176.00	0.98	-15.11
2032.00	176.00	0.94	-15.08
2064.00	176.00	0.81	-14.96
2096.00	176.00	0.63	-14.86
2128.00	176.00	0.63	-14.91
2160.00	176.00	0.69	-14.91
2192.00	176.00	0.67	-14.78
2224.00	176.00	0.68	-14.56
2256.00	176.00	0.80	-14.43
2288.00	176.00	1.04	-14.50
2320.00	176.00	1.17	-14.54
2352.00	176.00	1.07	-14.58
2384.00	176.00	0.94	-14.49
2416.00	176.00	0.82	-14.34
2448.00	176.00	0.68	-14.27
2480.00	176.00	0.51	-14.27
2512.00	176.00	0.45	-14.35
2544.00	176.00	0.53	-14.37
2576.00	176.00	0.72	-14.31
2608.00	176.00	0.83	-14.13
2640.00	176.00	0.83	-13.96
2672.00	176.00	0.77	-13.88
2704.00	176.00	0.60	-13.88
2736.00	176.00	0.50	-13.89
2768.00	176.00	0.50	-13.91
2800.00	176.00	0.53	-13.94
2832.00	176.00	0.49	-13.89
2864.00	176.00	0.40	-13.82
2896.00	176.00	0.37	-13.82
2928.00	176.00	0.53	-13.77
2960.00	176.00	0.71	-13.66
2992.00	176.00	0.69	-13.49
3024.00	176.00	0.50	-13.42
3056.00	176.00	0.30	-13.37
3088.00	176.00	0.20	-13.28
3120.00	176.00	0.22	-13.12
3152.00	176.00	0.29	-13.11
3184.00	176.00	0.38	-13.20
3216.00	176.00	0.33	-13.33
3248.00	176.00	0.20	-13.37
3280.00	176.00	0.08	-13.41
3312.00	176.00	0.23	-13.54
3344.00	176.00	0.53	-13.59
3376.00	176.00	0.82	-13.60
3408.00	176.00	0.93	-13.59
3440.00	176.00	0.90	-13.67
3472.00	176.00	0.81	-13.72
3504.00	176.00	0.73	-13.64
3536.00	176.00	0.77	-13.46
3568.00	176.00	0.95	-13.28
3600.00	176.00	1.08	-13.13
3632.00	176.00	1.12	-13.02
3664.00	176.00	1.03	-12.91
3696.00	176.00	0.87	-12.83
3728.00	176.00	0.71	-12.62
3760.00	176.00	0.62	-12.37
3792.00	176.00	0.68	-12.25
3824.00	176.00	0.79	-12.33
3856.00	176.00	0.85	-12.47
3888.00	176.00	0.80	-12.53
3920.00	176.00	0.64	-12.32
3952.00	176.00	0.44	-11.93
3984.00	176.00	0.36	-11.53
4016.00	176.00	0.31	-11.27
4048.00	176.00	0.13	-11.05
4080.00	176.00	-0.11	-10.75
4112.00	176.00	-0.28	-10.56
4144.00	176.00	-0.28	-10.56
4176.00	176.00	-0.23	-10.83
4208.00	176.00	-0.26	-11.12
4240.00	176.00	-0.35	-11.43
4272.00	176.00	-0.47	-11.55
4304.00	176.00	-0.52	-11.64
4336.00	176.00	-0.45	-11.61
4368.00	176.00	-0.45	-11.61
4400.00	176.00	-0.56	-11.61
4432.00	176.00	-0.70	-11.64
4464.00	176.00	-0.60	-11.70
4496.00	176.00	-0.45	-11.66
4528.00	176.00	-0.40	-11.68
4560.00	176.00	-0.48	-11.71
4592.00	176.00	-0.41	-11.80
4624.00	176.00	-0.19	-11.87
4656.00	176.00	-0.01	-11.89
4688.00	176.00	0.02	-11.85
4720.00	176.00	-0.02	-11.85
4752.00	176.00	-0.16	-11.88
4784.00	176.00	-0.27	-11.86
4816.00	176.00	-0.28	-11.81
4848.00	176.00	-0.12	-11.76
4880.00	176.00	-0.03	-11.86
4912.00	176.00	-0.08	-11.90
4944.00	176.00	-0.21	-11.82
4976.00	176.00	-0.23	-11.76
5008.00	176.00	-0.23	-11.75
5040.00	176.00	-0.23	-11.76
5072.00	176.00	-0.31	-11.68
5104.00	176.00	-0.28	-11.65
5136.00	176.00	-0.21	-11.66
5168.00	176.00	-0.16	-11.71
5200.00	176.00	-0.17	-11.74
5232.00	176.00	-0.09	-11.75
5264.00	176.00	0.13	-11.71
5296.00	176.00	0.32	-11.59
5328.00	176.00	0.34	-11.46
5360.00	176.00	0.28	-11.50
5392.00	176.00	0.31	-11.61
5424.00	176.00	0.43	-11.63
5456.00	176.00	0.49	-11.53
5488.00	176.00	0.50	-11.54
5520.00	176.00	0.47	-11.64
5552.00	176.00	0.32	-11.63
5584.00	176.00	0.15	-11.36
5616.00	176.00	0.02	-11.01
5648.00	176.00	0.10	-10.72
5680.00	176.00	0.07	-10.57
5712.00	176.00	-0.05	-10.44
5744.00	176.00	-0.19	-10.22
5776.00	176.00	-0.12	-9.87
5808.00	176.00	-0.01	-9.58
5840.00	176.00	0.06	-9.75
5872.00	176.00	0.22	-10.00
5904.00	176.00	0.38	-10.04
5936.00	176.00	0.44	-9.56
5968.00	176.00	0.30	-8.70
6000.00	176.00	0.28	-7.46
6032.00	176.00	0.37	-5.98
6064.00	176.00	0.44	-4.62
6096.00	176.00	0.34	-3.29
6128.00	176.00	0.23	-1.86
6160.00	176.00	0.17	-0.70
6192.00	176.00	0.20	-0.56
6224.00	176.00	0.17	-1.21
6256.00	176.00	0.15	-2.48
6288.00	176.00	0.17	-3.61
6320.00	176.00	0.20	-4.95
6352.00	176.00	0.18	-6.12
6384.00	176.00	0.09	-7.44
6416.00	176.00	0.06	-7.18
6448.00	176.00	0.53	-8.69
6480.00	176.00	2.04	-11.23
6512.00	176.00	4.92	-14.93
6544.00	176.00	6.96	-17.41
6576.00	176.00	8.19	-17.91
16.00	208.00	24.13	-11.42
48.00	208.00	20.53	-12.12
80.00	208.00	15.64	-15.82
112.00	208.00	14.76	-18.59
144.00	208.00	12.09	-20.75
176.00	208.00	5.65	-17.37
208.00	208.00	1.67	-14.91
240.00	208.00	-0.10	-12.98
272.00	208.00	0.03	-14.08
304.00	208.00	0.40	-14.40
336.00	208.00	0.55	-14.60
368.00	208.00	0.51	-14.84
400.00	208.00	0.47	-15.05
432.00	208.00	0.43	-15.21
464.00	208.00	0.33	-15.21
496.00	208.00	0.31	-15.25
528.00	208.00	0.28	-15.26
560.00	208.00	0.25	-15.28
592.00	208.00	0.20	-15.30
624.00	208.00	0.21	-15.29
656.00	208.00	0.30	-15.28
688.00	208.00	0.36	-15.20
720.00	208.00	0.38	-15.19
752.00	208.00	0.26	-15.24
784.00	208.00	0.13	-15.36
816.00	208.00	0.09	-15.46
848.00	208.00	0.18	-15.47
880.00	208.00	0.29	-15.51
912.00	208.00	0.28	-15.50
944.00	208.00	0.22	-15.47
976.00	208.00	0.14	-15.35
1008.00	208.00	0.20	-15.31
1040.00	208.00	0.26	-15.33
1072.00	208.00	0.29	-15.37
1104.00	208.00	0.22	-15.28
1136.00	208.00	0.16	-15.24
1168.00	208.00	0.11	-15.27
1200.00	208.00	0.19	-15.30
1232.00	208.00	0.34	-15.25
1264.00	208.00	0.42	-15.13
1296.00	208.00	0.44	-14.96
1328.00	208.00	0.37	-14.85
1360.00	208.00	0.36	-14.84
1392.00	208.00	0.34	-14.98
1424.00	208.00	0.27	-15.19
1456.00	208.00	0.27	-15.25
1488.00	208.00	0.24	-15.21
1520.00	208.00	0.26	-15.12
1552.00	208.00	0.31	-15.14
1584.00	208.00	0.40	-15.16
1616.00	208.00	0.46	-15.19
1648.00	208.00	0.41	-15.14
1680.00	208.00	0.37	-15.11
1712.00	208.00	0.40	-15.11
1744.00	208.00	0.43	-15.09
1776.00	208.00	0.40	-15.06
1808.00	208.00	0.38	-15.04
1840.00	208.00	0.39	-15.07
1872.00	208.00	0.41	-15.18
1904.00	208.00	0.45	-15.25
1936.00	208.00	0.58	-15.25
1968.00	208.00	0.80	-15.20
2000.00	208.00	0.93	-15.11
2032.00	208.00	0.90	-15.03
2064.00	208.00	0.76	-14.92
2096.00	208.00	0.60	-14.86
2128.00	208.00	0.62	-14.99
2160.00	208.00	0.75	-15.00
2192.00	208.00	0.81	-14.87
2224.00	208.00	0.85	-14.55
2256.00	208.00	1.03	-14.37
2288.00	208.00	1.21	-14.43
2320.00	208.00	1.25	-14.54
2352.00	208.00	1.09	-14.64
2384.00	208.00	1.01	-14.56
2416.00	208.00	0.96	-14.38
2448.00	208.00	0.80	-14.28
2480.00	208.00	0.60	-14.28
2512.00	208.00	0.52	-14.39
2544.00	208.00	0.58	-14.44
2576.00	208.00	0.72	-14.39
2608.00	208.00	0.77	-14.19
2640.00	208.00	0.80	-13.99
2672.00	208.00	0.76	-13.88
2704.00	208.00	0.61	-13.88
2736.00	208.00	0.47	-13.94
2768.00	208.00	0.47	-13.97
2800.00	208.00	0.56	-13.99
2832.00	208.00	0.53	-13.93
2864.00	208.00	0.39	-13.87
2896.00	208.00	0.24	-13.78
2928.00	208.00	0.39	-13.66
2960.00	208.00	0.61	-13.53
2992.00	208.00	0.74	-13.43
3024.00	208.00	0.62	-13.39
3056.00	208.00	0.40	-13.38
3088.00	208.00	0.35	-13.37
3120.00	208.00	0.40	-13.26
3152.00	208.00	0.46	-13.18
3184.00	208.00	0.45	-13.14
3216.00	208.00	0.34	-13.21
3248.00	208.00	0.26	-13.26
3280.00	208.00	0.19	-13.35
3312.00	208.00	0.34	-13.51
3344.00	208.00	0.60	-13.63
3376.00	208.00	0.84	-13.71
3408.00	208.00	0.94	-13.73
3440.00	208.00	0.84	-13.72
3472.00	208.00	0.73	-13.71
3504.00	208.00	0.62	-13.58
3536.00	208.00	0.73	-13.37
3568.00	208.00	1.03	-13.22
3600.00	208.00	1.22	-13.05
3632.00	208.00	1.26	-12.99
3664.00	208.00	1.12	-12.93
3696.00	208.00	0.87	-12.90
3728.00	208.00	0.67	-12.67
3760.00	208.00	0.58	-12.27
3792.00	208.00	0.67	-12.03
3824.00	208.00	0.73	-12.11
3856.00	208.00	0.72	-12.38
3888.00	208.00	0.65	-12.57
3920.00	208.00	0.49	-12.44
3952.00	208.00	0.30	-12.07
3984.00	208.00	0.19	-11.65
4016.00	208.00	0.08	-11.31
4048.00	208.00	-0.12	-10.84
4080.00	208.00	-0.32	-10.41
4112.00	208.00	-0.40	-10.21
4144.00	208.00	-0.40	-10.31
4176.00	208.00	-0.41	-10.56
4208.00	208.00	-0.41	-10.88
4240.00	208.00	-0.34	-11.24
4272.00	208.00	-0.27	-11.51
4304.00	208.00	-0.30	-11.75
4336.00	208.00	-0.35	-11.79
4368.00	208.00	-0.43	-11.78
4400.00	208.00	-0.53	-11.72
4432.00	208.00	-0.67	-11.74
4464.00	208.00	-0.58	-11.82
4496.00	208.00	-0.41	-11.76
4528.00	208.00	-0.32	-11.79
4560.00	208.00	-0.38	-11.80
4592.00	208.00	-0.31	-11.87
4624.00	208.00	-0.08	-11.87
4656.00	208.00	0.16	-11.91
4688.00	208.00	0.20	-11.95
4720.00	208.00	0.12	-12.05
4752.00	208.00	-0.06	-12.04
4784.00	208.00	-0.14	-11.96
4816.00	208.00	-0.16	-11.84
4848.00	208.00	-0.03	-11.80
4880.00	208.00	0.04	-11.89
4912.00	208.00	0.04	-11.96
4944.00	208.00	0.02	-11.91
4976.00	208.00	0.03	-11.89
5008.00	208.00	0.02	-11.89
5040.00	208.00	-0.06	-11.87
5072.00	208.00	-0.20	-11.74
5104.00	208.00	-0.24	-11.65
5136.00	208.00	-0.22	-11.64
5168.00	208.00	-0.11	-11.65
5200.00	208.00	-0.05	-11.67
5232.00	208.00	0.04	-11.72
5264.00	208.00	0.18	-11.80
5296.00	208.00	0.33	-11.82
5328.00	208.00	0.34	-11.79
5360.00	208.00	0.25	-11.81
5392.00	208.00	0.24	-11.83
5424.00	208.00	0.34	-11.75
5456.00	208.00	0.44	-11.60
5488.00	208.00	0.45	-11.49
5520.00	208.00	0.40	-11.47
5552.00	208.00	0.17	-11.36
5584.00	208.00	-0.14	-11.15
5616.00	208.00	-0.27	-10.87
5648.00	208.00	-0.14	-10.62
5680.00	208.00	-0.07	-10.50
5712.00	208.00	-0.17	-10.43
5744.00	208.00	-0.24	-10.23
5776.00	208.00	-0.09	-9.87
5808.00	208.00	-0.01	-9.62
5840.00	208.00	0.00	-9.70
5872.00	208.00	0.11	-9.78
5904.00	208.00	0.30	-9.64
5936.00	208.00	0.35	-9.32
5968.00	208.00	0.24	-8.75
6000.00	208.00	0.28	-7.77
6032.00	208.00	0.43	-6.37
6064.00	208.00	0.51	-4.98
6096.00	208.00	0.41	-3.47
6128.00	208.00	0.25	-1.94
6160.00	208.00	0.16	-0.71
6192.00	208.00	0.16	-0.63
6224.00	208.00	0.19	-1.36
6256.00	208.00	0.19	-2.63
6288.00	208.00	0.11	-3.67
6320.00	208.00	0.02	-4.83
6352.00	208.00	0.01	-6.12
6384.00	208.00	0.11	-7.49
6416.00	208.00	0.25	-7.97
6448.00	208.00	0.54	-9.14
6480.00	208.00	1.32	-10.56
6512.00	208.00	1.91	-12.92
6544.00	208.00	2.66	-14.69
6576.00	208.00	2.66	-15.56
16.00	240.00	30.60	-8.45
48.00	240.00	27.49	-7.94
80.00	240.00	21.56	-11.32
112.00	240.00	15.72	-19.03
144.00	240.00	9.92	-23.24
176.00	240.00	3.87	-19.39
208.00	240.00	1.23	-15.45
240.00	240.00	-0.07	-13.84
272.00	240.00	-0.09	-14.60
304.00	240.00	0.30	-14.61
336.00	240.00	0.46	-14.68
368.00	240.00	0.44	-14.86
400.00	240.00	0.41	-15.05
432.00	240.00	0.36	-15.14
464.00	240.00	0.29	-15.18
496.00	240.00	0.31	-15.28
528.00	240.00	0.28	-15.31
560.00	240.00	0.23	-15.30
592.00	240.00	0.14	-15.24
624.00	240.00	0.15	-15.24
656.00	240.00	0.26	-15.26
688.00	240.00	0.32	-15.20
720.00	240.00	0.34	-15.22
752.00	240.00	0.23	-15.30
784.00	240.00	0.13	-15.41
816.00	240.00	0.09	-15.45
848.00	240.00	0.14	-15.41
880.00	240.00	0.22	-15.38
912.00	240.00	0.24	-15.37
944.00	240.00	0.23	-15.36
976.00	240.00	0.21	-15.30
1008.00	240.00	0.25	-15.31
1040.00	240.00	0.29	-15.35
1072.00	240.00	0.26	-15.43
1104.00	240.00	0.20	-15.36
1136.00	240.00	0.16	-15.34
1168.00	240.00	0.08	-15.32
1200.00	240.00	0.10	-15.34
1232.00	240.00	0.21	-15.31
1264.00	240.00	0.30	-15.27
1296.00	240.00	0.35	-15.13
1328.00	240.00	0.31	-15.00
1360.00	240.00	0.30	-14.93
1392.00	240.00	0.29	-15.02
1424.00	240.00	0.25	-15.20
1456.00	240.00	0.27	-15.31
1488.00	240.00	0.24	-15.32
1520.00	240.00	0.28	-15.22
1552.00	240.00	0.31	-15.15
1584.00	240.00	0.43	-15.13
1616.00	240.00	0.48	-15.20
1648.00	240.00	0.49	-15.20
1680.00	240.00	0.44	-15.21
1712.00	240.00	0.43	-15.19
1744.00	240.00	0.38	-15.10
1776.00	240.00	0.30	-14.98
1808.00	240.00	0.28	-14.93
1840.00	240.00	0.31	-15.06
1872.00	240.00	0.37	-15.24
1904.00	240.00	0.44	-15.32
1936.00	240.00	0.61	-15.26
1968.00	240.00	0.86	-15.14
2000.00	240.00	1.00	-15.02
2032.00	240.00	0.97	-14.96
2064.00	240.00	0.83	-14.88
2096.00	240.00	0.73	-14.86
2128.00	240.00	0.77	-14.98
2160.00	240.00	0.87	-14.99
2192.00	240.00	0.92	-14.85
2224.00	240.00	0.96	-14.56
2256.00	240.00	1.05	-14.40
2288.00	240.00	1.11	-14.46
2320.00	240.00	1.05	-14.59
2352.00	240.00	0.97	-14.67
2384.00	240.00	1.02	-14.58
2416.00	240.00	1.12	-14.41
2448.00	240.00	0.96	-14.33
2480.00	240.00	0.75	-14.35
2512.00	240.00	0.61	-14.45
2544.00	240.00	0.60	-14.48
2576.00	240.00	0.61	-14.43
2608.00	240.00	0.58	-14.25
2640.00	240.00	0.67	-14.06
2672.00	240.00	0.72	-13.98
2704.00	240.00	0.63	-14.00
2736.00	240.00	0.47	-14.07
2768.00	240.00	0.48	-14.07
2800.00	240.00	0.57	-14.04
2832.00	240.00	0.53	-13.99
2864.00	240.00	0.41	-14.00
2896.00	240.00	0.27	-13.89
2928.00	240.00	0.40	-13.73
2960.00	240.00	0.58	-13.53
2992.00	240.00	0.78	-13.40
3024.00	240.00	0.74	-13.33
3056.00	240.00	0.52	-13.36
3088.00	240.00	0.43	-13.43
3120.00	240.00	0.46	-13.41
3152.00	240.00	0.51	-13.27
3184.00	240.00	0.46	-13.14
3216.00	240.00	0.44	-13.14
3248.00	240.00	0.55	-13.22
3280.00	240.00	0.59	-13.32
3312.00	240.00	0.61	-13.44
3344.00	240.00	0.61	-13.59
3376.00	240.00	0.67	-13.70
3408.00	240.00	0.75	-13.75
3440.00	240.00	0.72	-13.67
3472.00	240.00	0.65	-13.62
3504.00	240.00	0.58	-13.53
3536.00	240.00	0.70	-13.36
3568.00	240.00	1.06	-13.28
3600.00	240.00	1.33	-13.13
3632.00	240.00	1.40	-13.07
3664.00	240.00	1.20	-12.99
3696.00	240.00	0.86	-12.94
3728.00	240.00	0.66	-12.72
3760.00	240.00	0.61	-12.32
3792.00	240.00	0.73	-12.03
3824.00	240.00	0.70	-12.04
3856.00	240.00	0.58	-12.26
3888.00	240.00	0.43	-12.43
3920.00	240.00	0.29	-12.43
3952.00	240.00	0.11	-12.17
3984.00	240.00	-0.01	-11.77
4016.00	240.00	-0.16	-11.28
4048.00	240.00	-0.33	-10.76
4080.00	240.00	-0.45	-10.39
4112.00	240.00	-0.46	-10.22
4144.00	240.00	-0.43	-10.28
4176.00	240.00	-0.56	-10.50
4208.00	240.00	-0.52	-10.84
4240.00	240.00	-0.35	-11.18
4272.00	240.00	-0.17	-11.37
4304.00	240.00	-0.20	-11.56
4336.00	240.00	-0.32	-11.68
4368.00	240.00	-0.37	-11.84
4400.00	240.00	-0.41	-11.93
4432.00	240.00	-0.51	-12.02
4464.00	240.00	-0.48	-12.01
4496.00	240.00	-0.33	-11.92
4528.00	240.00	-0.23	-11.89
4560.00	240.00	-0.20	-11.91
4592.00	240.00	-0.17	-11.90
4624.00	240.00	0.02	-11.87
4656.00	240.00	0.22	-11.93
4688.00	240.00	0.25	-11.99
4720.00	240.00	0.21	-12.13
4752.00	240.00	0.07	-12.16
4784.00	240.00	0.03	-12.10
4816.00	240.00	-0.04	-11.95
4848.00	240.00	-0.04	-11.87
4880.00	240.00	-0.08	-11.92
4912.00	240.00	-0.02	-11.98
4944.00	240.00	0.12	-11.99
4976.00	240.00	0.20	-12.01
5008.00	240.00	0.27	-12.00
5040.00	240.00	0.14	-11.93
5072.00	240.00	-0.02	-11.79
5104.00	240.00	-0.17	-11.66
5136.00	240.00	-0.17	-11.63
5168.00	240.00	0.06	-11.62
5200.00	240.00	0.16	-11.62
5232.00	240.00	0.17	-11.67
5264.00	240.00	0.12	-11.80
5296.00	240.00	0.19	-11.96
5328.00	240.00	0.25	-12.06
5360.00	240.00	0.26	-12.05
5392.00	240.00	0.28	-11.99
5424.00	240.00	0.35	-11.90
5456.00	240.00	0.43	-11.79
5488.00	240.00	0.40	-11.57
5520.00	240.00	0.31	-11.35
5552.00	240.00	0.07	-11.10
5584.00	240.00	-0.22	-10.90
5616.00	240.00	-0.28	-10.68
5648.00	240.00	-0.18	-10.48
5680.00	240.00	-0.16	-10.37
5712.00	240.00	-0.30	-10.25
5744.00	240.00	-0.33	-9.96
5776.00	240.00	-0.19	-9.63
5808.00	240.00	-0.13	-9.49
5840.00	240.00	-0.13	-9.62
5872.00	240.00	-0.02	-9.65
5904.00	240.00	0.21	-9.55
5936.00	240.00	0.29	-9.40
5968.00	240.00	0.25	-8.97
6000.00	240.00	0.30	-8.09
6032.00	240.00	0.42	-6.74
6064.00	240.00	0.45	-5.39
6096.00	240.00	0.33	-3.83
6128.00	240.00	0.23	-2.18
6160.00	240.00	0.22	-0.84
6192.00	240.00	0.28	-0.71
6224.00	240.00	0.33	-1.48
6256.00	240.00	0.26	-2.69
6288.00	240.00	0.03	-3.70
6320.00	240.00	-0.20	-4.90
6352.00	240.00	-0.16	-6.43
6384.00	240.00	0.10	-7.67
6416.00	240.00	0.37	-8.60
6448.00	240.00	0.62	-9.40
6480.00	240.00	0.92	-10.43
6512.00	240.00	0.51	-11.10
6544.00	240.00	-0.15	-12.05
6576.00	240.00	-0.91	-12.34
16.00	272.00	35.98	-2.73
48.00	272.00	34.40	-4.34
80.00	272.00	30.06	-10.44
112.00	272.00	18.69	-21.87
144.00	272.00	9.81	-24.80
176.00	272.00	1.25	-18.84
208.00	272.00	1.00	-14.67
240.00	272.00	-0.49	-14.19
272.00	272.00	0.13	-14.96
304.00	272.00	0.37	-14.87
336.00	272.00	0.50	-14.90
368.00	272.00	0.46	-14.99
400.00	272.00	0.37	-15.13
432.00	272.00	0.29	-15.21
464.00	272.00	0.30	-15.26
496.00	272.00	0.34	-15.38
528.00	272.00	0.31	-15.40
560.00	272.00	0.19	-15.33
592.00	272.00	0.11	-15.17
624.00	272.00	0.09	-15.11
656.00	272.00	0.18	-15.12
688.00	272.00	0.25	-15.12
720.00	272.00	0.30	-15.21
752.00	272.00	0.24	-15.32
784.00	272.00	0.15	-15.39
816.00	272.00	0.11	-15.38
848.00	272.00	0.13	-15.33
880.00	272.00	0.23	-15.30
912.00	272.00	0.27	-15.28
944.00	272.00	0.28	-15.25
976.00	272.00	0.25	-15.23
1008.00	272.00	0.24	-15.29
1040.00	272.00	0.23	-15.38
1072.00	272.00	0.19	-15.44
1104.00	272.00	0.18	-15.40
1136.00	272.00	0.16	-15.41
1168.00	272.00	0.10	-15.40
1200.00	272.00	0.08	-15.34
1232.00	272.00	0.14	-15.26
1264.00	272.00	0.20	-15.25
1296.00	272.00	0.25	-15.23
1328.00	272.00	0.25	-15.16
1360.00	272.00	0.24	-15.08
1392.00	272.00	0.23	-15.08
1424.00	272.00	0.22	-15.16
1456.00	272.00	0.27	-15.25
1488.00	272.00	0.23	-15.30
1520.00	272.00	0.22	-15.25
1552.00	272.00	0.26	-15.17
1584.00	272.00	0.37	-15.14
1616.00	272.00	0.42	-15.24
1648.00	272.00	0.51	-15.28
1680.00	272.00	0.49	-15.31
1712.00	272.00	0.48	-15.27
1744.00	272.00	0.39	-15.16
1776.00	272.00	0.35	-15.01
1808.00	272.00	0.37	-14.92
1840.00	272.00	0.40	-15.04
1872.00	272.00	0.47	-15.19
1904.00	272.00	0.58	-15.24
1936.00	272.00	0.76	-15.12
1968.00	272.00	0.97	-15.01
2000.00	272.00	1.06	-14.93
2032.00	272.00	1.03	-14.91
2064.00	272.00	0.94	-14.88
2096.00	272.00	0.89	-14.91
2128.00	272.00	0.92	-14.95
2160.00	272.00	0.93	-14.86
2192.00	272.00	0.94	-14.68
2224.00	272.00	0.96	-14.52
2256.00	272.00	1.02	-14.48
2288.00	272.00	0.98	-14.53
2320.00	272.00	0.88	-14.57
2352.00	272.00	0.89	-14.56
2384.00	272.00	1.06	-14.46
2416.00	272.00	1.24	-14.36
2448.00	272.00	1.06	-14.39
2480.00	272.00	0.81	-14.39
2512.00	272.00	0.62	-14.46
2544.00	272.00	0.61	-14.45
2576.00	272.00	0.56	-14.37
2608.00	272.00	0.57	-14.15
2640.00	272.00	0.67	-13.97
2672.00	272.00	0.75	-13.96
2704.00	272.00	0.65	-14.08
2736.00	272.00	0.46	-14.15
2768.00	272.00	0.45	-14.13
2800.00	272.00	0.47	-14.06
2832.00	272.00	0.44	-13.99
2864.00	272.00	0.39	-14.02
2896.00	272.00	0.34	-13.96
2928.00	272.00	0.44	-13.84
2960.00	272.00	0.52	-13.65
2992.00	272.00	0.66	-13.47
3024.00	272.00	0.66	-13.33
3056.00	272.00	0.51	-13.35
3088.00	272.00	0.44	-13.44
3120.00	272.00	0.43	-13.49
3152.00	272.00	0.44	-13.33
3184.00	272.00	0.41	-13.17
3216.00	272.00	0.57	-13.13
3248.00	272.00	0.82	-13.22
3280.00	272.00	0.93	-13.28
3312.00	272.00	0.79	-13.32
3344.00	272.00	0.63	-13.44
3376.00	272.00	0.56	-13.59
3408.00	272.00	0.63	-13.68
3440.00	272.00	0.65	-13.63
3472.00	272.00	0.67	-13.62
3504.00	272.00	0.63	-13.57
3536.00	272.00	0.70	-13.46
3568.00	272.00	0.94	-13.39
3600.00	272.00	1.22	-13.27
3632.00	272.00	1.34	-13.16
3664.00	272.00	1.15	-13.01
3696.00	272.00	0.79	-12.87
3728.00	272.00	0.57	-12.65
3760.00	272.00	0.53	-12.32
3792.00	272.00	0.63	-12.09
3824.00	272.00	0.59	-12.09
3856.00	272.00	0.47	-12.17
3888.00	272.00	0.28	-12.26
3920.00	272.00	0.15	-12.27
3952.00	272.00	0.01	-12.08
3984.00	272.00	-0.12	-11.69
4016.00	272.00	-0.30	-11.23
4048.00	272.00	-0.53	-10.81
4080.00	272.00	-0.62	-10.52
4112.00	272.00	-0.59	-10.35
4144.00	272.00	-0.51	-10.42
4176.00	272.00	-0.62	-10.68
4208.00	272.00	-0.56	-11.03
4240.00	272.00	-0.37	-11.28
4272.00	272.00	-0.17	-11.33
4304.00	272.00	-0.23	-11.42
4336.00	272.00	-0.36	-11.61
4368.00	272.00	-0.35	-11.93
4400.00	272.00	-0.30	-12.12
4432.00	272.00	-0.34	-12.22
4464.00	272.00	-0.35	-12.19
4496.00	272.00	-0.25	-12.12
4528.00	272.00	-0.13	-12.12
4560.00	272.00	-0.03	-12.10
4592.00	272.00	0.02	-12.02
4624.00	272.00	0.12	-11.96
4656.00	272.00	0.22	-12.01
4688.00	272.00	0.24	-12.04
4720.00	272.00	0.26	-12.12
4752.00	272.00	0.22	-12.13
4784.00	272.00	0.14	-12.12
4816.00	272.00	-0.01	-12.01
4848.00	272.00	-0.12	-11.94
4880.00	272.00	-0.19	-11.93
4912.00	272.00	-0.11	-11.96
4944.00	272.00	0.09	-11.99
4976.00	272.00	0.24	-12.01
5008.00	272.00	0.41	-12.00
5040.00	272.00	0.32	-11.92
5072.00	272.00	0.19	-11.79
5104.00	272.00	-0.01	-11.70
5136.00	272.00	-0.02	-11.65
5168.00	272.00	0.21	-11.64
5200.00	272.00	0.26	-11.63
5232.00	272.00	0.15	-11.67
5264.00	272.00	0.01	-11.77
5296.00	272.00	0.05	-11.89
5328.00	272.00	0.15	-11.98
5360.00	272.00	0.24	-11.94
5392.00	272.00	0.32	-11.90
5424.00	272.00	0.44	-11.95
5456.00	272.00	0.54	-11.96
5488.00	272.00	0.51	-11.69
5520.00	272.00	0.43	-11.25
5552.00	272.00	0.22	-10.93
5584.00	272.00	-0.04	-10.79
5616.00	272.00	-0.04	-10.75
5648.00	272.00	0.00	-10.56
5680.00	272.00	-0.06	-10.36
5712.00	272.00	-0.30	-10.07
5744.00	272.00	-0.40	-9.73
5776.00	272.00	-0.30	-9.49
5808.00	272.00	-0.30	-9.45
5840.00	272.00	-0.26	-9.67
5872.00	272.00	-0.04	-9.80
5904.00	272.00	0.25	-9.79
5936.00	272.00	0.36	-9.69
5968.00	272.00	0.33	-9.24
6000.00	272.00	0.35	-8.32
6032.00	272.00	0.39	-6.98
6064.00	272.00	0.34	-5.54
6096.00	272.00	0.23	-4.01
6128.00	272.00	0.20	-2.32
6160.00	272.00	0.29	-1.00
6192.00	272.00	0.41	-0.77
6224.00	272.00	0.47	-1.65
6256.00	272.00	0.34	-2.90
6288.00	272.00	0.04	-4.11
6320.00	272.00	-0.25	-5.49
6352.00	272.00	-0.15	-7.27
6384.00	272.00	0.18	-8.31
6416.00	272.00	0.41	-8.90
6448.00	272.00	0.49	-9.18
6480.00	272.00	0.62	-9.55
6512.00	272.00	0.17	-9.42
6544.00	272.00	-0.36	-9.72
6576.00	272.00	-1.04	-9.78
16.00	304.00	29.80	-4.07
48.00	304.00	31.36	-5.23
80.00	304.00	24.88	-11.13
112.00	304.00	13.97	-20.91
144.00	304.00	3.63	-23.87
176.00	304.00	0.08	-19.08
208.00	304.00	1.47	-15.40
240.00	304.00	0.44	-14.97
272.00	304.00	0.31	-15.09
304.00	304.00	0.51	-15.10
336.00	304.00	0.58	-15.12
368.00	304.00	0.47	-15.15
400.00	304.00	0.30	-15.20
432.00	304.00	0.23	-15.24
464.00	304.00	0.34	-15.28
496.00	304.00	0.32	-15.39
528.00	304.00	0.25	-15.40
560.00	304.00	0.10	-15.31
592.00	304.00	0.07	-15.10
624.00	304.00	0.03	-14.99
656.00	304.00	0.10	-14.95
688.00	304.00	0.19	-14.99
720.00	304.00	0.31	-15.10
752.00	304.00	0.30	-15.23
784.00	304.00	0.22	-15.29
816.00	304.00	0.16	-15.28
848.00	304.00	0.17	-15.24
880.00	304.00	0.29	-15.23
912.00	304.00	0.33	-15.21
944.00	304.00	0.35	-15.17
976.00	304.00	0.27	-15.17
1008.00	304.00	0.17	-15.24
1040.00	304.00	0.12	-15.32
1072.00	304.00	0.12	-15.34
1104.00	304.00	0.18	-15.31
1136.00	304.00	0.15	-15.37
1168.00	304.00	0.06	-15.39
1200.00	304.00	-0.00	-15.32
1232.00	304.00	0.06	-15.22
1264.00	304.00	0.12	-15.24
1296.00	304.00	0.17	-15.26
1328.00	304.00	0.21	-15.23
1360.00	304.00	0.22	-15.18
1392.00	304.00	0.24	-15.18
1424.00	304.00	0.26	-15.18
1456.00	304.00	0.29	-15.19
1488.00	304.00	0.23	-15.22
1520.00	304.00	0.19	-15.23
1552.00	304.00	0.23	-15.20
1584.00	304.00	0.29	-15.21
1616.00	304.00	0.28	-15.31
1648.00	304.00	0.34	-15.36
1680.00	304.00	0.39	-15.35
1712.00	304.00	0.44	-15.30
1744.00	304.00	0.44	-15.23
1776.00	304.00	0.49	-15.10
1808.00	304.00	0.58	-15.02
1840.00	304.00	0.61	-15.08
1872.00	304.00	0.66	-15.18
1904.00	304.00	0.78	-15.19
1936.00	304.00	0.92	-15.08
1968.00	304.00	1.05	-14.99
2000.00	304.00	1.07	-14.95
2032.00	304.00	1.03	-14.96
2064.00	304.00	0.99	-14.96
2096.00	304.00	1.00	-14.97
2128.00	304.00	1.04	-14.94
2160.00	304.00	0.99	-14.81
2192.00	304.00	0.91	-14.64
2224.00	304.00	0.89	-14.57
2256.00	304.00	0.90	-14.59
2288.00	304.00	0.89	-14.61
2320.00	304.00	0.84	-14.55
2352.00	304.00	0.88	-14.46
2384.00	304.00	1.03	-14.36
2416.00	304.00	1.18	-14.29
2448.00	304.00	1.09	-14.35
2480.00	304.00	0.88	-14.35
2512.00	304.00	0.68	-14.41
2544.00	304.00	0.63	-14.38
2576.00	304.00	0.56	-14.29
2608.00	304.00	0.58	-14.06
2640.00	304.00	0.65	-13.88
2672.00	304.00	0.73	-13.86
2704.00	304.00	0.65	-13.98
2736.00	304.00	0.50	-14.08
2768.00	304.00	0.44	-14.14
2800.00	304.00	0.40	-14.09
2832.00	304.00	0.40	-14.00
2864.00	304.00	0.39	-13.99
2896.00	304.00	0.39	-13.95
2928.00	304.00	0.41	-13.92
2960.00	304.00	0.42	-13.78
2992.00	304.00	0.45	-13.56
3024.00	304.00	0.47	-13.32
3056.00	304.00	0.44	-13.24
3088.00	304.00	0.44	-13.30
3120.00	304.00	0.42	-13.38
3152.00	304.00	0.42	-13.27
3184.00	304.00	0.45	-13.16
3216.00	304.00	0.67	-13.18
3248.00	304.00	0.91	-13.31
3280.00	304.00	0.91	-13.34
3312.00	304.00	0.82	-13.33
3344.00	304.00	0.69	-13.37
3376.00	304.00	0.78	-13.53
3408.00	304.00	0.77	-13.64
3440.00	304.00	0.78	-13.71
3472.00	304.00	0.73	-13.75
3504.00	304.00	0.69	-13.74
3536.00	304.00	0.70	-13.70
3568.00	304.00	0.78	-13.61
3600.00	304.00	0.95	-13.43
3632.00	304.00	1.02	-13.15
3664.00	304.00	0.82	-12.88
3696.00	304.00	0.50	-12.63
3728.00	304.00	0.28	-12.42
3760.00	304.00	0.24	-12.23
3792.00	304.00	0.29	-12.13
3824.00	304.00	0.28	-12.16
3856.00	304.00	0.24	-12.13
3888.00	304.00	0.12	-12.12
3920.00	304.00	0.04	-12.05
3952.00	304.00	-0.05	-11.81
3984.00	304.00	-0.18	-11.45
4016.00	304.00	-0.37	-11.12
4048.00	304.00	-0.67	-10.86
4080.00	304.00	-0.82	-10.63
4112.00	304.00	-0.78	-10.44
4144.00	304.00	-0.60	-10.55
4176.00	304.00	-0.58	-10.92
4208.00	304.00	-0.54	-11.30
4240.00	304.00	-0.41	-11.46
4272.00	304.00	-0.24	-11.44
4304.00	304.00	-0.28	-11.48
4336.00	304.00	-0.41	-11.70
4368.00	304.00	-0.43	-12.04
4400.00	304.00	-0.36	-12.23
4432.00	304.00	-0.34	-12.30
4464.00	304.00	-0.35	-12.26
4496.00	304.00	-0.28	-12.25
4528.00	304.00	-0.14	-12.30
4560.00	304.00	0.02	-12.29
4592.00	304.00	0.13	-12.19
4624.00	304.00	0.17	-12.12
4656.00	304.00	0.16	-12.13
4688.00	304.00	0.14	-12.08
4720.00	304.00	0.17	-12.00
4752.00	304.00	0.17	-11.91
4784.00	304.00	0.05	-11.89
4816.00	304.00	-0.10	-11.89
4848.00	304.00	-0.13	-11.89
4880.00	304.00	-0.14	-11.91
4912.00	304.00	-0.08	-11.93
4944.00	304.00	-0.01	-11.95
4976.00	304.00	0.22	-11.96
5008.00	304.00	0.48	-11.96
5040.00	304.00	0.53	-11.93
5072.00	304.00	0.41	-11.84
5104.00	304.00	0.21	-11.74
5136.00	304.00	0.20	-11.64
5168.00	304.00	0.30	-11.62
5200.00	304.00	0.25	-11.65
5232.00	304.00	0.13	-11.71
5264.00	304.00	0.05	-11.75
5296.00	304.00	0.14	-11.73
5328.00	304.00	0.19	-11.74
5360.00	304.00	0.24	-11.73
5392.00	304.00	0.31	-11.79
5424.00	304.00	0.50	-11.83
5456.00	304.00	0.68	-11.80
5488.00	304.00	0.71	-11.49
5520.00	304.00	0.70	-11.06
5552.00	304.00	0.60	-10.81
5584.00	304.00	0.47	-10.68
5616.00	304.00	0.46	-10.70
5648.00	304.00	0.37	-10.46
5680.00	304.00	0.15	-10.17
5712.00	304.00	-0.18	-9.82
5744.00	304.00	-0.35	-9.53
5776.00	304.00	-0.34	-9.42
5808.00	304.00	-0.35	-9.39
5840.00	304.00	-0.27	-9.60
5872.00	304.00	0.01	-9.79
5904.00	304.00	0.32	-9.93
5936.00	304.00	0.42	-9.87
5968.00	304.00	0.39	-9.43
6000.00	304.00	0.34	-8.63
6032.00	304.00	0.38	-7.29
6064.00	304.00	0.31	-5.70
6096.00	304.00	0.25	-3.97
6128.00	304.00	0.21	-2.19
6160.00	304.00	0.32	-0.90
6192.00	304.00	0.46	-0.65
6224.00	304.00	0.49	-1.64
6256.00	304.00	0.36	-3.08
6288.00	304.00	0.07	-4.53
6320.00	304.00	-0.14	-6.14
6352.00	304.00	0.02	-7.94
6384.00	304.00	0.26	-8.87
6416.00	304.00	0.37	-9.17
6448.00	304.00	0.32	-9.22
6480.00	304.00	0.23	-9.22
6512.00	304.00	-0.38	-8.79
6544.00	304.00	-0.96	-8.27
6576.00	304.00	-1.52	-8.03
16.00	336.00	23.35	-12.65
48.00	336.00	23.76	-11.09
80.00	336.00	20.05	-14.26
112.00	336.00	10.64	-17.87
144.00	336.00	3.65	-20.18
176.00	336.00	0.77	-16.58
208.00	336.00	1.50	-15.10
240.00	336.00	0.43	-15.21
272.00	336.00	0.40	-15.19
304.00	336.00	0.51	-15.19
336.00	336.00	0.51	-15.21
368.00	336.00	0.36	-15.21
400.00	336.00	0.20	-15.22
432.00	336.00	0.21	-15.26
464.00	336.00	0.37	-15.31
496.00	336.00	0.37	-15.40
528.00	336.00	0.29	-15.35
560.00	336.00	0.13	-15.22
592.00	336.00	0.08	-15.06
624.00	336.00	0.03	-14.96
656.00	336.00	0.08	-14.93
688.00	336.00	0.19	-14.93
720.00	336.00	0.33	-14.99
752.00	336.00	0.35	-15.11
784.00	336.00	0.26	-15.19
816.00	336.00	0.21	-15.22
848.00	336.00	0.25	-15.21
880.00	336.00	0.36	-15.22
912.00	336.00	0.39	-15.20
944.00	336.00	0.37	-15.15
976.00	336.00	0.26	-15.16
1008.00	336.00	0.13	-15.22
1040.00	336.00	0.10	-15.30
1072.00	336.00	0.18	-15.30
1104.00	336.00	0.26	-15.23
1136.00	336.00	0.17	-15.21
1168.00	336.00	0.05	-15.23
1200.00	336.00	0.01	-15.22
1232.00	336.00	0.10	-15.17
1264.00	336.00	0.17	-15.19
1296.00	336.00	0.18	-15.25
1328.00	336.00	0.17	-15.30
1360.00	336.00	0.20	-15.33
1392.00	336.00	0.29	-15.34
1424.00	336.00	0.36	-15.31
1456.00	336.00	0.38	-15.23
1488.00	336.00	0.30	-15.21
1520.00	336.00	0.21	-15.20
1552.00	336.00	0.22	-15.16
1584.00	336.00	0.22	-15.16
1616.00	336.00	0.19	-15.27
1648.00	336.00	0.17	-15.35
1680.00	336.00	0.20	-15.36
1712.00	336.00	0.33	-15.31
1744.00	336.00	0.46	-15.29
1776.00	336.00	0.62	-15.23
1808.00	336.00	0.79	-15.19
1840.00	336.00	0.81	-15.18
1872.00	336.00	0.82	-15.22
1904.00	336.00	0.91	-15.23
1936.00	336.00	0.96	-15.19
1968.00	336.00	0.99	-15.13
2000.00	336.00	0.94	-15.09
2032.00	336.00	0.99	-15.07
2064.00	336.00	1.01	-15.05
2096.00	336.00	1.00	-14.98
2128.00	336.00	1.00	-14.87
2160.00	336.00	0.95	-14.72
2192.00	336.00	0.88	-14.61
2224.00	336.00	0.87	-14.59
2256.00	336.00	0.90	-14.61
2288.00	336.00	0.93	-14.57
2320.00	336.00	0.90	-14.42
2352.00	336.00	0.89	-14.28
2384.00	336.00	0.98	-14.17
2416.00	336.00	1.08	-14.15
2448.00	336.00	1.09	-14.25
2480.00	336.00	0.94	-14.30
2512.00	336.00	0.77	-14.36
2544.00	336.00	0.71	-14.33
2576.00	336.00	0.63	-14.24
2608.00	336.00	0.65	-14.04
2640.00	336.00	0.65	-13.86
2672.00	336.00	0.68	-13.79
2704.00	336.00	0.65	-13.84
2736.00	336.00	0.56	-13.90
2768.00	336.00	0.49	-14.00
2800.00	336.00	0.39	-14.03
2832.00	336.00	0.34	-13.97
2864.00	336.00	0.35	-13.91
2896.00	336.00	0.37	-13.87
2928.00	336.00	0.37	-13.88
2960.00	336.00	0.29	-13.82
2992.00	336.00	0.21	-13.62
3024.00	336.00	0.25	-13.32
3056.00	336.00	0.32	-13.16
3088.00	336.00	0.42	-13.18
3120.00	336.00	0.42	-13.23
3152.00	336.00	0.42	-13.18
3184.00	336.00	0.44	-13.12
3216.00	336.00	0.60	-13.15
3248.00	336.00	0.72	-13.27
3280.00	336.00	0.68	-13.28
3312.00	336.00	0.72	-13.31
3344.00	336.00	0.77	-13.35
3376.00	336.00	1.04	-13.50
3408.00	336.00	1.01	-13.66
3440.00	336.00	0.86	-13.81
3472.00	336.00	0.69	-13.87
3504.00	336.00	0.63	-13.83
3536.00	336.00	0.66	-13.81
3568.00	336.00	0.67	-13.73
3600.00	336.00	0.69	-13.51
3632.00	336.00	0.68	-13.13
3664.00	336.00	0.47	-12.78
3696.00	336.00	0.17	-12.48
3728.00	336.00	-0.07	-12.22
3760.00	336.00	-0.13	-12.09
3792.00	336.00	-0.10	-12.05
3824.00	336.00	-0.10	-12.10
3856.00	336.00	-0.09	-12.07
3888.00	336.00	-0.09	-12.12
3920.00	336.00	-0.12	-12.12
3952.00	336.00	-0.20	-11.84
3984.00	336.00	-0.34	-11.40
4016.00	336.00	-0.52	-11.01
4048.00	336.00	-0.80	-10.78
4080.00	336.00	-1.01	-10.59
4112.00	336.00	-0.94	-10.46
4144.00	336.00	-0.67	-10.61
4176.00	336.00	-0.53	-11.03
4208.00	336.00	-0.56	-11.40
4240.00	336.00	-0.54	-11.62
4272.00	336.00	-0.35	-11.69
4304.00	336.00	-0.26	-11.76
4336.00	336.00	-0.34	-11.92
4368.00	336.00	-0.45	-12.06
4400.00	336.00	-0.41	-12.19
4432.00	336.00	-0.32	-12.25
4464.00	336.00	-0.28	-12.30
4496.00	336.00	-0.25	-12.35
4528.00	336.00	-0.11	-12.45
4560.00	336.00	0.08	-12.52
4592.00	336.00	0.23	-12.47
4624.00	336.00	0.23	-12.29
4656.00	336.00	0.15	-12.13
4688.00	336.00	0.06	-11.96
4720.00	336.00	0.04	-11.81
4752.00	336.00	0.03	-11.68
4784.00	336.00	-0.10	-11.66
4816.00	336.00	-0.24	-11.70
4848.00	336.00	-0.21	-11.77
4880.00	336.00	-0.08	-11.86
4912.00	336.00	0.07	-12.00
4944.00	336.00	0.01	-12.01
4976.00	336.00	0.18	-11.97
5008.00	336.00	0.35	-11.91
5040.00	336.00	0.50	-11.96
5072.00	336.00	0.45	-11.93
5104.00	336.00	0.36	-11.85
5136.00	336.00	0.37	-11.68
5168.00	336.00	0.33	-11.59
5200.00	336.00	0.24	-11.59
5232.00	336.00	0.14	-11.68
5264.00	336.00	0.17	-11.73
5296.00	336.00	0.24	-11.67
5328.00	336.00	0.21	-11.66
5360.00	336.00	0.12	-11.75
5392.00	336.00	0.12	-11.91
5424.00	336.00	0.36	-11.83
5456.00	336.00	0.70	-11.53
5488.00	336.00	0.85	-11.06
5520.00	336.00	0.91	-10.68
5552.00	336.00	0.83	-10.50
5584.00	336.00	0.69	-10.36
5616.00	336.00	0.58	-10.37
5648.00	336.00	0.35	-10.17
5680.00	336.00	0.09	-9.95
5712.00	336.00	-0.22	-9.69
5744.00	336.00	-0.34	-9.51
5776.00	336.00	-0.31	-9.45
5808.00	336.00	-0.33	-9.39
5840.00	336.00	-0.21	-9.57
5872.00	336.00	0.08	-9.79
5904.00	336.00	0.37	-9.91
5936.00	336.00	0.47	-9.88
5968.00	336.00	0.40	-9.49
6000.00	336.00	0.35	-8.70
6032.00	336.00	0.41	-7.28
6064.00	336.00	0.41	-5.48
6096.00	336.00	0.38	-3.73
6128.00	336.00	0.28	-1.99
6160.00	336.00	0.26	-0.81
6192.00	336.00	0.34	-0.50
6224.00	336.00	0.38	-1.48
6256.00	336.00	0.36	-3.03
6288.00	336.00	0.23	-4.69
6320.00	336.00	0.22	-6.58
6352.00	336.00	0.31	-8.42
6384.00	336.00	0.35	-9.38
6416.00	336.00	0.28	-9.51
6448.00	336.00	0.23	-9.48
6480.00	336.00	0.16	-9.49
6512.00	336.00	-0.32	-9.47
6544.00	336.00	-0.71	-9.17
6576.00	336.00	-1.08	-9.15
16.00	368.00	19.48	-19.62
48.00	368.00	18.72	-17.21
80.00	368.00	12.96	-16.85
112.00	368.00	6.19	-15.78
144.00	368.00	1.01	-16.88
176.00	368.00	1.35	-15.92
208.00	368.00	0.77	-15.56
240.00	368.00	0.36	-15.44
272.00	368.00	0.36	-15.30
304.00	368.00	0.41	-15.23
336.00	368.00	0.37	-15.20
368.00	368.00	0.25	-15.19
400.00	368.00	0.15	-15.21
432.00	368.00	0.18	-15.28
464.00	368.00	0.34	-15.34
496.00	368.00	0.39	-15.39
528.00	368.00	0.38	-15.35
560.00	368.00	0.30	-15.26
592.00	368.00	0.22	-15.18
624.00	368.00	0.16	-15.10
656.00	368.00	0.16	-15.07
688.00	368.00	0.23	-14.99
720.00	368.00	0.32	-14.99
752.00	368.00	0.32	-15.08
784.00	368.00	0.25	-15.18
816.00	368.00	0.23	-15.23
848.00	368.00	0.31	-15.23
880.00	368.00	0.40	-15.24
912.00	368.00	0.38	-15.24
944.00	368.00	0.32	-15.24
976.00	368.00	0.25	-15.25
1008.00	368.00	0.18	-15.26
1040.00	368.00	0.20	-15.30
1072.00	368.00	0.29	-15.29
1104.00	368.00	0.34	-15.18
1136.00	368.00	0.20	-15.08
1168.00	368.00	0.05	-15.10
1200.00	368.00	0.02	-15.17
1232.00	368.00	0.11	-15.16
1264.00	368.00	0.20	-15.16
1296.00	368.00	0.20	-15.20
1328.00	368.00	0.17	-15.25
1360.00	368.00	0.19	-15.31
1392.00	368.00	0.35	-15.34
1424.00	368.00	0.40	-15.35
1456.00	368.00	0.42	-15.29
1488.00	368.00	0.33	-15.28
1520.00	368.00	0.30	-15.25
1552.00	368.00	0.28	-15.16
1584.00	368.00	0.22	-15.11
1616.00	368.00	0.15	-15.19
1648.00	368.00	0.08	-15.36
1680.00	368.00	0.08	-15.44
1712.00	368.00	0.21	-15.43
1744.00	368.00	0.43	-15.41
1776.00	368.00	0.64	-15.41
1808.00	368.00	0.84	-15.44
1840.00	368.00	0.84	-15.40
1872.00	368.00	0.83	-15.35
1904.00	368.00	0.89	-15.31
1936.00	368.00	0.92	-15.29
1968.00	368.00	0.92	-15.23
2000.00	368.00	0.88	-15.17
2032.00	368.00	1.00	-15.15
2064.00	368.00	1.06	-15.09
2096.00	368.00	1.00	-14.95
2128.00	368.00	0.96	-14.74
2160.00	368.00	0.96	-14.58
2192.00	368.00	0.96	-14.54
2224.00	368.00	0.92	-14.59
2256.00	368.00	0.91	-14.64
2288.00	368.00	0.93	-14.60
2320.00	368.00	0.92	-14.39
2352.00	368.00	0.88	-14.16
2384.00	368.00	0.94	-14.00
2416.00	368.00	1.01	-14.00
2448.00	368.00	1.08	-14.12
2480.00	368.00	1.00	-14.26
2512.00	368.00	0.92	-14.35
2544.00	368.00	0.84	-14.37
2576.00	368.00	0.76	-14.31
2608.00	368.00	0.69	-14.19
2640.00	368.00	0.65	-14.02
2672.00	368.00	0.66	-13.84
2704.00	368.00	0.75	-13.78
2736.00	368.00	0.73	-13.80
2768.00	368.00	0.65	-13.91
2800.00	368.00	0.51	-13.95
2832.00	368.00	0.43	-13.92
2864.00	368.00	0.41	-13.87
2896.00	368.00	0.39	-13.82
2928.00	368.00	0.34	-13.81
2960.00	368.00	0.25	-13.78
2992.00	368.00	0.14	-13.60
3024.00	368.00	0.18	-13.34
3056.00	368.00	0.28	-13.16
3088.00	368.00	0.42	-13.16
3120.00	368.00	0.42	-13.15
3152.00	368.00	0.36	-13.08
3184.00	368.00	0.34	-13.05
3216.00	368.00	0.41	-13.07
3248.00	368.00	0.50	-13.18
3280.00	368.00	0.46	-13.25
3312.00	368.00	0.56	-13.36
3344.00	368.00	0.69	-13.44
3376.00	368.00	1.06	-13.56
3408.00	368.00	1.12	-13.70
3440.00	368.00	0.97	-13.81
3472.00	368.00	0.71	-13.84
3504.00	368.00	0.64	-13.84
3536.00	368.00	0.77	-13.87
3568.00	368.00	0.78	-13.82
3600.00	368.00	0.56	-13.53
3632.00	368.00	0.29	-13.11
3664.00	368.00	0.05	-12.69
3696.00	368.00	-0.12	-12.41
3728.00	368.00	-0.26	-12.16
3760.00	368.00	-0.30	-12.04
3792.00	368.00	-0.29	-11.95
3824.00	368.00	-0.34	-11.93
3856.00	368.00	-0.38	-11.89
3888.00	368.00	-0.32	-12.05
3920.00	368.00	-0.32	-12.12
3952.00	368.00	-0.44	-11.85
3984.00	368.00	-0.64	-11.35
4016.00	368.00	-0.77	-10.91
4048.00	368.00	-0.97	-10.71
4080.00	368.00	-1.12	-10.62
4112.00	368.00	-0.98	-10.59
4144.00	368.00	-0.68	-10.73
4176.00	368.00	-0.53	-11.04
4208.00	368.00	-0.68	-11.41
4240.00	368.00	-0.67	-11.78
4272.00	368.00	-0.41	-12.02
4304.00	368.00	-0.20	-12.11
4336.00	368.00	-0.23	-12.14
4368.00	368.00	-0.36	-12.13
4400.00	368.00	-0.33	-12.22
4432.00	368.00	-0.20	-12.35
4464.00	368.00	-0.13	-12.44
4496.00	368.00	-0.12	-12.46
4528.00	368.00	-0.02	-12.50
4560.00	368.00	0.14	-12.59
4592.00	368.00	0.29	-12.55
4624.00	368.00	0.30	-12.29
4656.00	368.00	0.18	-11.99
4688.00	368.00	0.06	-11.74
4720.00	368.00	-0.01	-11.59
4752.00	368.00	-0.03	-11.50
4784.00	368.00	-0.14	-11.50
4816.00	368.00	-0.28	-11.53
4848.00	368.00	-0.22	-11.61
4880.00	368.00	-0.00	-11.79
4912.00	368.00	0.23	-12.04
4944.00	368.00	0.15	-12.03
4976.00	368.00	0.22	-11.93
5008.00	368.00	0.28	-11.82
5040.00	368.00	0.38	-11.89
5072.00	368.00	0.33	-11.91
5104.00	368.00	0.31	-11.88
5136.00	368.00	0.37	-11.76
5168.00	368.00	0.39	-11.61
5200.00	368.00	0.32	-11.54
5232.00	368.00	0.27	-11.60
5264.00	368.00	0.26	-11.69
5296.00	368.00	0.33	-11.69
5328.00	368.00	0.29	-11.75
5360.00	368.00	0.12	-11.91
5392.00	368.00	0.06	-12.13
5424.00	368.00	0.27	-11.93
5456.00	368.00	0.45	-11.40
5488.00	368.00	0.53	-10.75
5520.00	368.00	0.55	-10.39
5552.00	368.00	0.60	-10.16
5584.00	368.00	0.55	-9.98
5616.00	368.00	0.41	-9.87
5648.00	368.00	0.13	-9.74
5680.00	368.00	-0.14	-9.71
5712.00	368.00	-0.33	-9.68
5744.00	368.00	-0.33	-9.60
5776.00	368.00	-0.27	-9.43
5808.00	368.00	-0.27	-9.27
5840.00	368.00	-0.14	-9.44
5872.00	368.00	0.11	-9.69
5904.00	368.00	0.33	-9.80
5936.00	368.00	0.43	-9.80
5968.00	368.00	0.37	-9.51
6000.00	368.00	0.32	-8.71
6032.00	368.00	0.37	-7.22
6064.00	368.00	0.42	-5.33
6096.00	368.00	0.37	-3.61
6128.00	368.00	0.27	-1.94
6160.00	368.00	0.19	-0.74
6192.00	368.00	0.26	-0.39
6224.00	368.00	0.27	-1.14
6256.00	368.00	0.30	-2.58
6288.00	368.00	0.34	-4.24
6320.00	368.00	0.48	-6.33
6352.00	368.00	0.44	-8.26
6384.00	368.00	0.34	-9.31
6416.00	368.00	0.19	-9.55
6448.00	368.00	0.34	-9.54
6480.00	368.00	0.16	-9.86
6512.00	368.00	-0.41	-9.92
6544.00	368.00	-1.04	-9.68
6576.00	368.00	-1.35	-9.44
16.00	400.00	17.43	-23.26
48.00	400.00	14.73	-20.11
80.00	400.00	11.58	-17.66
112.00	400.00	5.09	-15.22
144.00	400.00	2.28	-15.62
176.00	400.00	0.68	-15.16
208.00	400.00	0.48	-15.42
240.00	400.00	0.31	-15.53
272.00	400.00	0.34	-15.38
304.00	400.00	0.33	-15.25
336.00	400.00	0.28	-15.21
368.00	400.00	0.22	-15.18
400.00	400.00	0.15	-15.25
432.00	400.00	0.15	-15.38
464.00	400.00	0.25	-15.42
496.00	400.00	0.35	-15.41
528.00	400.00	0.41	-15.37
560.00	400.00	0.39	-15.37
592.00	400.00	0.30	-15.36
624.00	400.00	0.24	-15.31
656.00	400.00	0.20	-15.28
688.00	400.00	0.27	-15.16
720.00	400.00	0.32	-15.08
752.00	400.00	0.31	-15.08
784.00	400.00	0.26	-15.16
816.00	400.00	0.28	-15.22
848.00	400.00	0.35	-15.25
880.00	400.00	0.36	-15.27
912.00	400.00	0.31	-15.26
944.00	400.00	0.24	-15.22
976.00	400.00	0.22	-15.23
1008.00	400.00	0.21	-15.26
1040.00	400.00	0.25	-15.33
1072.00	400.00	0.35	-15.32
1104.00	400.00	0.37	-15.24
1136.00	400.00	0.27	-15.16
1168.00	400.00	0.14	-15.17
1200.00	400.00	0.10	-15.20
1232.00	400.00	0.14	-15.17
1264.00	400.00	0.23	-15.15
1296.00	400.00	0.25	-15.21
1328.00	400.00	0.22	-15.26
1360.00	400.00	0.19	-15.29
1392.00	400.00	0.35	-15.26
1424.00	400.00	0.42	-15.27
1456.00	400.00	0.45	-15.24
1488.00	400.00	0.39	-15.32
1520.00	400.00	0.38	-15.34
1552.00	400.00	0.31	-15.26
1584.00	400.00	0.19	-15.16
1616.00	400.00	0.14	-15.20
1648.00	400.00	0.15	-15.37
1680.00	400.00	0.14	-15.50
1712.00	400.00	0.20	-15.56
1744.00	400.00	0.33	-15.58
1776.00	400.00	0.51	-15.57
1808.00	400.00	0.68	-15.57
1840.00	400.00	0.67	-15.46
1872.00	400.00	0.65	-15.39
1904.00	400.00	0.70	-15.29
1936.00	400.00	0.78	-15.22
1968.00	400.00	0.85	-15.10
2000.00	400.00	0.90	-15.04
2032.00	400.00	1.05	-15.07
2064.00	400.00	1.08	-15.05
2096.00	400.00	0.98	-14.93
2128.00	400.00	0.90	-14.70
2160.00	400.00	0.94	-14.52
2192.00	400.00	1.03	-14.43
2224.00	400.00	1.05	-14.43
2256.00	400.00	1.03	-14.50
2288.00	400.00	1.02	-14.52
2320.00	400.00	0.97	-14.36
2352.00	400.00	0.99	-14.05
2384.00	400.00	1.04	-13.82
2416.00	400.00	1.09	-13.81
2448.00	400.00	1.07	-14.05
2480.00	400.00	1.03	-14.25
2512.00	400.00	1.02	-14.34
2544.00	400.00	0.99	-14.38
2576.00	400.00	0.88	-14.36
2608.00	400.00	0.74	-14.25
2640.00	400.00	0.68	-14.08
2672.00	400.00	0.74	-13.90
2704.00	400.00	0.88	-13.84
2736.00	400.00	0.90	-13.83
2768.00	400.00	0.77	-13.86
2800.00	400.00	0.59	-13.86
2832.00	400.00	0.50	-13.87
2864.00	400.00	0.48	-13.89
2896.00	400.00	0.41	-13.86
2928.00	400.00	0.32	-13.78
2960.00	400.00	0.22	-13.68
2992.00	400.00	0.17	-13.54
3024.00	400.00	0.24	-13.40
3056.00	400.00	0.39	-13.31
3088.00	400.00	0.52	-13.30
3120.00	400.00	0.49	-13.20
3152.00	400.00	0.33	-13.05
3184.00	400.00	0.20	-12.95
3216.00	400.00	0.26	-12.91
3248.00	400.00	0.37	-13.00
3280.00	400.00	0.42	-13.12
3312.00	400.00	0.46	-13.32
3344.00	400.00	0.57	-13.48
3376.00	400.00	0.85	-13.59
3408.00	400.00	1.06	-13.70
3440.00	400.00	1.01	-13.75
3472.00	400.00	0.79	-13.75
3504.00	400.00	0.71	-13.77
3536.00	400.00	0.89	-13.79
3568.00	400.00	0.90	-13.70
3600.00	400.00	0.57	-13.40
3632.00	400.00	0.18	-13.01
3664.00	400.00	0.00	-12.63
3696.00	400.00	-0.07	-12.34
3728.00	400.00	-0.21	-12.09
3760.00	400.00	-0.31	-11.96
3792.00	400.00	-0.30	-11.85
3824.00	400.00	-0.37	-11.79
3856.00	400.00	-0.44	-11.72
3888.00	400.00	-0.48	-11.81
3920.00	400.00	-0.54	-11.83
3952.00	400.00	-0.76	-11.63
3984.00	400.00	-1.00	-11.24
4016.00	400.00	-1.10	-10.86
4048.00	400.00	-1.13	-10.72
4080.00	400.00	-1.14	-10.75
4112.00	400.00	-1.00	-10.88
4144.00	400.00	-0.83	-10.98
4176.00	400.00	-0.75	-11.11
4208.00	400.00	-0.75	-11.37
4240.00	400.00	-0.61	-11.84
4272.00	400.00	-0.32	-12.24
4304.00	400.00	-0.16	-12.36
4336.00	400.00	-0.17	-12.31
4368.00	400.00	-0.25	-12.29
4400.00	400.00	-0.20	-12.38
4432.00	400.00	-0.09	-12.48
4464.00	400.00	-0.05	-12.47
4496.00	400.00	-0.05	-12.42
4528.00	400.00	-0.00	-12.41
4560.00	400.00	0.14	-12.52
4592.00	400.00	0.27	-12.51
4624.00	400.00	0.33	-12.27
4656.00	400.00	0.28	-11.95
4688.00	400.00	0.20	-11.65
4720.00	400.00	0.14	-11.54
4752.00	400.00	0.09	-11.46
4784.00	400.00	-0.01	-11.47
4816.00	400.00	-0.16	-11.45
4848.00	400.00	-0.18	-11.49
4880.00	400.00	0.01	-11.72
4912.00	400.00	0.25	-12.06
4944.00	400.00	0.25	-12.11
4976.00	400.00	0.25	-11.95
5008.00	400.00	0.20	-11.72
5040.00	400.00	0.20	-11.74
5072.00	400.00	0.10	-11.82
5104.00	400.00	0.12	-11.88
5136.00	400.00	0.24	-11.83
5168.00	400.00	0.38	-11.70
5200.00	400.00	0.37	-11.59
5232.00	400.00	0.29	-11.63
5264.00	400.00	0.24	-11.74
5296.00	400.00	0.34	-11.79
5328.00	400.00	0.38	-11.84
5360.00	400.00	0.21	-11.98
5392.00	400.00	0.08	-12.15
5424.00	400.00	0.16	-12.02
5456.00	400.00	0.22	-11.46
5488.00	400.00	0.17	-10.75
5520.00	400.00	0.02	-10.23
5552.00	400.00	0.06	-9.95
5584.00	400.00	0.11	-9.86
5616.00	400.00	0.04	-9.76
5648.00	400.00	-0.18	-9.71
5680.00	400.00	-0.40	-9.71
5712.00	400.00	-0.46	-9.71
5744.00	400.00	-0.37	-9.59
5776.00	400.00	-0.22	-9.37
5808.00	400.00	-0.16	-9.25
5840.00	400.00	-0.07	-9.44
5872.00	400.00	0.03	-9.73
5904.00	400.00	0.19	-9.90
5936.00	400.00	0.31	-10.02
5968.00	400.00	0.33	-9.74
6000.00	400.00	0.33	-8.68
6032.00	400.00	0.31	-6.99
6064.00	400.00	0.29	-5.17
6096.00	400.00	0.20	-3.67
6128.00	400.00	0.16	-2.10
6160.00	400.00	0.15	-0.84
6192.00	400.00	0.16	-0.50
6224.00	400.00	0.22	-0.99
6256.00	400.00	0.29	-2.24
6288.00	400.00	0.43	-3.79
6320.00	400.00	0.48	-5.98
6352.00	400.00	0.31	-8.00
6384.00	400.00	0.19	-9.16
6416.00	400.00	0.13	-9.52
6448.00	400.00	0.43	-9.60
6480.00	400.00	0.43	-9.95
6512.00	400.00	0.03	-10.20
6544.00	400.00	-0.69	-9.95
6576.00	400.00	-1.07	-9.74
16.00	432.00	20.90	-16.38
48.00	432.00	17.45	-16.25
80.00	432.00	10.26	-15.87
112.00	432.00	4.19	-15.51
144.00	432.00	0.78	-15.24
176.00	432.00	0.33	-15.32
208.00	432.00	0.34	-15.42
240.00	432.00	0.35	-15.45
272.00	432.00	0.39	-15.36
304.00	432.00	0.32	-15.28
336.00	432.00	0.26	-15.24
368.00	432.00	0.20	-15.20
400.00	432.00	0.13	-15.23
432.00	432.00	0.11	-15.31
464.00	432.00	0.16	-15.35
496.00	432.00	0.19	-15.43
528.00	432.00	0.20	-15.54
560.00	432.00	0.21	-15.59
592.00	432.00	0.23	-15.57
624.00	432.00	0.22	-15.45
656.00	432.00	0.18	-15.39
688.00	432.00	0.28	-15.30
720.00	432.00	0.38	-15.23
752.00	432.00	0.42	-15.21
784.00	432.00	0.38	-15.22
816.00	432.00	0.34	-15.23
848.00	432.00	0.29	-15.25
880.00	432.00	0.26	-15.27
912.00	432.00	0.21	-15.22
944.00	432.00	0.19	-15.17
976.00	432.00	0.18	-15.17
1008.00	432.00	0.15	-15.25
1040.00	432.00	0.18	-15.32
1072.00	432.00	0.27	-15.35
1104.00	432.00	0.32	-15.34
1136.00	432.00	0.28	-15.35
1168.00	432.00	0.19	-15.37
1200.00	432.00	0.16	-15.38
1232.00	432.00	0.16	-15.32
1264.00	432.00	0.21	-15.25
1296.00	432.00	0.24	-15.23
1328.00	432.00	0.22	-15.21
1360.00	432.00	0.19	-15.20
1392.00	432.00	0.32	-15.13
1424.00	432.00	0.40	-15.15
1456.00	432.00	0.48	-15.23
1488.00	432.00	0.44	-15.42
1520.00	432.00	0.40	-15.50
1552.00	432.00	0.30	-15.42
1584.00	432.00	0.19	-15.31
1616.00	432.00	0.18	-15.30
1648.00	432.00	0.27	-15.42
1680.00	432.00	0.28	-15.52
1712.00	432.00	0.29	-15.61
1744.00	432.00	0.28	-15.65
1776.00	432.00	0.35	-15.63
1808.00	432.00	0.44	-15.55
1840.00	432.00	0.45	-15.42
1872.00	432.00	0.46	-15.34
1904.00	432.00	0.54	-15.20
1936.00	432.00	0.68	-15.07
1968.00	432.00	0.83	-14.94
2000.00	432.00	0.94	-14.95
2032.00	432.00	1.04	-15.03
2064.00	432.00	0.99	-15.05
2096.00	432.00	0.88	-14.95
2128.00	432.00	0.80	-14.74
2160.00	432.00	0.86	-14.63
2192.00	432.00	1.02	-14.47
2224.00	432.00	1.12	-14.40
2256.00	432.00	1.12	-14.38
2288.00	432.00	1.04	-14.45
2320.00	432.00	0.98	-14.32
2352.00	432.00	1.08	-13.97
2384.00	432.00	1.10	-13.72
2416.00	432.00	1.07	-13.72
2448.00	432.00	0.91	-13.95
2480.00	432.00	0.91	-14.07
2512.00	432.00	0.97	-14.10
2544.00	432.00	0.95	-14.26
2576.00	432.00	0.88	-14.33
2608.00	432.00	0.81	-14.25
2640.00	432.00	0.83	-13.99
2672.00	432.00	0.85	-13.85
2704.00	432.00	0.91	-13.87
2736.00	432.00	0.87	-13.88
2768.00	432.00	0.72	-13.88
2800.00	432.00	0.56	-13.83
2832.00	432.00	0.52	-13.86
2864.00	432.00	0.49	-13.96
2896.00	432.00	0.43	-13.95
2928.00	432.00	0.33	-13.80
2960.00	432.00	0.29	-13.63
2992.00	432.00	0.34	-13.59
3024.00	432.00	0.43	-13.59
3056.00	432.00	0.53	-13.58
3088.00	432.00	0.57	-13.54
3120.00	432.00	0.51	-13.36
3152.00	432.00	0.34	-13.15
3184.00	432.00	0.24	-12.96
3216.00	432.00	0.34	-12.89
3248.00	432.00	0.49	-12.94
3280.00	432.00	0.51	-13.08
3312.00	432.00	0.46	-13.26
3344.00	432.00	0.51	-13.44
3376.00	432.00	0.75	-13.56
3408.00	432.00	1.01	-13.67
3440.00	432.00	1.05	-13.68
3472.00	432.00	0.88	-13.67
3504.00	432.00	0.73	-13.69
3536.00	432.00	0.88	-13.66
3568.00	432.00	0.92	-13.47
3600.00	432.00	0.68	-13.21
3632.00	432.00	0.30	-12.86
3664.00	432.00	0.14	-12.50
3696.00	432.00	0.11	-12.12
3728.00	432.00	-0.09	-11.91
3760.00	432.00	-0.30	-11.84
3792.00	432.00	-0.41	-11.78
3824.00	432.00	-0.48	-11.73
3856.00	432.00	-0.50	-11.64
3888.00	432.00	-0.60	-11.63
3920.00	432.00	-0.74	-11.47
3952.00	432.00	-1.00	-11.29
3984.00	432.00	-1.24	-11.03
4016.00	432.00	-1.29	-10.81
4048.00	432.00	-1.25	-10.72
4080.00	432.00	-1.10	-10.81
4112.00	432.00	-0.97	-11.04
4144.00	432.00	-0.97	-11.18
4176.00	432.00	-0.91	-11.23
4208.00	432.00	-0.60	-11.42
4240.00	432.00	-0.22	-11.88
4272.00	432.00	-0.01	-12.28
4304.00	432.00	-0.12	-12.41
4336.00	432.00	-0.18	-12.35
4368.00	432.00	-0.18	-12.40
4400.00	432.00	-0.11	-12.52
4432.00	432.00	-0.03	-12.59
4464.00	432.00	-0.00	-12.44
4496.00	432.00	0.06	-12.31
4528.00	432.00	0.13	-12.24
4560.00	432.00	0.21	-12.30
4592.00	432.00	0.29	-12.32
4624.00	432.00	0.35	-12.22
4656.00	432.00	0.38	-12.06
4688.00	432.00	0.40	-11.85
4720.00	432.00	0.33	-11.71
4752.00	432.00	0.24	-11.52
4784.00	432.00	0.09	-11.39
4816.00	432.00	-0.03	-11.32
4848.00	432.00	-0.02	-11.39
4880.00	432.00	0.12	-11.63
4912.00	432.00	0.23	-11.85
4944.00	432.00	0.22	-11.91
4976.00	432.00	0.16	-11.75
5008.00	432.00	0.11	-11.62
5040.00	432.00	0.10	-11.64
5072.00	432.00	0.02	-11.73
5104.00	432.00	0.04	-11.75
5136.00	432.00	0.12	-11.73
5168.00	432.00	0.29	-11.70
5200.00	432.00	0.33	-11.70
5232.00	432.00	0.26	-11.75
5264.00	432.00	0.19	-11.82
5296.00	432.00	0.38	-11.80
5328.00	432.00	0.54	-11.76
5360.00	432.00	0.40	-11.79
5392.00	432.00	0.17	-11.87
5424.00	432.00	0.06	-11.83
5456.00	432.00	-0.03	-11.47
5488.00	432.00	-0.16	-10.87
5520.00	432.00	-0.32	-10.26
5552.00	432.00	-0.21	-9.95
5584.00	432.00	-0.08	-9.97
5616.00	432.00	-0.05	-10.03
5648.00	432.00	-0.21	-9.97
5680.00	432.00	-0.42	-9.82
5712.00	432.00	-0.52	-9.71
5744.00	432.00	-0.39	-9.64
5776.00	432.00	-0.17	-9.52
5808.00	432.00	-0.06	-9.47
5840.00	432.00	-0.05	-9.60
5872.00	432.00	-0.06	-9.82
5904.00	432.00	0.03	-10.01
5936.00	432.00	0.12	-10.10
5968.00	432.00	0.19	-9.80
6000.00	432.00	0.15	-8.73
6032.00	432.00	0.13	-7.10
6064.00	432.00	0.09	-5.41
6096.00	432.00	0.02	-3.86
6128.00	432.00	0.04	-2.26
6160.00	432.00	0.11	-0.86
6192.00	432.00	0.16	-0.40
6224.00	432.00	0.24	-0.06
6256.00	432.00	0.31	-1.36
6288.00	432.00	0.46	-3.12
6320.00	432.00	0.45	-6.07
6352.00	432.00	0.27	-8.04
6384.00	432.00	0.15	-9.20
6416.00	432.00	0.13	-9.68
6448.00	432.00	0.40	-9.66
6480.00	432.00	0.43	-9.73
6512.00	432.00	0.09	-9.77
6544.00	432.00	-0.56	-9.53
6576.00	432.00	-0.94	-9.37
16.00	464.00	12.04	-12.28
48.00	464.00	10.44	-13.02
80.00	464.00	7.58	-13.88
112.00	464.00	2.85	-15.00
144.00	464.00	0.49	-15.28
176.00	464.00	0.19	-15.41
208.00	464.00	0.26	-15.37
240.00	464.00	0.32	-15.30
272.00	464.00	0.36	-15.30
304.00	464.00	0.29	-15.31
336.00	464.00	0.23	-15.32
368.00	464.00	0.16	-15.26
400.00	464.00	0.08	-15.24
432.00	464.00	0.07	-15.29
464.00	464.00	0.11	-15.34
496.00	464.00	0.10	-15.46
528.00	464.00	0.04	-15.58
560.00	464.00	0.06	-15.60
592.00	464.00	0.15	-15.50
624.00	464.00	0.20	-15.32
656.00	464.00	0.21	-15.25
688.00	464.00	0.31	-15.27
720.00	464.00	0.42	-15.36
752.00	464.00	0.44	-15.40
784.00	464.00	0.40	-15.33
816.00	464.00	0.33	-15.28
848.00	464.00	0.20	-15.29
880.00	464.00	0.16	-15.31
912.00	464.00	0.17	-15.26
944.00	464.00	0.20	-15.17
976.00	464.00	0.17	-15.13
1008.00	464.00	0.10	-15.21
1040.00	464.00	0.15	-15.27
1072.00	464.00	0.22	-15.32
1104.00	464.00	0.26	-15.39
1136.00	464.00	0.24	-15.49
1168.00	464.00	0.19	-15.51
1200.00	464.00	0.20	-15.47
1232.00	464.00	0.16	-15.44
1264.00	464.00	0.15	-15.39
1296.00	464.00	0.16	-15.29
1328.00	464.00	0.20	-15.18
1360.00	464.00	0.23	-15.14
1392.00	464.00	0.31	-15.13
1424.00	464.00	0.37	-15.19
1456.00	464.00	0.45	-15.30
1488.00	464.00	0.43	-15.47
1520.00	464.00	0.33	-15.55
1552.00	464.00	0.25	-15.51
1584.00	464.00	0.19	-15.43
1616.00	464.00	0.23	-15.43
1648.00	464.00	0.33	-15.47
1680.00	464.00	0.37	-15.52
1712.00	464.00	0.37	-15.56
1744.00	464.00	0.21	-15.55
1776.00	464.00	0.16	-15.47
1808.00	464.00	0.20	-15.34
1840.00	464.00	0.30	-15.30
1872.00	464.00	0.38	-15.27
1904.00	464.00	0.46	-15.14
1936.00	464.00	0.60	-15.01
1968.00	464.00	0.76	-14.92
2000.00	464.00	0.88	-15.00
2032.00	464.00	0.88	-15.08
2064.00	464.00	0.81	-15.07
2096.00	464.00	0.75	-14.94
2128.00	464.00	0.73	-14.73
2160.00	464.00	0.73	-14.58
2192.00	464.00	0.90	-14.39
2224.00	464.00	1.06	-14.25
2256.00	464.00	1.10	-14.16
2288.00	464.00	0.97	-14.24
2320.00	464.00	0.91	-14.28
2352.00	464.00	1.09	-14.07
2384.00	464.00	1.11	-13.84
2416.00	464.00	0.97	-13.76
2448.00	464.00	0.72	-13.88
2480.00	464.00	0.73	-13.89
2512.00	464.00	0.81	-13.87
2544.00	464.00	0.79	-14.06
2576.00	464.00	0.73	-14.20
2608.00	464.00	0.77	-14.20
2640.00	464.00	0.83	-13.97
2672.00	464.00	0.88	-13.87
2704.00	464.00	0.84	-13.90
2736.00	464.00	0.70	-13.95
2768.00	464.00	0.55	-13.92
2800.00	464.00	0.48	-13.81
2832.00	464.00	0.56	-13.81
2864.00	464.00	0.57	-13.89
2896.00	464.00	0.52	-13.91
2928.00	464.00	0.43	-13.80
2960.00	464.00	0.45	-13.68
2992.00	464.00	0.55	-13.76
3024.00	464.00	0.63	-13.79
3056.00	464.00	0.63	-13.76
3088.00	464.00	0.57	-13.57
3120.00	464.00	0.52	-13.38
3152.00	464.00	0.51	-13.23
3184.00	464.00	0.52	-13.10
3216.00	464.00	0.62	-13.03
3248.00	464.00	0.65	-12.95
3280.00	464.00	0.54	-12.99
3312.00	464.00	0.46	-13.09
3344.00	464.00	0.56	-13.35
3376.00	464.00	0.86	-13.53
3408.00	464.00	1.08	-13.65
3440.00	464.00	1.00	-13.63
3472.00	464.00	0.73	-13.58
3504.00	464.00	0.49	-13.53
3536.00	464.00	0.62	-13.46
3568.00	464.00	0.80	-13.29
3600.00	464.00	0.77	-13.06
3632.00	464.00	0.45	-12.68
3664.00	464.00	0.20	-12.25
3696.00	464.00	0.05	-11.82
3728.00	464.00	-0.25	-11.65
3760.00	464.00	-0.52	-11.68
3792.00	464.00	-0.64	-11.77
3824.00	464.00	-0.58	-11.83
3856.00	464.00	-0.54	-11.74
3888.00	464.00	-0.71	-11.59
3920.00	464.00	-0.91	-11.35
3952.00	464.00	-1.16	-11.14
3984.00	464.00	-1.31	-10.97
4016.00	464.00	-1.33	-10.85
4048.00	464.00	-1.22	-10.84
4080.00	464.00	-1.08	-10.88
4112.00	464.00	-1.01	-11.00
4144.00	464.00	-1.10	-11.08
4176.00	464.00	-1.03	-11.20
4208.00	464.00	-0.52	-11.51
4240.00	464.00	0.03	-11.97
4272.00	464.00	0.26	-12.30
4304.00	464.00	0.00	-12.31
4336.00	464.00	-0.16	-12.22
4368.00	464.00	-0.13	-12.35
4400.00	464.00	-0.00	-12.52
4432.00	464.00	0.08	-12.58
4464.00	464.00	0.06	-12.36
4496.00	464.00	0.10	-12.18
4528.00	464.00	0.15	-12.07
4560.00	464.00	0.22	-12.10
4592.00	464.00	0.28	-12.26
4624.00	464.00	0.31	-12.35
4656.00	464.00	0.36	-12.30
4688.00	464.00	0.42	-12.03
4720.00	464.00	0.36	-11.80
4752.00	464.00	0.25	-11.54
4784.00	464.00	0.08	-11.38
4816.00	464.00	0.01	-11.34
4848.00	464.00	0.07	-11.44
4880.00	464.00	0.16	-11.57
4912.00	464.00	0.17	-11.63
4944.00	464.00	0.11	-11.67
4976.00	464.00	0.08	-11.60
5008.00	464.00	0.08	-11.56
5040.00	464.00	0.14	-11.66
5072.00	464.00	0.14	-11.74
5104.00	464.00	0.14	-11.71
5136.00	464.00	0.12	-11.61
5168.00	464.00	0.18	-11.64
5200.00	464.00	0.23	-11.78
5232.00	464.00	0.17	-11.85
5264.00	464.00	0.12	-11.84
5296.00	464.00	0.25	-11.76
5328.00	464.00	0.43	-11.71
5360.00	464.00	0.31	-11.69
5392.00	464.00	0.05	-11.65
5424.00	464.00	-0.16	-11.56
5456.00	464.00	-0.28	-11.31
5488.00	464.00	-0.31	-10.90
5520.00	464.00	-0.32	-10.42
5552.00	464.00	-0.20	-10.14
5584.00	464.00	-0.15	-10.20
5616.00	464.00	-0.13	-10.28
5648.00	464.00	-0.25	-10.13
5680.00	464.00	-0.45	-9.82
5712.00	464.00	-0.60	-9.63
5744.00	464.00	-0.45	-9.74
5776.00	464.00	-0.14	-9.85
5808.00	464.00	0.03	-9.96
5840.00	464.00	0.02	-9.95
5872.00	464.00	-0.09	-9.97
5904.00	464.00	-0.01	-10.08
5936.00	464.00	0.03	-10.08
5968.00	464.00	0.07	-9.64
6000.00	464.00	-0.05	-8.60
6032.00	464.00	-0.01	-7.08
6064.00	464.00	-0.02	-5.57
6096.00	464.00	0.02	-3.84
6128.00	464.00	0.05	-2.14
6160.00	464.00	0.11	-0.72
6192.00	464.00	0.13	-0.27
6224.00	464.00	0.22	-0.04
6256.00	464.00	0.30	-1.64
6288.00	464.00	0.42	-3.80
6320.00	464.00	0.41	-6.80
6352.00	464.00	0.30	-8.54
6384.00	464.00	0.18	-9.57
6416.00	464.00	0.09	-10.00
6448.00	464.00	0.17	-9.93
6480.00	464.00	0.25	-9.77
6512.00	464.00	0.10	-9.86
6544.00	464.00	-0.34	-9.54
6576.00	464.00	-0.63	-9.44
16.00	496.00	2.87	-7.92
48.00	496.00	3.03	-9.94
80.00	496.00	3.64	-13.03
112.00	496.00	1.25	-14.76
144.00	496.00	0.15	-15.22
176.00	496.00	0.04	-15.36
208.00	496.00	0.16	-15.30
240.00	496.00	0.23	-15.24
272.00	496.00	0.23	-15.25
304.00	496.00	0.17	-15.31
336.00	496.00	0.13	-15.35
368.00	496.00	0.11	-15.32
400.00	496.00	0.06	-15.25
432.00	496.00	0.06	-15.23
464.00	496.00	0.12	-15.28
496.00	496.00	0.08	-15.41
528.00	496.00	-0.01	-15.51
560.00	496.00	-0.00	-15.48
592.00	496.00	0.11	-15.34
624.00	496.00	0.21	-15.16
656.00	496.00	0.27	-15.09
688.00	496.00	0.37	-15.21
720.00	496.00	0.47	-15.42
752.00	496.00	0.46	-15.50
784.00	496.00	0.37	-15.43
816.00	496.00	0.29	-15.38
848.00	496.00	0.17	-15.42
880.00	496.00	0.19	-15.42
912.00	496.00	0.23	-15.35
944.00	496.00	0.27	-15.26
976.00	496.00	0.26	-15.20
1008.00	496.00	0.22	-15.24
1040.00	496.00	0.24	-15.24
1072.00	496.00	0.19	-15.30
1104.00	496.00	0.16	-15.35
1136.00	496.00	0.15	-15.41
1168.00	496.00	0.15	-15.41
1200.00	496.00	0.20	-15.41
1232.00	496.00	0.18	-15.45
1264.00	496.00	0.13	-15.46
1296.00	496.00	0.12	-15.32
1328.00	496.00	0.18	-15.14
1360.00	496.00	0.26	-15.05
1392.00	496.00	0.31	-15.09
1424.00	496.00	0.33	-15.21
1456.00	496.00	0.37	-15.33
1488.00	496.00	0.32	-15.44
1520.00	496.00	0.25	-15.49
1552.00	496.00	0.26	-15.49
1584.00	496.00	0.28	-15.48
1616.00	496.00	0.35	-15.50
1648.00	496.00	0.40	-15.52
1680.00	496.00	0.48	-15.52
1712.00	496.00	0.47	-15.53
1744.00	496.00	0.31	-15.47
1776.00	496.00	0.16	-15.38
1808.00	496.00	0.17	-15.28
1840.00	496.00	0.30	-15.36
1872.00	496.00	0.45	-15.38
1904.00	496.00	0.51	-15.30
1936.00	496.00	0.57	-15.15
1968.00	496.00	0.66	-15.07
2000.00	496.00	0.73	-15.13
2032.00	496.00	0.69	-15.12
2064.00	496.00	0.61	-15.04
2096.00	496.00	0.61	-14.86
2128.00	496.00	0.64	-14.64
2160.00	496.00	0.66	-14.50
2192.00	496.00	0.78	-14.36
2224.00	496.00	0.90	-14.28
2256.00	496.00	0.94	-14.13
2288.00	496.00	0.80	-14.13
2320.00	496.00	0.79	-14.19
2352.00	496.00	0.98	-14.09
2384.00	496.00	1.03	-13.93
2416.00	496.00	0.89	-13.76
2448.00	496.00	0.69	-13.75
2480.00	496.00	0.65	-13.74
2512.00	496.00	0.66	-13.77
2544.00	496.00	0.59	-14.01
2576.00	496.00	0.60	-14.12
2608.00	496.00	0.72	-14.15
2640.00	496.00	0.82	-13.96
2672.00	496.00	0.80	-13.90
2704.00	496.00	0.69	-13.93
2736.00	496.00	0.56	-13.98
2768.00	496.00	0.49	-13.92
2800.00	496.00	0.47	-13.75
2832.00	496.00	0.53	-13.69
2864.00	496.00	0.55	-13.74
2896.00	496.00	0.53	-13.83
2928.00	496.00	0.55	-13.83
2960.00	496.00	0.58	-13.79
2992.00	496.00	0.67	-13.86
3024.00	496.00	0.75	-13.85
3056.00	496.00	0.73	-13.76
3088.00	496.00	0.60	-13.52
3120.00	496.00	0.55	-13.37
3152.00	496.00	0.62	-13.29
3184.00	496.00	0.72	-13.25
3216.00	496.00	0.76	-13.16
3248.00	496.00	0.72	-13.00
3280.00	496.00	0.56	-12.96
3312.00	496.00	0.51	-13.02
3344.00	496.00	0.61	-13.28
3376.00	496.00	0.95	-13.48
3408.00	496.00	1.14	-13.64
3440.00	496.00	0.97	-13.60
3472.00	496.00	0.57	-13.53
3504.00	496.00	0.24	-13.41
3536.00	496.00	0.39	-13.33
3568.00	496.00	0.71	-13.22
3600.00	496.00	0.83	-13.03
3632.00	496.00	0.53	-12.59
3664.00	496.00	0.16	-12.09
3696.00	496.00	-0.18	-11.66
3728.00	496.00	-0.53	-11.54
3760.00	496.00	-0.78	-11.61
3792.00	496.00	-0.82	-11.73
3824.00	496.00	-0.68	-11.83
3856.00	496.00	-0.68	-11.76
3888.00	496.00	-0.84	-11.61
3920.00	496.00	-1.03	-11.38
3952.00	496.00	-1.15	-11.14
3984.00	496.00	-1.16	-10.95
4016.00	496.00	-1.08	-10.88
4048.00	496.00	-0.96	-11.02
4080.00	496.00	-0.84	-11.09
4112.00	496.00	-0.82	-11.12
4144.00	496.00	-0.95	-11.11
4176.00	496.00	-0.98	-11.25
4208.00	496.00	-0.55	-11.62
4240.00	496.00	-0.01	-12.02
4272.00	496.00	0.29	-12.28
4304.00	496.00	0.07	-12.23
4336.00	496.00	-0.12	-12.14
4368.00	496.00	-0.09	-12.25
4400.00	496.00	0.10	-12.46
4432.00	496.00	0.19	-12.53
4464.00	496.00	0.15	-12.36
4496.00	496.00	0.13	-12.14
4528.00	496.00	0.14	-11.96
4560.00	496.00	0.17	-11.93
4592.00	496.00	0.18	-12.12
4624.00	496.00	0.16	-12.31
4656.00	496.00	0.23	-12.25
4688.00	496.00	0.29	-11.91
4720.00	496.00	0.26	-11.61
4752.00	496.00	0.14	-11.42
4784.00	496.00	-0.02	-11.35
4816.00	496.00	-0.06	-11.39
4848.00	496.00	0.05	-11.52
4880.00	496.00	0.14	-11.58
4912.00	496.00	0.15	-11.51
4944.00	496.00	0.07	-11.48
4976.00	496.00	-0.01	-11.48
5008.00	496.00	-0.00	-11.51
5040.00	496.00	0.10	-11.64
5072.00	496.00	0.25	-11.69
5104.00	496.00	0.32	-11.62
5136.00	496.00	0.25	-11.49
5168.00	496.00	0.20	-11.52
5200.00	496.00	0.23	-11.73
5232.00	496.00	0.17	-11.85
5264.00	496.00	0.04	-11.76
5296.00	496.00	0.01	-11.62
5328.00	496.00	0.10	-11.52
5360.00	496.00	0.06	-11.55
5392.00	496.00	-0.13	-11.46
5424.00	496.00	-0.34	-11.32
5456.00	496.00	-0.49	-11.15
5488.00	496.00	-0.46	-10.87
5520.00	496.00	-0.35	-10.53
5552.00	496.00	-0.21	-10.30
5584.00	496.00	-0.25	-10.34
5616.00	496.00	-0.31	-10.38
5648.00	496.00	-0.43	-10.19
5680.00	496.00	-0.56	-9.90
5712.00	496.00	-0.68	-9.74
5744.00	496.00	-0.50	-9.89
5776.00	496.00	-0.20	-10.08
5808.00	496.00	-0.01	-10.29
5840.00	496.00	0.00	-10.32
5872.00	496.00	0.02	-10.32
5904.00	496.00	0.11	-10.26
5936.00	496.00	0.06	-10.03
5968.00	496.00	-0.07	-9.45
6000.00	496.00	-0.17	-8.45
6032.00	496.00	0.00	-7.06
6064.00	496.00	0.16	-5.52
6096.00	496.00	0.21	-3.71
6128.00	496.00	0.19	-1.95
6160.00	496.00	0.19	-0.59
6192.00	496.00	0.21	-0.23
6224.00	496.00	0.19	-0.34
6256.00	496.00	0.21	-2.30
6288.00	496.00	0.30	-4.68
6320.00	496.00	0.43	-7.50
6352.00	496.00	0.44	-8.91
6384.00	496.00	0.28	-9.76
6416.00	496.00	0.07	-10.12
6448.00	496.00	0.02	-10.05
6480.00	496.00	0.08	-9.85
6512.00	496.00	0.03	-9.88
6544.00	496.00	-0.25	-9.51
6576.00	496.00	-0.46	-9.37
16.00	528.00	-4.83	-11.01
48.00	528.00	-3.00	-12.08
80.00	528.00	0.68	-13.82
112.00	528.00	0.28	-14.83
144.00	528.00	0.06	-15.17
176.00	528.00	0.02	-15.30
208.00	528.00	0.13	-15.31
240.00	528.00	0.20	-15.32
272.00	528.00	0.12	-15.35
304.00	528.00	0.05	-15.40
336.00	528.00	0.06	-15.46
368.00	528.00	0.14	-15.44
400.00	528.00	0.15	-15.38
432.00	528.00	0.12	-15.31
464.00	528.00	0.14	-15.30
496.00	528.00	0.17	-15.33
528.00	528.00	0.14	-15.32
560.00	528.00	0.18	-15.27
592.00	528.00	0.20	-15.16
624.00	528.00	0.26	-15.04
656.00	528.00	0.32	-15.01
688.00	528.00	0.41	-15.15
720.00	528.00	0.45	-15.39
752.00	528.00	0.35	-15.53
784.00	528.00	0.25	-15.56
816.00	528.00	0.21	-15.59
848.00	528.00	0.18	-15.62
880.00	528.00	0.23	-15.54
912.00	528.00	0.25	-15.41
944.00	528.00	0.25	-15.28
976.00	528.00	0.28	-15.22
1008.00	528.00	0.32	-15.24
1040.00	528.00	0.34	-15.23
1072.00	528.00	0.23	-15.27
1104.00	528.00	0.12	-15.26
1136.00	528.00	0.12	-15.27
1168.00	528.00	0.17	-15.26
1200.00	528.00	0.21	-15.26
1232.00	528.00	0.23	-15.31
1264.00	528.00	0.19	-15.39
1296.00	528.00	0.20	-15.32
1328.00	528.00	0.23	-15.20
1360.00	528.00	0.33	-15.09
1392.00	528.00	0.35	-15.15
1424.00	528.00	0.35	-15.23
1456.00	528.00	0.32	-15.29
1488.00	528.00	0.24	-15.33
1520.00	528.00	0.17	-15.39
1552.00	528.00	0.21	-15.45
1584.00	528.00	0.29	-15.49
1616.00	528.00	0.38	-15.50
1648.00	528.00	0.41	-15.49
1680.00	528.00	0.52	-15.51
1712.00	528.00	0.55	-15.53
1744.00	528.00	0.42	-15.45
1776.00	528.00	0.23	-15.37
1808.00	528.00	0.27	-15.33
1840.00	528.00	0.43	-15.44
1872.00	528.00	0.59	-15.48
1904.00	528.00	0.54	-15.45
1936.00	528.00	0.52	-15.33
1968.00	528.00	0.53	-15.27
2000.00	528.00	0.59	-15.26
2032.00	528.00	0.58	-15.18
2064.00	528.00	0.53	-15.00
2096.00	528.00	0.56	-14.77
2128.00	528.00	0.60	-14.49
2160.00	528.00	0.67	-14.25
2192.00	528.00	0.75	-14.15
2224.00	528.00	0.87	-14.18
2256.00	528.00	0.88	-14.15
2288.00	528.00	0.77	-14.05
2320.00	528.00	0.74	-14.05
2352.00	528.00	0.87	-14.01
2384.00	528.00	0.92	-13.96
2416.00	528.00	0.86	-13.82
2448.00	528.00	0.79	-13.79
2480.00	528.00	0.75	-13.83
2512.00	528.00	0.72	-13.93
2544.00	528.00	0.60	-14.08
2576.00	528.00	0.59	-14.13
2608.00	528.00	0.69	-14.14
2640.00	528.00	0.68	-14.07
2672.00	528.00	0.61	-14.01
2704.00	528.00	0.46	-13.99
2736.00	528.00	0.41	-13.98
2768.00	528.00	0.44	-13.89
2800.00	528.00	0.52	-13.72
2832.00	528.00	0.53	-13.63
2864.00	528.00	0.49	-13.67
2896.00	528.00	0.45	-13.77
2928.00	528.00	0.52	-13.86
2960.00	528.00	0.58	-13.85
2992.00	528.00	0.62	-13.84
3024.00	528.00	0.70	-13.72
3056.00	528.00	0.70	-13.60
3088.00	528.00	0.63	-13.39
3120.00	528.00	0.63	-13.32
3152.00	528.00	0.73	-13.30
3184.00	528.00	0.82	-13.27
3216.00	528.00	0.79	-13.20
3248.00	528.00	0.74	-13.06
3280.00	528.00	0.68	-13.01
3312.00	528.00	0.67	-13.04
3344.00	528.00	0.70	-13.29
3376.00	528.00	0.96	-13.50
3408.00	528.00	1.15	-13.64
3440.00	528.00	1.01	-13.60
3472.00	528.00	0.57	-13.55
3504.00	528.00	0.24	-13.40
3536.00	528.00	0.32	-13.25
3568.00	528.00	0.57	-13.07
3600.00	528.00	0.62	-12.86
3632.00	528.00	0.32	-12.44
3664.00	528.00	-0.02	-11.99
3696.00	528.00	-0.35	-11.68
3728.00	528.00	-0.65	-11.60
3760.00	528.00	-0.81	-11.64
3792.00	528.00	-0.82	-11.68
3824.00	528.00	-0.69	-11.73
3856.00	528.00	-0.76	-11.61
3888.00	528.00	-0.94	-11.43
3920.00	528.00	-1.09	-11.22
3952.00	528.00	-1.06	-11.05
3984.00	528.00	-0.90	-10.95
4016.00	528.00	-0.74	-11.03
4048.00	528.00	-0.61	-11.35
4080.00	528.00	-0.59	-11.48
4112.00	528.00	-0.64	-11.45
4144.00	528.00	-0.79	-11.30
4176.00	528.00	-0.87	-11.31
4208.00	528.00	-0.63	-11.66
4240.00	528.00	-0.18	-12.03
4272.00	528.00	0.18	-12.37
4304.00	528.00	0.12	-12.32
4336.00	528.00	-0.12	-12.20
4368.00	528.00	-0.16	-12.22
4400.00	528.00	0.02	-12.35
4432.00	528.00	0.17	-12.41
4464.00	528.00	0.16	-12.28
4496.00	528.00	0.09	-12.08
4528.00	528.00	0.06	-11.88
4560.00	528.00	0.07	-11.80
4592.00	528.00	0.07	-11.94
4624.00	528.00	0.06	-12.15
4656.00	528.00	0.14	-12.11
4688.00	528.00	0.18	-11.76
4720.00	528.00	0.15	-11.39
4752.00	528.00	0.01	-11.24
4784.00	528.00	-0.10	-11.26
4816.00	528.00	-0.11	-11.37
4848.00	528.00	0.03	-11.51
4880.00	528.00	0.12	-11.61
4912.00	528.00	0.19	-11.57
4944.00	528.00	0.11	-11.51
4976.00	528.00	0.06	-11.44
5008.00	528.00	0.06	-11.47
5040.00	528.00	0.17	-11.58
5072.00	528.00	0.34	-11.67
5104.00	528.00	0.42	-11.65
5136.00	528.00	0.36	-11.52
5168.00	528.00	0.23	-11.48
5200.00	528.00	0.27	-11.60
5232.00	528.00	0.23	-11.71
5264.00	528.00	0.11	-11.61
5296.00	528.00	-0.10	-11.44
5328.00	528.00	-0.21	-11.34
5360.00	528.00	-0.22	-11.42
5392.00	528.00	-0.25	-11.39
5424.00	528.00	-0.31	-11.23
5456.00	528.00	-0.55	-11.02
5488.00	528.00	-0.60	-10.74
5520.00	528.00	-0.53	-10.52
5552.00	528.00	-0.37	-10.40
5584.00	528.00	-0.38	-10.40
5616.00	528.00	-0.48	-10.36
5648.00	528.00	-0.58	-10.19
5680.00	528.00	-0.65	-10.06
5712.00	528.00	-0.66	-10.00
5744.00	528.00	-0.49	-10.03
5776.00	528.00	-0.27	-10.10
5808.00	528.00	-0.11	-10.28
5840.00	528.00	-0.06	-10.46
5872.00	528.00	0.07	-10.66
5904.00	528.00	0.20	-10.61
5936.00	528.00	0.15	-10.23
5968.00	528.00	-0.07	-9.42
6000.00	528.00	-0.13	-8.27
6032.00	528.00	0.10	-6.86
6064.00	528.00	0.28	-5.28
6096.00	528.00	0.38	-3.43
6128.00	528.00	0.36	-1.67
6160.00	528.00	0.39	-0.45
6192.00	528.00	0.28	-0.46
6224.00	528.00	0.11	-1.73
6256.00	528.00	0.07	-3.90
6288.00	528.00	0.18	-6.04
6320.00	528.00	0.43	-7.75
6352.00	528.00	0.49	-8.88
6384.00	528.00	0.35	-9.74
6416.00	528.00	0.09	-10.10
6448.00	528.00	-0.04	-10.04
6480.00	528.00	-0.05	-9.89
6512.00	528.00	-0.03	-10.05
6544.00	528.00	-0.11	-9.88
6576.00	528.00	-0.18	-9.84
16.00	560.00	-2.87	-13.34
48.00	560.00	-1.86	-13.80
80.00	560.00	-0.14	-14.64
112.00	560.00	0.12	-15.00
144.00	560.00	0.07	-15.11
176.00	560.00	0.06	-15.15
208.00	560.00	0.12	-15.23
240.00	560.00	0.20	-15.33
272.00	560.00	0.11	-15.38
304.00	560.00	0.07	-15.43
336.00	560.00	0.13	-15.50
368.00	560.00	0.24	-15.52
400.00	560.00	0.27	-15.47
432.00	560.00	0.21	-15.36
464.00	560.00	0.22	-15.28
496.00	560.00	0.29	-15.25
528.00	560.00	0.32	-15.23
560.00	560.00	0.35	-15.22
592.00	560.00	0.30	-15.21
624.00	560.00	0.26	-15.19
656.00	560.00	0.27	-15.17
688.00	560.00	0.33	-15.27
720.00	560.00	0.35	-15.43
752.00	560.00	0.28	-15.57
784.00	560.00	0.21	-15.61
816.00	560.00	0.21	-15.64
848.00	560.00	0.23	-15.65
880.00	560.00	0.27	-15.49
912.00	560.00	0.27	-15.27
944.00	560.00	0.26	-15.12
976.00	560.00	0.36	-15.10
1008.00	560.00	0.39	-15.19
1040.00	560.00	0.37	-15.24
1072.00	560.00	0.27	-15.27
1104.00	560.00	0.20	-15.22
1136.00	560.00	0.20	-15.18
1168.00	560.00	0.17	-15.17
1200.00	560.00	0.16	-15.19
1232.00	560.00	0.19	-15.22
1264.00	560.00	0.21	-15.30
1296.00	560.00	0.27	-15.30
1328.00	560.00	0.30	-15.25
1360.00	560.00	0.34	-15.17
1392.00	560.00	0.29	-15.18
1424.00	560.00	0.31	-15.22
1456.00	560.00	0.31	-15.26
1488.00	560.00	0.25	-15.32
1520.00	560.00	0.18	-15.37
1552.00	560.00	0.18	-15.43
1584.00	560.00	0.27	-15.46
1616.00	560.00	0.33	-15.45
1648.00	560.00	0.37	-15.45
1680.00	560.00	0.48	-15.48
1712.00	560.00	0.56	-15.54
1744.00	560.00	0.48	-15.54
1776.00	560.00	0.33	-15.46
1808.00	560.00	0.36	-15.41
1840.00	560.00	0.51	-15.41
1872.00	560.00	0.63	-15.44
1904.00	560.00	0.52	-15.45
1936.00	560.00	0.44	-15.42
1968.00	560.00	0.43	-15.39
2000.00	560.00	0.53	-15.34
2032.00	560.00	0.60	-15.22
2064.00	560.00	0.59	-15.01
2096.00	560.00	0.58	-14.74
2128.00	560.00	0.58	-14.44
2160.00	560.00	0.62	-14.19
2192.00	560.00	0.72	-14.15
2224.00	560.00	0.84	-14.26
2256.00	560.00	0.87	-14.30
2288.00	560.00	0.77	-14.16
2320.00	560.00	0.71	-14.03
2352.00	560.00	0.76	-13.93
2384.00	560.00	0.82	-13.92
2416.00	560.00	0.91	-13.89
2448.00	560.00	0.96	-13.93
2480.00	560.00	1.04	-13.99
2512.00	560.00	1.01	-14.06
2544.00	560.00	0.86	-14.14
2576.00	560.00	0.74	-14.17
2608.00	560.00	0.71	-14.20
2640.00	560.00	0.67	-14.14
2672.00	560.00	0.57	-14.06
2704.00	560.00	0.40	-13.98
2736.00	560.00	0.38	-13.89
2768.00	560.00	0.47	-13.74
2800.00	560.00	0.60	-13.65
2832.00	560.00	0.53	-13.65
2864.00	560.00	0.37	-13.76
2896.00	560.00	0.27	-13.84
2928.00	560.00	0.37	-13.89
2960.00	560.00	0.44	-13.84
2992.00	560.00	0.46	-13.70
3024.00	560.00	0.50	-13.56
3056.00	560.00	0.55	-13.50
3088.00	560.00	0.59	-13.45
3120.00	560.00	0.66	-13.38
3152.00	560.00	0.77	-13.30
3184.00	560.00	0.79	-13.22
3216.00	560.00	0.76	-13.24
3248.00	560.00	0.83	-13.24
3280.00	560.00	0.88	-13.24
3312.00	560.00	0.89	-13.21
3344.00	560.00	0.82	-13.32
3376.00	560.00	0.91	-13.49
3408.00	560.00	1.02	-13.60
3440.00	560.00	0.93	-13.57
3472.00	560.00	0.62	-13.52
3504.00	560.00	0.37	-13.35
3536.00	560.00	0.32	-13.16
3568.00	560.00	0.37	-12.93
3600.00	560.00	0.30	-12.73
3632.00	560.00	0.10	-12.38
3664.00	560.00	-0.11	-12.03
3696.00	560.00	-0.35	-11.79
3728.00	560.00	-0.56	-11.70
3760.00	560.00	-0.68	-11.70
3792.00	560.00	-0.70	-11.65
3824.00	560.00	-0.70	-11.59
3856.00	560.00	-0.82	-11.50
3888.00	560.00	-1.00	-11.39
3920.00	560.00	-1.08	-11.23
3952.00	560.00	-0.94	-11.07
3984.00	560.00	-0.67	-11.04
4016.00	560.00	-0.41	-11.25
4048.00	560.00	-0.34	-11.61
4080.00	560.00	-0.38	-11.79
4112.00	560.00	-0.51	-11.84
4144.00	560.00	-0.59	-11.70
4176.00	560.00	-0.67	-11.57
4208.00	560.00	-0.50	-11.70
4240.00	560.00	-0.18	-11.99
4272.00	560.00	0.14	-12.39
4304.00	560.00	0.11	-12.49
4336.00	560.00	-0.17	-12.35
4368.00	560.00	-0.30	-12.21
4400.00	560.00	-0.21	-12.17
4432.00	560.00	-0.07	-12.17
4464.00	560.00	-0.00	-12.15
4496.00	560.00	-0.01	-12.04
4528.00	560.00	0.04	-11.91
4560.00	560.00	0.08	-11.78
4592.00	560.00	0.07	-11.77
4624.00	560.00	0.04	-11.85
4656.00	560.00	0.12	-11.85
4688.00	560.00	0.17	-11.63
4720.00	560.00	0.18	-11.36
4752.00	560.00	-0.04	-11.23
4784.00	560.00	-0.17	-11.18
4816.00	560.00	-0.19	-11.23
4848.00	560.00	-0.03	-11.39
4880.00	560.00	0.03	-11.61
4912.00	560.00	0.08	-11.73
4944.00	560.00	0.03	-11.67
4976.00	560.00	0.04	-11.54
5008.00	560.00	0.07	-11.53
5040.00	560.00	0.17	-11.64
5072.00	560.00	0.34	-11.80
5104.00	560.00	0.43	-11.87
5136.00	560.00	0.31	-11.74
5168.00	560.00	0.13	-11.59
5200.00	560.00	0.12	-11.49
5232.00	560.00	0.15	-11.52
5264.00	560.00	0.09	-11.45
5296.00	560.00	-0.13	-11.33
5328.00	560.00	-0.35	-11.20
5360.00	560.00	-0.40	-11.27
5392.00	560.00	-0.37	-11.31
5424.00	560.00	-0.29	-11.21
5456.00	560.00	-0.40	-10.92
5488.00	560.00	-0.56	-10.55
5520.00	560.00	-0.62	-10.30
5552.00	560.00	-0.54	-10.25
5584.00	560.00	-0.50	-10.27
5616.00	560.00	-0.56	-10.15
5648.00	560.00	-0.66	-10.09
5680.00	560.00	-0.67	-10.13
5712.00	560.00	-0.63	-10.22
5744.00	560.00	-0.53	-10.00
5776.00	560.00	-0.45	-9.81
5808.00	560.00	-0.36	-9.80
5840.00	560.00	-0.25	-10.14
5872.00	560.00	-0.01	-10.61
5904.00	560.00	0.19	-10.78
5936.00	560.00	0.22	-10.43
5968.00	560.00	0.06	-9.59
6000.00	560.00	0.06	-8.38
6032.00	560.00	0.23	-6.86
6064.00	560.00	0.34	-5.10
6096.00	560.00	0.38	-3.27
6128.00	560.00	0.36	-1.56
6160.00	560.00	0.41	-0.44
6192.00	560.00	0.27	-0.68
6224.00	560.00	0.05	-2.22
6256.00	560.00	-0.02	-4.41
6288.00	560.00	0.14	-6.20
6320.00	560.00	0.44	-7.65
6352.00	560.00	0.54	-8.89
6384.00	560.00	0.47	-9.91
6416.00	560.00	0.26	-10.23
6448.00	560.00	0.08	-9.98
6480.00	560.00	0.01	-9.74
6512.00	560.00	0.05	-9.92
6544.00	560.00	0.10	-9.99
6576.00	560.00	0.10	-10.07
16.00	592.00	0.72	-15.05
48.00	592.00	0.50	-15.03
80.00	592.00	0.33	-15.01
112.00	592.00	0.20	-15.09
144.00	592.00	0.21	-15.11
176.00	592.00	0.16	-15.13
208.00	592.00	0.14	-15.19
240.00	592.00	0.20	-15.30
272.00	592.00	0.16	-15.34
304.00	592.00	0.20	-15.39
336.00	592.00	0.27	-15.46
368.00	592.00	0.33	-15.50
400.00	592.00	0.28	-15.47
432.00	592.00	0.24	-15.38
464.00	592.00	0.26	-15.30
496.00	592.00	0.35	-15.28
528.00	592.00	0.37	-15.27
560.00	592.00	0.39	-15.28
592.00	592.00	0.31	-15.33
624.00	592.00	0.27	-15.35
656.00	592.00	0.22	-15.34
688.00	592.00	0.20	-15.40
720.00	592.00	0.17	-15.51
752.00	592.00	0.18	-15.58
784.00	592.00	0.19	-15.59
816.00	592.00	0.21	-15.57
848.00	592.00	0.22	-15.57
880.00	592.00	0.23	-15.42
912.00	592.00	0.23	-15.18
944.00	592.00	0.23	-15.03
976.00	592.00	0.29	-15.03
1008.00	592.00	0.31	-15.15
1040.00	592.00	0.31	-15.22
1072.00	592.00	0.29	-15.25
1104.00	592.00	0.30	-15.20
1136.00	592.00	0.29	-15.14
1168.00	592.00	0.19	-15.13
1200.00	592.00	0.09	-15.18
1232.00	592.00	0.06	-15.22
1264.00	592.00	0.10	-15.26
1296.00	592.00	0.23	-15.26
1328.00	592.00	0.29	-15.26
1360.00	592.00	0.30	-15.21
1392.00	592.00	0.20	-15.21
1424.00	592.00	0.21	-15.23
1456.00	592.00	0.27	-15.29
1488.00	592.00	0.27	-15.37
1520.00	592.00	0.20	-15.42
1552.00	592.00	0.16	-15.44
1584.00	592.00	0.21	-15.42
1616.00	592.00	0.21	-15.37
1648.00	592.00	0.21	-15.37
1680.00	592.00	0.27	-15.45
1712.00	592.00	0.39	-15.53
1744.00	592.00	0.36	-15.54
1776.00	592.00	0.29	-15.44
1808.00	592.00	0.36	-15.40
1840.00	592.00	0.54	-15.35
1872.00	592.00	0.66	-15.34
1904.00	592.00	0.56	-15.32
1936.00	592.00	0.42	-15.33
1968.00	592.00	0.40	-15.33
2000.00	592.00	0.48	-15.29
2032.00	592.00	0.60	-15.19
2064.00	592.00	0.64	-15.03
2096.00	592.00	0.61	-14.79
2128.00	592.00	0.58	-14.50
2160.00	592.00	0.55	-14.29
2192.00	592.00	0.62	-14.31
2224.00	592.00	0.72	-14.44
2256.00	592.00	0.79	-14.50
2288.00	592.00	0.74	-14.32
2320.00	592.00	0.70	-14.10
2352.00	592.00	0.73	-13.97
2384.00	592.00	0.78	-13.97
2416.00	592.00	0.90	-14.04
2448.00	592.00	0.98	-14.09
2480.00	592.00	1.12	-14.07
2512.00	592.00	1.17	-14.02
2544.00	592.00	1.07	-14.01
2576.00	592.00	0.91	-14.08
2608.00	592.00	0.76	-14.15
2640.00	592.00	0.71	-14.10
2672.00	592.00	0.64	-14.01
2704.00	592.00	0.47	-13.87
2736.00	592.00	0.41	-13.72
2768.00	592.00	0.52	-13.52
2800.00	592.00	0.67	-13.54
2832.00	592.00	0.60	-13.65
2864.00	592.00	0.33	-13.81
2896.00	592.00	0.19	-13.83
2928.00	592.00	0.27	-13.83
2960.00	592.00	0.36	-13.75
2992.00	592.00	0.38	-13.58
3024.00	592.00	0.37	-13.45
3056.00	592.00	0.39	-13.44
3088.00	592.00	0.46	-13.48
3120.00	592.00	0.58	-13.43
3152.00	592.00	0.73	-13.34
3184.00	592.00	0.76	-13.27
3216.00	592.00	0.81	-13.36
3248.00	592.00	0.95	-13.43
3280.00	592.00	1.05	-13.43
3312.00	592.00	1.01	-13.30
3344.00	592.00	0.89	-13.29
3376.00	592.00	0.86	-13.42
3408.00	592.00	0.88	-13.53
3440.00	592.00	0.79	-13.53
3472.00	592.00	0.60	-13.45
3504.00	592.00	0.48	-13.27
3536.00	592.00	0.37	-13.04
3568.00	592.00	0.25	-12.76
3600.00	592.00	-0.04	-12.58
3632.00	592.00	-0.25	-12.35
3664.00	592.00	-0.39	-12.11
3696.00	592.00	-0.49	-11.92
3728.00	592.00	-0.60	-11.78
3760.00	592.00	-0.61	-11.72
3792.00	592.00	-0.64	-11.61
3824.00	592.00	-0.70	-11.53
3856.00	592.00	-0.85	-11.57
3888.00	592.00	-0.99	-11.65
3920.00	592.00	-1.00	-11.62
3952.00	592.00	-0.83	-11.48
3984.00	592.00	-0.55	-11.43
4016.00	592.00	-0.33	-11.61
4048.00	592.00	-0.29	-11.80
4080.00	592.00	-0.37	-11.90
4112.00	592.00	-0.45	-12.01
4144.00	592.00	-0.44	-12.06
4176.00	592.00	-0.43	-11.94
4208.00	592.00	-0.32	-11.90
4240.00	592.00	-0.12	-12.09
4272.00	592.00	0.10	-12.50
4304.00	592.00	0.07	-12.66
4336.00	592.00	-0.22	-12.48
4368.00	592.00	-0.39	-12.22
4400.00	592.00	-0.35	-12.05
4432.00	592.00	-0.14	-12.05
4464.00	592.00	0.05	-12.12
4496.00	592.00	0.10	-12.08
4528.00	592.00	0.17	-11.94
4560.00	592.00	0.17	-11.75
4592.00	592.00	0.13	-11.63
4624.00	592.00	0.03	-11.62
4656.00	592.00	0.10	-11.67
4688.00	592.00	0.18	-11.61
4720.00	592.00	0.28	-11.47
4752.00	592.00	0.06	-11.31
4784.00	592.00	-0.10	-11.17
4816.00	592.00	-0.20	-11.17
4848.00	592.00	-0.07	-11.27
4880.00	592.00	-0.04	-11.53
4912.00	592.00	-0.03	-11.75
4944.00	592.00	-0.04	-11.83
4976.00	592.00	0.03	-11.74
5008.00	592.00	0.07	-11.68
5040.00	592.00	0.14	-11.77
5072.00	592.00	0.28	-11.97
5104.00	592.00	0.36	-12.07
5136.00	592.00	0.15	-11.95
5168.00	592.00	-0.05	-11.74
5200.00	592.00	-0.10	-11.49
5232.00	592.00	-0.00	-11.39
5264.00	592.00	0.02	-11.33
5296.00	592.00	-0.20	-11.25
5328.00	592.00	-0.44	-11.15
5360.00	592.00	-0.61	-11.19
5392.00	592.00	-0.55	-11.27
5424.00	592.00	-0.33	-11.21
5456.00	592.00	-0.32	-10.93
5488.00	592.00	-0.50	-10.57
5520.00	592.00	-0.63	-10.26
5552.00	592.00	-0.62	-10.09
5584.00	592.00	-0.54	-10.03
5616.00	592.00	-0.60	-10.02
5648.00	592.00	-0.67	-10.14
5680.00	592.00	-0.66	-10.21
5712.00	592.00	-0.62	-10.09
5744.00	592.00	-0.58	-9.71
5776.00	592.00	-0.56	-9.43
5808.00	592.00	-0.51	-9.41
5840.00	592.00	-0.37	-9.73
5872.00	592.00	-0.15	-10.23
5904.00	592.00	0.08	-10.49
5936.00	592.00	0.21	-10.25
5968.00	592.00	0.22	-9.54
6000.00	592.00	0.24	-8.45
6032.00	592.00	0.30	-6.96
6064.00	592.00	0.27	-5.12
6096.00	592.00	0.26	-3.21
6128.00	592.00	0.26	-1.48
6160.00	592.00	0.34	-0.40
6192.00	592.00	0.25	-0.68
6224.00	592.00	0.00	-2.21
6256.00	592.00	-0.05	-4.32
6288.00	592.00	0.16	-6.16
6320.00	592.00	0.45	-7.77
6352.00	592.00	0.58	-9.15
6384.00	592.00	0.61	-10.05
6416.00	592.00	0.51	-10.19
6448.00	592.00	0.30	-9.77
6480.00	592.00	0.14	-9.47
6512.00	592.00	0.22	-9.54
6544.00	592.00	0.39	-9.68
6576.00	592.00	0.45	-9.78
16.00	624.00	0.69	-15.08
48.00	624.00	0.49	-15.11
80.00	624.00	0.40	-15.11
112.00	624.00	0.32	-15.15
144.00	624.00	0.37	-15.15
176.00	624.00	0.27	-15.15
208.00	624.00	0.20	-15.19
240.00	624.00	0.20	-15.21
272.00	624.00	0.21	-15.23
304.00	624.00	0.28	-15.27
336.00	624.00	0.32	-15.34
368.00	624.00	0.28	-15.38
400.00	624.00	0.15	-15.39
432.00	624.00	0.11	-15.34
464.00	624.00	0.22	-15.30
496.00	624.00	0.35	-15.29
528.00	624.00	0.42	-15.30
560.00	624.00	0.39	-15.32
592.00	624.00	0.30	-15.39
624.00	624.00	0.22	-15.40
656.00	624.00	0.13	-15.38
688.00	624.00	0.05	-15.42
720.00	624.00	0.02	-15.48
752.00	624.00	0.09	-15.47
784.00	624.00	0.15	-15.43
816.00	624.00	0.17	-15.39
848.00	624.00	0.20	-15.44
880.00	624.00	0.24	-15.35
912.00	624.00	0.25	-15.20
944.00	624.00	0.23	-15.09
976.00	624.00	0.25	-15.07
1008.00	624.00	0.24	-15.14
1040.00	624.00	0.25	-15.21
1072.00	624.00	0.27	-15.28
1104.00	624.00	0.31	-15.27
1136.00	624.00	0.29	-15.19
1168.00	624.00	0.19	-15.15
1200.00	624.00	0.06	-15.17
1232.00	624.00	-0.01	-15.20
1264.00	624.00	0.02	-15.21
1296.00	624.00	0.14	-15.22
1328.00	624.00	0.25	-15.23
1360.00	624.00	0.27	-15.21
1392.00	624.00	0.14	-15.21
1424.00	624.00	0.07	-15.23
1456.00	624.00	0.12	-15.29
1488.00	624.00	0.21	-15.38
1520.00	624.00	0.26	-15.42
1552.00	624.00	0.24	-15.43
1584.00	624.00	0.22	-15.38
1616.00	624.00	0.14	-15.33
1648.00	624.00	0.11	-15.35
1680.00	624.00	0.12	-15.43
1712.00	624.00	0.24	-15.49
1744.00	624.00	0.24	-15.49
1776.00	624.00	0.22	-15.40
1808.00	624.00	0.26	-15.35
1840.00	624.00	0.42	-15.29
1872.00	624.00	0.53	-15.24
1904.00	624.00	0.52	-15.20
1936.00	624.00	0.40	-15.18
1968.00	624.00	0.39	-15.14
2000.00	624.00	0.39	-15.09
2032.00	624.00	0.43	-15.06
2064.00	624.00	0.43	-14.98
2096.00	624.00	0.46	-14.84
2128.00	624.00	0.49	-14.64
2160.00	624.00	0.50	-14.54
2192.00	624.00	0.55	-14.55
2224.00	624.00	0.61	-14.59
2256.00	624.00	0.64	-14.53
2288.00	624.00	0.66	-14.35
2320.00	624.00	0.69	-14.17
2352.00	624.00	0.74	-14.10
2384.00	624.00	0.74	-14.10
2416.00	624.00	0.79	-14.15
2448.00	624.00	0.84	-14.14
2480.00	624.00	1.00	-14.03
2512.00	624.00	1.18	-13.86
2544.00	624.00	1.16	-13.76
2576.00	624.00	1.03	-13.83
2608.00	624.00	0.87	-13.93
2640.00	624.00	0.79	-13.91
2672.00	624.00	0.69	-13.81
2704.00	624.00	0.56	-13.65
2736.00	624.00	0.53	-13.51
2768.00	624.00	0.63	-13.41
2800.00	624.00	0.72	-13.49
2832.00	624.00	0.65	-13.64
2864.00	624.00	0.41	-13.78
2896.00	624.00	0.28	-13.75
2928.00	624.00	0.31	-13.70
2960.00	624.00	0.34	-13.57
2992.00	624.00	0.37	-13.44
3024.00	624.00	0.34	-13.36
3056.00	624.00	0.35	-13.39
3088.00	624.00	0.36	-13.44
3120.00	624.00	0.46	-13.46
3152.00	624.00	0.63	-13.43
3184.00	624.00	0.70	-13.41
3216.00	624.00	0.79	-13.47
3248.00	624.00	0.94	-13.49
3280.00	624.00	1.06	-13.46
3312.00	624.00	1.03	-13.31
3344.00	624.00	0.95	-13.25
3376.00	624.00	0.86	-13.30
3408.00	624.00	0.77	-13.39
3440.00	624.00	0.63	-13.36
3472.00	624.00	0.49	-13.22
3504.00	624.00	0.46	-13.03
3536.00	624.00	0.37	-12.85
3568.00	624.00	0.20	-12.71
3600.00	624.00	-0.17	-12.61
3632.00	624.00	-0.46	-12.41
3664.00	624.00	-0.66	-12.19
3696.00	624.00	-0.73	-11.97
3728.00	624.00	-0.74	-11.81
3760.00	624.00	-0.68	-11.73
3792.00	624.00	-0.67	-11.62
3824.00	624.00	-0.75	-11.60
3856.00	624.00	-0.87	-11.77
3888.00	624.00	-0.91	-11.98
3920.00	624.00	-0.84	-12.06
3952.00	624.00	-0.66	-11.95
3984.00	624.00	-0.45	-11.85
4016.00	624.00	-0.30	-11.89
4048.00	624.00	-0.33	-11.88
4080.00	624.00	-0.39	-11.88
4112.00	624.00	-0.37	-12.02
4144.00	624.00	-0.29	-12.21
4176.00	624.00	-0.22	-12.23
4208.00	624.00	-0.18	-12.17
4240.00	624.00	-0.04	-12.34
4272.00	624.00	0.07	-12.64
4304.00	624.00	0.05	-12.72
4336.00	624.00	-0.12	-12.55
4368.00	624.00	-0.21	-12.32
4400.00	624.00	-0.14	-12.20
4432.00	624.00	0.10	-12.19
4464.00	624.00	0.28	-12.26
4496.00	624.00	0.31	-12.20
4528.00	624.00	0.33	-12.02
4560.00	624.00	0.29	-11.75
4592.00	624.00	0.21	-11.56
4624.00	624.00	0.01	-11.43
4656.00	624.00	0.01	-11.43
4688.00	624.00	0.12	-11.42
4720.00	624.00	0.33	-11.34
4752.00	624.00	0.19	-11.21
4784.00	624.00	0.02	-11.10
4816.00	624.00	-0.19	-11.10
4848.00	624.00	-0.17	-11.18
4880.00	624.00	-0.18	-11.38
4912.00	624.00	-0.23	-11.58
4944.00	624.00	-0.12	-11.77
4976.00	624.00	-0.02	-11.82
5008.00	624.00	0.05	-11.81
5040.00	624.00	0.01	-11.80
5072.00	624.00	0.04	-11.86
5104.00	624.00	0.08	-11.96
5136.00	624.00	-0.09	-11.93
5168.00	624.00	-0.16	-11.80
5200.00	624.00	-0.11	-11.55
5232.00	624.00	0.02	-11.35
5264.00	624.00	0.00	-11.24
5296.00	624.00	-0.21	-11.17
5328.00	624.00	-0.39	-11.14
5360.00	624.00	-0.60	-11.17
5392.00	624.00	-0.64	-11.18
5424.00	624.00	-0.51	-11.10
5456.00	624.00	-0.42	-10.84
5488.00	624.00	-0.53	-10.50
5520.00	624.00	-0.63	-10.11
5552.00	624.00	-0.69	-9.81
5584.00	624.00	-0.65	-9.70
5616.00	624.00	-0.69	-9.77
5648.00	624.00	-0.72	-9.98
5680.00	624.00	-0.63	-10.01
5712.00	624.00	-0.62	-9.77
5744.00	624.00	-0.57	-9.44
5776.00	624.00	-0.52	-9.29
5808.00	624.00	-0.45	-9.43
5840.00	624.00	-0.30	-9.73
5872.00	624.00	-0.13	-10.07
5904.00	624.00	0.09	-10.22
5936.00	624.00	0.23	-10.00
5968.00	624.00	0.28	-9.44
6000.00	624.00	0.29	-8.46
6032.00	624.00	0.27	-7.02
6064.00	624.00	0.18	-5.17
6096.00	624.00	0.10	-3.26
6128.00	624.00	0.17	-1.49
6160.00	624.00	0.27	-0.41
6192.00	624.00	0.27	-0.65
6224.00	624.00	0.02	-2.02
6256.00	624.00	-0.04	-4.07
6288.00	624.00	0.17	-5.99
6320.00	624.00	0.43	-7.77
6352.00	624.00	0.56	-9.19
6384.00	624.00	0.62	-9.97
6416.00	624.00	0.60	-10.11
6448.00	624.00	0.43	-9.74
6480.00	624.00	0.32	-9.45
6512.00	624.00	0.43	-9.33
6544.00	624.00	0.60	-9.22
6576.00	624.00	0.66	-9.17
16.00	656.00	0.58	-15.12
48.00	656.00	0.49	-15.21
80.00	656.00	0.48	-15.26
112.00	656.00	0.53	-15.27
144.00	656.00	0.57	-15.29
176.00	656.00	0.45	-15.35
208.00	656.00	0.34	-15.34
240.00	656.00	0.28	-15.27
272.00	656.00	0.27	-15.24
304.00	656.00	0.31	-15.25
336.00	656.00	0.29	-15.26
368.00	656.00	0.20	-15.26
400.00	656.00	0.06	-15.28
432.00	656.00	0.04	-15.28
464.00	656.00	0.14	-15.29
496.00	656.00	0.25	-15.29
528.00	656.00	0.31	-15.29
560.00	656.00	0.28	-15.30
592.00	656.00	0.22	-15.34
624.00	656.00	0.17	-15.34
656.00	656.00	0.10	-15.33
688.00	656.00	0.06	-15.35
720.00	656.00	0.06	-15.35
752.00	656.00	0.11	-15.32
784.00	656.00	0.13	-15.33
816.00	656.00	0.10	-15.38
848.00	656.00	0.11	-15.43
880.00	656.00	0.17	-15.36
912.00	656.00	0.22	-15.27
944.00	656.00	0.21	-15.24
976.00	656.00	0.17	-15.22
1008.00	656.00	0.15	-15.20
1040.00	656.00	0.18	-15.25
1072.00	656.00	0.15	-15.34
1104.00	656.00	0.17	-15.41
1136.00	656.00	0.20	-15.37
1168.00	656.00	0.25	-15.28
1200.00	656.00	0.18	-15.22
1232.00	656.00	0.07	-15.18
1264.00	656.00	0.02	-15.18
1296.00	656.00	0.06	-15.21
1328.00	656.00	0.20	-15.23
1360.00	656.00	0.30	-15.24
1392.00	656.00	0.21	-15.24
1424.00	656.00	0.01	-15.25
1456.00	656.00	-0.06	-15.28
1488.00	656.00	0.06	-15.34
1520.00	656.00	0.26	-15.38
1552.00	656.00	0.31	-15.38
1584.00	656.00	0.26	-15.34
1616.00	656.00	0.18	-15.33
1648.00	656.00	0.13	-15.34
1680.00	656.00	0.12	-15.39
1712.00	656.00	0.19	-15.42
1744.00	656.00	0.22	-15.41
1776.00	656.00	0.25	-15.35
1808.00	656.00	0.27	-15.33
1840.00	656.00	0.37	-15.33
1872.00	656.00	0.44	-15.30
1904.00	656.00	0.47	-15.24
1936.00	656.00	0.41	-15.09
1968.00	656.00	0.39	-14.94
2000.00	656.00	0.33	-14.88
2032.00	656.00	0.28	-14.89
2064.00	656.00	0.23	-14.91
2096.00	656.00	0.28	-14.86
2128.00	656.00	0.41	-14.82
2160.00	656.00	0.53	-14.82
2192.00	656.00	0.53	-14.80
2224.00	656.00	0.54	-14.72
2256.00	656.00	0.54	-14.50
2288.00	656.00	0.65	-14.27
2320.00	656.00	0.71	-14.15
2352.00	656.00	0.74	-14.15
2384.00	656.00	0.67	-14.18
2416.00	656.00	0.60	-14.19
2448.00	656.00	0.62	-14.10
2480.00	656.00	0.75	-13.94
2512.00	656.00	0.93	-13.72
2544.00	656.00	0.86	-13.59
2576.00	656.00	0.80	-13.59
2608.00	656.00	0.73	-13.65
2640.00	656.00	0.72	-13.66
2672.00	656.00	0.64	-13.61
2704.00	656.00	0.54	-13.47
2736.00	656.00	0.58	-13.41
2768.00	656.00	0.70	-13.45
2800.00	656.00	0.71	-13.58
2832.00	656.00	0.63	-13.67
2864.00	656.00	0.45	-13.72
2896.00	656.00	0.38	-13.68
2928.00	656.00	0.39	-13.59
2960.00	656.00	0.39	-13.43
2992.00	656.00	0.45	-13.33
3024.00	656.00	0.46	-13.33
3056.00	656.00	0.48	-13.41
3088.00	656.00	0.42	-13.48
3120.00	656.00	0.49	-13.51
3152.00	656.00	0.58	-13.44
3184.00	656.00	0.63	-13.39
3216.00	656.00	0.69	-13.34
3248.00	656.00	0.83	-13.38
3280.00	656.00	0.98	-13.39
3312.00	656.00	1.07	-13.34
3344.00	656.00	1.07	-13.27
3376.00	656.00	1.01	-13.22
3408.00	656.00	0.87	-13.20
3440.00	656.00	0.62	-13.10
3472.00	656.00	0.49	-12.84
3504.00	656.00	0.48	-12.60
3536.00	656.00	0.44	-12.51
3568.00	656.00	0.19	-12.55
3600.00	656.00	-0.24	-12.56
3632.00	656.00	-0.56	-12.41
3664.00	656.00	-0.77	-12.20
3696.00	656.00	-0.88	-12.03
3728.00	656.00	-0.94	-11.90
3760.00	656.00	-0.90	-11.77
3792.00	656.00	-0.89	-11.64
3824.00	656.00	-0.91	-11.65
3856.00	656.00	-0.94	-11.86
3888.00	656.00	-0.82	-12.06
3920.00	656.00	-0.66	-12.11
3952.00	656.00	-0.51	-12.01
3984.00	656.00	-0.41	-11.89
4016.00	656.00	-0.37	-11.86
4048.00	656.00	-0.42	-11.89
4080.00	656.00	-0.47	-11.90
4112.00	656.00	-0.37	-12.04
4144.00	656.00	-0.28	-12.17
4176.00	656.00	-0.17	-12.23
4208.00	656.00	-0.15	-12.24
4240.00	656.00	-0.04	-12.39
4272.00	656.00	0.05	-12.65
4304.00	656.00	0.09	-12.69
4336.00	656.00	0.08	-12.59
4368.00	656.00	0.11	-12.45
4400.00	656.00	0.23	-12.40
4432.00	656.00	0.44	-12.39
4464.00	656.00	0.54	-12.38
4496.00	656.00	0.48	-12.27
4528.00	656.00	0.41	-12.02
4560.00	656.00	0.32	-11.73
4592.00	656.00	0.21	-11.50
4624.00	656.00	-0.02	-11.31
4656.00	656.00	-0.10	-11.24
4688.00	656.00	-0.02	-11.18
4720.00	656.00	0.20	-11.11
4752.00	656.00	0.18	-11.01
4784.00	656.00	0.08	-10.99
4816.00	656.00	-0.15	-11.02
4848.00	656.00	-0.24	-11.06
4880.00	656.00	-0.29	-11.19
4912.00	656.00	-0.32	-11.35
4944.00	656.00	-0.20	-11.59
4976.00	656.00	-0.14	-11.72
5008.00	656.00	-0.08	-11.71
5040.00	656.00	-0.14	-11.64
5072.00	656.00	-0.16	-11.59
5104.00	656.00	-0.15	-11.63
5136.00	656.00	-0.24	-11.67
5168.00	656.00	-0.22	-11.66
5200.00	656.00	-0.08	-11.58
5232.00	656.00	0.07	-11.37
5264.00	656.00	0.10	-11.19
5296.00	656.00	-0.08	-11.08
5328.00	656.00	-0.20	-11.11
5360.00	656.00	-0.40	-11.15
5392.00	656.00	-0.55	-11.09
5424.00	656.00	-0.65	-10.94
5456.00	656.00	-0.60	-10.68
5488.00	656.00	-0.72	-10.30
5520.00	656.00	-0.78	-9.85
5552.00	656.00	-0.89	-9.54
5584.00	656.00	-0.87	-9.49
5616.00	656.00	-0.85	-9.64
5648.00	656.00	-0.81	-9.85
5680.00	656.00	-0.67	-9.84
5712.00	656.00	-0.64	-9.58
5744.00	656.00	-0.50	-9.37
5776.00	656.00	-0.30	-9.42
5808.00	656.00	-0.11	-9.78
5840.00	656.00	-0.02	-10.07
5872.00	656.00	0.10	-10.30
5904.00	656.00	0.25	-10.30
5936.00	656.00	0.34	-9.97
5968.00	656.00	0.28	-9.29
6000.00	656.00	0.22	-8.20
6032.00	656.00	0.16	-6.82
6064.00	656.00	0.07	-5.16
6096.00	656.00	0.07	-3.26
6128.00	656.00	0.24	-1.51
6160.00	656.00	0.39	-0.40
6192.00	656.00	0.34	-0.74
6224.00	656.00	0.02	-2.17
6256.00	656.00	-0.06	-4.21
6288.00	656.00	0.09	-6.17
6320.00	656.00	0.33	-7.86
6352.00	656.00	0.45	-9.06
6384.00	656.00	0.50	-9.65
6416.00	656.00	0.50	-9.90
6448.00	656.00	0.38	-9.86
6480.00	656.00	0.31	-9.78
6512.00	656.00	0.47	-9.59
6544.00	656.00	0.56	-9.17
6576.00	656.00	0.63	-8.94
16.00	688.00	0.52	-15.17
48.00	688.00	0.49	-15.26
80.00	688.00	0.50	-15.33
112.00	688.00	0.60	-15.38
144.00	688.00	0.64	-15.46
176.00	688.00	0.58	-15.50
208.00	688.00	0.47	-15.42
240.00	688.00	0.39	-15.29
272.00	688.00	0.32	-15.27
304.00	688.00	0.25	-15.30
336.00	688.00	0.16	-15.30
368.00	688.00	0.08	-15.27
400.00	688.00	0.04	-15.26
432.00	688.00	0.06	-15.28
464.00	688.00	0.14	-15.31
496.00	688.00	0.18	-15.30
528.00	688.00	0.24	-15.28
560.00	688.00	0.24	-15.27
592.00	688.00	0.20	-15.30
624.00	688.00	0.15	-15.30
656.00	688.00	0.14	-15.25
688.00	688.00	0.15	-15.21
720.00	688.00	0.19	-15.18
752.00	688.00	0.19	-15.21
784.00	688.00	0.17	-15.33
816.00	688.00	0.10	-15.44
848.00	688.00	0.04	-15.47
880.00	688.00	0.06	-15.41
912.00	688.00	0.13	-15.37
944.00	688.00	0.20	-15.39
976.00	688.00	0.18	-15.37
1008.00	688.00	0.13	-15.36
1040.00	688.00	0.13	-15.42
1072.00	688.00	0.05	-15.52
1104.00	688.00	0.06	-15.56
1136.00	688.00	0.13	-15.45
1168.00	688.00	0.29	-15.33
1200.00	688.00	0.32	-15.20
1232.00	688.00	0.21	-15.14
1264.00	688.00	0.09	-15.16
1296.00	688.00	0.07	-15.25
1328.00	688.00	0.20	-15.34
1360.00	688.00	0.34	-15.37
1392.00	688.00	0.28	-15.31
1424.00	688.00	0.04	-15.23
1456.00	688.00	-0.09	-15.20
1488.00	688.00	0.00	-15.23
1520.00	688.00	0.21	-15.25
1552.00	688.00	0.27	-15.25
1584.00	688.00	0.23	-15.27
1616.00	688.00	0.22	-15.33
1648.00	688.00	0.22	-15.38
1680.00	688.00	0.24	-15.39
1712.00	688.00	0.24	-15.39
1744.00	688.00	0.23	-15.38
1776.00	688.00	0.23	-15.36
1808.00	688.00	0.24	-15.33
1840.00	688.00	0.32	-15.32
1872.00	688.00	0.37	-15.32
1904.00	688.00	0.40	-15.25
1936.00	688.00	0.40	-15.05
1968.00	688.00	0.40	-14.86
2000.00	688.00	0.38	-14.80
2032.00	688.00	0.30	-14.84
2064.00	688.00	0.21	-14.89
2096.00	688.00	0.21	-14.87
2128.00	688.00	0.39	-14.90
2160.00	688.00	0.61	-14.94
2192.00	688.00	0.62	-14.85
2224.00	688.00	0.58	-14.66
2256.00	688.00	0.52	-14.38
2288.00	688.00	0.61	-14.17
2320.00	688.00	0.64	-14.11
2352.00	688.00	0.68	-14.16
2384.00	688.00	0.61	-14.21
2416.00	688.00	0.54	-14.18
2448.00	688.00	0.53	-14.04
2480.00	688.00	0.65	-13.86
2512.00	688.00	0.77	-13.68
2544.00	688.00	0.58	-13.53
2576.00	688.00	0.41	-13.44
2608.00	688.00	0.43	-13.39
2640.00	688.00	0.56	-13.41
2672.00	688.00	0.56	-13.39
2704.00	688.00	0.43	-13.30
2736.00	688.00	0.46	-13.31
2768.00	688.00	0.57	-13.51
2800.00	688.00	0.63	-13.68
2832.00	688.00	0.56	-13.73
2864.00	688.00	0.44	-13.71
2896.00	688.00	0.38	-13.69
2928.00	688.00	0.38	-13.60
2960.00	688.00	0.42	-13.41
2992.00	688.00	0.51	-13.31
3024.00	688.00	0.55	-13.33
3056.00	688.00	0.54	-13.42
3088.00	688.00	0.48	-13.50
3120.00	688.00	0.54	-13.53
3152.00	688.00	0.57	-13.42
3184.00	688.00	0.54	-13.29
3216.00	688.00	0.53	-13.20
3248.00	688.00	0.61	-13.29
3280.00	688.00	0.76	-13.38
3312.00	688.00	0.94	-13.40
3344.00	688.00	1.09	-13.31
3376.00	688.00	1.16	-13.14
3408.00	688.00	0.97	-13.02
3440.00	688.00	0.66	-12.85
3472.00	688.00	0.48	-12.57
3504.00	688.00	0.46	-12.30
3536.00	688.00	0.37	-12.27
3568.00	688.00	0.07	-12.43
3600.00	688.00	-0.28	-12.52
3632.00	688.00	-0.49	-12.36
3664.00	688.00	-0.65	-12.18
3696.00	688.00	-0.84	-12.07
3728.00	688.00	-0.96	-11.99
3760.00	688.00	-1.00	-11.86
3792.00	688.00	-1.06	-11.72
3824.00	688.00	-1.09	-11.71
3856.00	688.00	-1.04	-11.82
3888.00	688.00	-0.77	-11.89
3920.00	688.00	-0.53	-11.87
3952.00	688.00	-0.42	-11.79
3984.00	688.00	-0.44	-11.72
4016.00	688.00	-0.51	-11.68
4048.00	688.00	-0.61	-11.84
4080.00	688.00	-0.71	-11.87
4112.00	688.00	-0.58	-11.96
4144.00	688.00	-0.42	-11.93
4176.00	688.00	-0.23	-12.06
4208.00	688.00	-0.14	-12.22
4240.00	688.00	-0.02	-12.44
4272.00	688.00	0.15	-12.66
4304.00	688.00	0.24	-12.68
4336.00	688.00	0.28	-12.64
4368.00	688.00	0.31	-12.54
4400.00	688.00	0.43	-12.50
4432.00	688.00	0.59	-12.47
4464.00	688.00	0.61	-12.45
4496.00	688.00	0.49	-12.34
4528.00	688.00	0.35	-12.08
4560.00	688.00	0.30	-11.75
4592.00	688.00	0.24	-11.48
4624.00	688.00	0.06	-11.26
4656.00	688.00	-0.10	-11.11
4688.00	688.00	-0.11	-10.98
4720.00	688.00	0.06	-10.92
4752.00	688.00	0.17	-10.91
4784.00	688.00	0.15	-10.98
4816.00	688.00	-0.06	-11.01
4848.00	688.00	-0.27	-11.06
4880.00	688.00	-0.38	-11.14
4912.00	688.00	-0.35	-11.24
4944.00	688.00	-0.22	-11.42
4976.00	688.00	-0.20	-11.52
5008.00	688.00	-0.18	-11.59
5040.00	688.00	-0.24	-11.49
5072.00	688.00	-0.30	-11.39
5104.00	688.00	-0.38	-11.35
5136.00	688.00	-0.42	-11.40
5168.00	688.00	-0.36	-11.45
5200.00	688.00	-0.11	-11.48
5232.00	688.00	0.09	-11.38
5264.00	688.00	0.19	-11.20
5296.00	688.00	0.09	-11.07
5328.00	688.00	-0.01	-11.07
5360.00	688.00	-0.18	-11.12
5392.00	688.00	-0.35	-11.08
5424.00	688.00	-0.57	-10.90
5456.00	688.00	-0.61	-10.62
5488.00	688.00	-0.82	-10.09
5520.00	688.00	-0.96	-9.58
5552.00	688.00	-1.15	-9.27
5584.00	688.00	-1.23	-9.27
5616.00	688.00	-1.14	-9.34
5648.00	688.00	-1.07	-9.54
5680.00	688.00	-0.81	-9.62
5712.00	688.00	-0.70	-9.69
5744.00	688.00	-0.42	-9.66
5776.00	688.00	-0.11	-9.84
5808.00	688.00	0.19	-10.23
5840.00	688.00	0.24	-10.50
5872.00	688.00	0.32	-10.69
5904.00	688.00	0.38	-10.55
5936.00	688.00	0.40	-10.08
5968.00	688.00	0.26	-9.28
6000.00	688.00	0.14	-8.19
6032.00	688.00	0.08	-6.90
6064.00	688.00	0.03	-5.18
6096.00	688.00	0.09	-3.17
6128.00	688.00	0.31	-1.35
6160.00	688.00	0.44	-0.41
6192.00	688.00	0.36	-0.94
6224.00	688.00	0.02	-2.65
6256.00	688.00	-0.06	-4.79
6288.00	688.00	0.05	-6.64
6320.00	688.00	0.31	-8.00
6352.00	688.00	0.41	-8.96
6384.00	688.00	0.40	-9.49
6416.00	688.00	0.33	-9.93
6448.00	688.00	0.29	-10.16
6480.00	688.00	0.31	-10.18
6512.00	688.00	0.39	-9.91
6544.00	688.00	0.40	-9.32
6576.00	688.00	0.40	-9.05
16.00	720.00	0.45	-15.22
48.00	720.00	0.50	-15.26
80.00	720.00	0.54	-15.31
112.00	720.00	0.63	-15.37
144.00	720.00	0.59	-15.49
176.00	720.00	0.54	-15.56
208.00	720.00	0.42	-15.51
240.00	720.00	0.40	-15.35
272.00	720.00	0.33	-15.30
304.00	720.00	0.21	-15.33
336.00	720.00	0.07	-15.37
368.00	720.00	0.03	-15.34
400.00	720.00	0.09	-15.30
432.00	720.00	0.14	-15.32
464.00	720.00	0.16	-15.34
496.00	720.00	0.14	-15.33
528.00	720.00	0.16	-15.32
560.00	720.00	0.19	-15.34
592.00	720.00	0.19	-15.37
624.00	720.00	0.19	-15.35
656.00	720.00	0.24	-15.25
688.00	720.00	0.29	-15.16
720.00	720.00	0.32	-15.11
752.00	720.00	0.26	-15.16
784.00	720.00	0.22	-15.29
816.00	720.00	0.13	-15.41
848.00	720.00	0.02	-15.43
880.00	720.00	0.01	-15.41
912.00	720.00	0.13	-15.40
944.00	720.00	0.27	-15.47
976.00	720.00	0.28	-15.48
1008.00	720.00	0.22	-15.49
1040.00	720.00	0.15	-15.54
1072.00	720.00	0.04	-15.57
1104.00	720.00	0.02	-15.56
1136.00	720.00	0.10	-15.43
1168.00	720.00	0.30	-15.32
1200.00	720.00	0.37	-15.18
1232.00	720.00	0.25	-15.10
1264.00	720.00	0.14	-15.17
1296.00	720.00	0.12	-15.36
1328.00	720.00	0.25	-15.53
1360.00	720.00	0.32	-15.56
1392.00	720.00	0.23	-15.40
1424.00	720.00	0.06	-15.25
1456.00	720.00	-0.01	-15.18
1488.00	720.00	0.08	-15.20
1520.00	720.00	0.19	-15.17
1552.00	720.00	0.22	-15.13
1584.00	720.00	0.20	-15.18
1616.00	720.00	0.20	-15.32
1648.00	720.00	0.20	-15.41
1680.00	720.00	0.26	-15.40
1712.00	720.00	0.26	-15.39
1744.00	720.00	0.21	-15.40
1776.00	720.00	0.15	-15.43
1808.00	720.00	0.18	-15.40
1840.00	720.00	0.29	-15.36
1872.00	720.00	0.33	-15.31
1904.00	720.00	0.32	-15.22
1936.00	720.00	0.31	-15.05
1968.00	720.00	0.35	-14.93
2000.00	720.00	0.43	-14.89
2032.00	720.00	0.42	-14.90
2064.00	720.00	0.32	-14.90
2096.00	720.00	0.27	-14.88
2128.00	720.00	0.44	-14.91
2160.00	720.00	0.66	-14.90
2192.00	720.00	0.70	-14.80
2224.00	720.00	0.61	-14.65
2256.00	720.00	0.51	-14.46
2288.00	720.00	0.51	-14.28
2320.00	720.00	0.49	-14.17
2352.00	720.00	0.56	-14.21
2384.00	720.00	0.64	-14.25
2416.00	720.00	0.71	-14.21
2448.00	720.00	0.70	-14.00
2480.00	720.00	0.72	-13.82
2512.00	720.00	0.69	-13.75
2544.00	720.00	0.41	-13.62
2576.00	720.00	0.15	-13.43
2608.00	720.00	0.16	-13.26
2640.00	720.00	0.43	-13.25
2672.00	720.00	0.53	-13.24
2704.00	720.00	0.43	-13.20
2736.00	720.00	0.36	-13.26
2768.00	720.00	0.46	-13.53
2800.00	720.00	0.55	-13.74
2832.00	720.00	0.55	-13.82
2864.00	720.00	0.43	-13.76
2896.00	720.00	0.35	-13.72
2928.00	720.00	0.38	-13.63
2960.00	720.00	0.52	-13.52
2992.00	720.00	0.60	-13.43
3024.00	720.00	0.58	-13.43
3056.00	720.00	0.51	-13.46
3088.00	720.00	0.48	-13.51
3120.00	720.00	0.53	-13.50
3152.00	720.00	0.55	-13.40
3184.00	720.00	0.50	-13.32
3216.00	720.00	0.51	-13.26
3248.00	720.00	0.55	-13.39
3280.00	720.00	0.61	-13.47
3312.00	720.00	0.72	-13.48
3344.00	720.00	0.91	-13.33
3376.00	720.00	1.11	-13.11
3408.00	720.00	1.03	-12.97
3440.00	720.00	0.70	-12.82
3472.00	720.00	0.48	-12.53
3504.00	720.00	0.32	-12.24
3536.00	720.00	0.09	-12.26
3568.00	720.00	-0.23	-12.49
3600.00	720.00	-0.54	-12.58
3632.00	720.00	-0.61	-12.37
3664.00	720.00	-0.73	-12.15
3696.00	720.00	-0.84	-12.08
3728.00	720.00	-0.97	-12.03
3760.00	720.00	-1.03	-11.95
3792.00	720.00	-1.12	-11.81
3824.00	720.00	-1.16	-11.78
3856.00	720.00	-1.13	-11.78
3888.00	720.00	-0.87	-11.76
3920.00	720.00	-0.66	-11.65
3952.00	720.00	-0.56	-11.53
3984.00	720.00	-0.58	-11.50
4016.00	720.00	-0.66	-11.49
4048.00	720.00	-0.74	-11.70
4080.00	720.00	-0.88	-11.73
4112.00	720.00	-0.75	-11.88
4144.00	720.00	-0.55	-11.90
4176.00	720.00	-0.33	-12.06
4208.00	720.00	-0.20	-12.25
4240.00	720.00	-0.06	-12.42
4272.00	720.00	0.16	-12.58
4304.00	720.00	0.29	-12.63
4336.00	720.00	0.33	-12.64
4368.00	720.00	0.36	-12.57
4400.00	720.00	0.46	-12.48
4432.00	720.00	0.57	-12.41
4464.00	720.00	0.53	-12.38
4496.00	720.00	0.38	-12.30
4528.00	720.00	0.23	-12.07
4560.00	720.00	0.21	-11.76
4592.00	720.00	0.19	-11.47
4624.00	720.00	0.11	-11.26
4656.00	720.00	-0.04	-11.12
4688.00	720.00	-0.12	-11.00
4720.00	720.00	-0.02	-10.97
4752.00	720.00	0.13	-11.00
4784.00	720.00	0.17	-11.09
4816.00	720.00	0.02	-11.10
4848.00	720.00	-0.22	-11.12
4880.00	720.00	-0.35	-11.16
4912.00	720.00	-0.25	-11.25
4944.00	720.00	-0.14	-11.38
4976.00	720.00	-0.13	-11.45
5008.00	720.00	-0.24	-11.46
5040.00	720.00	-0.38	-11.43
5072.00	720.00	-0.44	-11.41
5104.00	720.00	-0.46	-11.40
5136.00	720.00	-0.41	-11.39
5168.00	720.00	-0.37	-11.37
5200.00	720.00	-0.19	-11.42
5232.00	720.00	-0.02	-11.39
5264.00	720.00	0.08	-11.22
5296.00	720.00	0.03	-11.08
5328.00	720.00	-0.04	-11.04
5360.00	720.00	-0.13	-11.11
5392.00	720.00	-0.21	-11.15
5424.00	720.00	-0.31	-11.06
5456.00	720.00	-0.41	-10.79
5488.00	720.00	-0.76	-10.14
5520.00	720.00	-1.09	-9.52
5552.00	720.00	-1.34	-9.15
5584.00	720.00	-1.37	-9.13
5616.00	720.00	-1.22	-9.25
5648.00	720.00	-1.09	-9.58
5680.00	720.00	-0.82	-9.83
5712.00	720.00	-0.68	-10.03
5744.00	720.00	-0.41	-10.01
5776.00	720.00	-0.10	-10.12
5808.00	720.00	0.24	-10.31
5840.00	720.00	0.41	-10.46
5872.00	720.00	0.52	-10.60
5904.00	720.00	0.49	-10.52
5936.00	720.00	0.41	-10.14
5968.00	720.00	0.26	-9.46
6000.00	720.00	0.20	-8.52
6032.00	720.00	0.17	-7.25
6064.00	720.00	0.11	-5.36
6096.00	720.00	0.14	-3.16
6128.00	720.00	0.32	-1.26
6160.00	720.00	0.40	-0.43
6192.00	720.00	0.31	-1.07
6224.00	720.00	0.01	-3.07
6256.00	720.00	-0.08	-5.36
6288.00	720.00	-0.00	-7.24
6320.00	720.00	0.22	-8.39
6352.00	720.00	0.35	-9.13
6384.00	720.00	0.36	-9.59
6416.00	720.00	0.29	-9.98
6448.00	720.00	0.24	-10.28
6480.00	720.00	0.18	-10.32
6512.00	720.00	0.20	-10.16
6544.00	720.00	0.18	-9.77
6576.00	720.00	0.18	-9.66
16.00	752.00	0.40	-15.25
48.00	752.00	0.46	-15.25
80.00	752.00	0.54	-15.26
112.00	752.00	0.59	-15.32
144.00	752.00	0.51	-15.42
176.00	752.00	0.41	-15.52
208.00	752.00	0.31	-15.49
240.00	752.00	0.33	-15.33
272.00	752.00	0.27	-15.26
304.00	752.00	0.14	-15.28
336.00	752.00	0.02	-15.35
368.00	752.00	0.03	-15.33
400.00	752.00	0.12	-15.29
432.00	752.00	0.14	-15.30
464.00	752.00	0.13	-15.31
496.00	752.00	0.13	-15.31
528.00	752.00	0.16	-15.33
560.00	752.00	0.19	-15.40
592.00	752.00	0.23	-15.43
624.00	752.00	0.25	-15.38
656.00	752.00	0.33	-15.27
688.00	752.00	0.37	-15.21
720.00	752.00	0.36	-15.20
752.00	752.00	0.27	-15.22
784.00	752.00	0.22	-15.27
816.00	752.00	0.14	-15.33
848.00	752.00	0.06	-15.38
880.00	752.00	0.06	-15.42
912.00	752.00	0.17	-15.44
944.00	752.00	0.33	-15.47
976.00	752.00	0.36	-15.45
1008.00	752.00	0.29	-15.46
1040.00	752.00	0.19	-15.54
1072.00	752.00	0.08	-15.54
1104.00	752.00	0.06	-15.43
1136.00	752.00	0.13	-15.25
1168.00	752.00	0.28	-15.15
1200.00	752.00	0.33	-15.07
1232.00	752.00	0.21	-15.02
1264.00	752.00	0.10	-15.12
1296.00	752.00	0.10	-15.37
1328.00	752.00	0.19	-15.58
1360.00	752.00	0.19	-15.59
1392.00	752.00	0.11	-15.41
1424.00	752.00	0.06	-15.27
1456.00	752.00	0.10	-15.24
1488.00	752.00	0.19	-15.28
1520.00	752.00	0.23	-15.19
1552.00	752.00	0.22	-15.10
1584.00	752.00	0.20	-15.14
1616.00	752.00	0.14	-15.30
1648.00	752.00	0.14	-15.40
1680.00	752.00	0.22	-15.39
1712.00	752.00	0.23	-15.40
1744.00	752.00	0.15	-15.46
1776.00	752.00	0.06	-15.53
1808.00	752.00	0.13	-15.53
1840.00	752.00	0.26	-15.46
1872.00	752.00	0.29	-15.31
1904.00	752.00	0.23	-15.15
1936.00	752.00	0.21	-15.01
1968.00	752.00	0.30	-14.98
2000.00	752.00	0.46	-14.98
2032.00	752.00	0.48	-14.96
2064.00	752.00	0.36	-14.89
2096.00	752.00	0.28	-14.85
2128.00	752.00	0.44	-14.85
2160.00	752.00	0.67	-14.81
2192.00	752.00	0.76	-14.73
2224.00	752.00	0.67	-14.65
2256.00	752.00	0.49	-14.59
2288.00	752.00	0.33	-14.44
2320.00	752.00	0.29	-14.22
2352.00	752.00	0.44	-14.23
2384.00	752.00	0.68	-14.30
2416.00	752.00	0.85	-14.33
2448.00	752.00	0.83	-14.09
2480.00	752.00	0.73	-13.87
2512.00	752.00	0.58	-13.78
2544.00	752.00	0.35	-13.64
2576.00	752.00	0.18	-13.43
2608.00	752.00	0.22	-13.25
2640.00	752.00	0.45	-13.22
2672.00	752.00	0.55	-13.25
2704.00	752.00	0.49	-13.25
2736.00	752.00	0.41	-13.37
2768.00	752.00	0.42	-13.60
2800.00	752.00	0.49	-13.80
2832.00	752.00	0.54	-13.86
2864.00	752.00	0.45	-13.75
2896.00	752.00	0.36	-13.63
2928.00	752.00	0.37	-13.57
2960.00	752.00	0.54	-13.57
2992.00	752.00	0.62	-13.54
3024.00	752.00	0.54	-13.51
3056.00	752.00	0.40	-13.49
3088.00	752.00	0.39	-13.52
3120.00	752.00	0.42	-13.51
3152.00	752.00	0.48	-13.50
3184.00	752.00	0.44	-13.48
3216.00	752.00	0.52	-13.44
3248.00	752.00	0.58	-13.46
3280.00	752.00	0.55	-13.49
3312.00	752.00	0.49	-13.47
3344.00	752.00	0.55	-13.32
3376.00	752.00	0.80	-13.10
3408.00	752.00	0.88	-13.00
3440.00	752.00	0.69	-12.89
3472.00	752.00	0.38	-12.69
3504.00	752.00	0.09	-12.42
3536.00	752.00	-0.28	-12.44
3568.00	752.00	-0.49	-12.59
3600.00	752.00	-0.69	-12.62
3632.00	752.00	-0.65	-12.37
3664.00	752.00	-0.74	-12.08
3696.00	752.00	-0.80	-11.91
3728.00	752.00	-0.85	-11.83
3760.00	752.00	-0.86	-11.77
3792.00	752.00	-0.95	-11.70
3824.00	752.00	-1.07	-11.71
3856.00	752.00	-1.15	-11.69
3888.00	752.00	-1.02	-11.64
3920.00	752.00	-0.86	-11.53
3952.00	752.00	-0.73	-11.45
3984.00	752.00	-0.66	-11.47
4016.00	752.00	-0.66	-11.43
4048.00	752.00	-0.66	-11.52
4080.00	752.00	-0.76	-11.60
4112.00	752.00	-0.69	-11.87
4144.00	752.00	-0.55	-12.07
4176.00	752.00	-0.41	-12.20
4208.00	752.00	-0.30	-12.25
4240.00	752.00	-0.14	-12.29
4272.00	752.00	0.16	-12.38
4304.00	752.00	0.41	-12.48
4336.00	752.00	0.48	-12.53
4368.00	752.00	0.46	-12.50
4400.00	752.00	0.49	-12.43
4432.00	752.00	0.54	-12.34
4464.00	752.00	0.50	-12.30
4496.00	752.00	0.38	-12.20
4528.00	752.00	0.20	-11.98
4560.00	752.00	0.16	-11.67
4592.00	752.00	0.15	-11.38
4624.00	752.00	0.11	-11.17
4656.00	752.00	0.00	-11.06
4688.00	752.00	-0.07	-10.98
4720.00	752.00	-0.02	-10.99
4752.00	752.00	0.12	-11.01
4784.00	752.00	0.14	-11.05
4816.00	752.00	0.01	-11.08
4848.00	752.00	-0.20	-11.12
4880.00	752.00	-0.27	-11.15
4912.00	752.00	-0.13	-11.23
4944.00	752.00	0.03	-11.38
4976.00	752.00	0.03	-11.49
5008.00	752.00	-0.16	-11.50
5040.00	752.00	-0.39	-11.48
5072.00	752.00	-0.47	-11.53
5104.00	752.00	-0.40	-11.57
5136.00	752.00	-0.27	-11.54
5168.00	752.00	-0.22	-11.47
5200.00	752.00	-0.13	-11.49
5232.00	752.00	-0.09	-11.46
5264.00	752.00	-0.18	-11.21
5296.00	752.00	-0.24	-11.01
5328.00	752.00	-0.24	-10.95
5360.00	752.00	-0.09	-11.09
5392.00	752.00	-0.11	-11.19
5424.00	752.00	-0.15	-11.11
5456.00	752.00	-0.33	-10.86
5488.00	752.00	-0.70	-10.28
5520.00	752.00	-1.05	-9.71
5552.00	752.00	-1.27	-9.25
5584.00	752.00	-1.20	-9.15
5616.00	752.00	-1.04	-9.37
5648.00	752.00	-0.87	-9.87
5680.00	752.00	-0.67	-10.19
5712.00	752.00	-0.57	-10.27
5744.00	752.00	-0.42	-10.18
5776.00	752.00	-0.20	-10.21
5808.00	752.00	0.13	-10.32
5840.00	752.00	0.46	-10.35
5872.00	752.00	0.63	-10.44
5904.00	752.00	0.58	-10.38
5936.00	752.00	0.38	-10.15
5968.00	752.00	0.25	-9.70
6000.00	752.00	0.25	-8.93
6032.00	752.00	0.25	-7.65
6064.00	752.00	0.16	-5.50
6096.00	752.00	0.15	-3.14
6128.00	752.00	0.30	-1.17
6160.00	752.00	0.38	-0.42
6192.00	752.00	0.30	-1.06
6224.00	752.00	0.09	-3.21
6256.00	752.00	-0.00	-5.61
6288.00	752.00	0.06	-7.59
6320.00	752.00	0.22	-8.70
6352.00	752.00	0.34	-9.38
6384.00	752.00	0.33	-9.83
6416.00	752.00	0.28	-10.10
6448.00	752.00	0.22	-10.31
6480.00	752.00	0.20	-10.18
6512.00	752.00	0.19	-10.02
6544.00	752.00	0.27	-9.82
6576.00	752.00	0.31	-9.85
16.00	784.00	0.38	-15.32
48.00	784.00	0.46	-15.29
80.00	784.00	0.55	-15.29
112.00	784.00	0.56	-15.31
144.00	784.00	0.43	-15.38
176.00	784.00	0.32	-15.44
208.00	784.00	0.21	-15.45
240.00	784.00	0.20	-15.33
272.00	784.00	0.15	-15.28
304.00	784.00	0.05	-15.27
336.00	784.00	0.02	-15.34
368.00	784.00	0.08	-15.30
400.00	784.00	0.15	-15.28
432.00	784.00	0.13	-15.29
464.00	784.00	0.10	-15.30
496.00	784.00	0.14	-15.31
528.00	784.00	0.21	-15.34
560.00	784.00	0.26	-15.42
592.00	784.00	0.32	-15.43
624.00	784.00	0.33	-15.38
656.00	784.00	0.36	-15.31
688.00	784.00	0.37	-15.30
720.00	784.00	0.35	-15.34
752.00	784.00	0.25	-15.31
784.00	784.00	0.16	-15.26
816.00	784.00	0.11	-15.23
848.00	784.00	0.12	-15.27
880.00	784.00	0.19	-15.31
912.00	784.00	0.29	-15.35
944.00	784.00	0.38	-15.36
976.00	784.00	0.41	-15.33
1008.00	784.00	0.33	-15.34
1040.00	784.00	0.23	-15.42
1072.00	784.00	0.14	-15.44
1104.00	784.00	0.14	-15.30
1136.00	784.00	0.18	-15.13
1168.00	784.00	0.25	-15.04
1200.00	784.00	0.25	-15.03
1232.00	784.00	0.15	-15.02
1264.00	784.00	0.05	-15.15
1296.00	784.00	0.06	-15.41
1328.00	784.00	0.14	-15.59
1360.00	784.00	0.12	-15.56
1392.00	784.00	0.03	-15.40
1424.00	784.00	0.02	-15.34
1456.00	784.00	0.10	-15.36
1488.00	784.00	0.20	-15.42
1520.00	784.00	0.23	-15.34
1552.00	784.00	0.22	-15.25
1584.00	784.00	0.20	-15.23
1616.00	784.00	0.13	-15.32
1648.00	784.00	0.12	-15.39
1680.00	784.00	0.19	-15.38
1712.00	784.00	0.23	-15.42
1744.00	784.00	0.17	-15.50
1776.00	784.00	0.11	-15.61
1808.00	784.00	0.15	-15.61
1840.00	784.00	0.23	-15.51
1872.00	784.00	0.19	-15.26
1904.00	784.00	0.13	-15.05
1936.00	784.00	0.14	-14.94
1968.00	784.00	0.27	-15.02
2000.00	784.00	0.40	-15.06
2032.00	784.00	0.39	-15.00
2064.00	784.00	0.27	-14.88
2096.00	784.00	0.25	-14.78
2128.00	784.00	0.37	-14.75
2160.00	784.00	0.60	-14.69
2192.00	784.00	0.74	-14.65
2224.00	784.00	0.67	-14.67
2256.00	784.00	0.42	-14.73
2288.00	784.00	0.17	-14.59
2320.00	784.00	0.13	-14.29
2352.00	784.00	0.32	-14.21
2384.00	784.00	0.60	-14.29
2416.00	784.00	0.77	-14.36
2448.00	784.00	0.75	-14.17
2480.00	784.00	0.60	-13.96
2512.00	784.00	0.41	-13.83
2544.00	784.00	0.27	-13.66
2576.00	784.00	0.28	-13.49
2608.00	784.00	0.36	-13.38
2640.00	784.00	0.46	-13.33
2672.00	784.00	0.46	-13.36
2704.00	784.00	0.42	-13.42
2736.00	784.00	0.40	-13.59
2768.00	784.00	0.42	-13.74
2800.00	784.00	0.45	-13.82
2832.00	784.00	0.51	-13.80
2864.00	784.00	0.41	-13.67
2896.00	784.00	0.30	-13.54
2928.00	784.00	0.31	-13.51
2960.00	784.00	0.45	-13.57
2992.00	784.00	0.49	-13.59
3024.00	784.00	0.41	-13.57
3056.00	784.00	0.29	-13.55
3088.00	784.00	0.32	-13.56
3120.00	784.00	0.37	-13.52
3152.00	784.00	0.44	-13.50
3184.00	784.00	0.47	-13.51
3216.00	784.00	0.58	-13.49
3248.00	784.00	0.67	-13.44
3280.00	784.00	0.62	-13.44
3312.00	784.00	0.47	-13.46
3344.00	784.00	0.39	-13.36
3376.00	784.00	0.53	-13.15
3408.00	784.00	0.67	-12.99
3440.00	784.00	0.59	-12.86
3472.00	784.00	0.34	-12.64
3504.00	784.00	-0.02	-12.41
3536.00	784.00	-0.46	-12.38
3568.00	784.00	-0.68	-12.47
3600.00	784.00	-0.80	-12.50
3632.00	784.00	-0.70	-12.28
3664.00	784.00	-0.76	-11.97
3696.00	784.00	-0.75	-11.72
3728.00	784.00	-0.75	-11.60
3760.00	784.00	-0.73	-11.56
3792.00	784.00	-0.77	-11.51
3824.00	784.00	-0.88	-11.57
3856.00	784.00	-1.00	-11.63
3888.00	784.00	-1.00	-11.61
3920.00	784.00	-0.94	-11.48
3952.00	784.00	-0.84	-11.37
3984.00	784.00	-0.74	-11.41
4016.00	784.00	-0.64	-11.37
4048.00	784.00	-0.51	-11.37
4080.00	784.00	-0.56	-11.47
4112.00	784.00	-0.57	-11.79
4144.00	784.00	-0.55	-12.09
4176.00	784.00	-0.49	-12.18
4208.00	784.00	-0.40	-12.15
4240.00	784.00	-0.19	-12.12
4272.00	784.00	0.17	-12.18
4304.00	784.00	0.52	-12.31
4336.00	784.00	0.65	-12.42
4368.00	784.00	0.59	-12.46
4400.00	784.00	0.54	-12.38
4432.00	784.00	0.45	-12.21
4464.00	784.00	0.43	-12.12
4496.00	784.00	0.36	-12.08
4528.00	784.00	0.26	-11.91
4560.00	784.00	0.17	-11.62
4592.00	784.00	0.08	-11.32
4624.00	784.00	0.00	-11.12
4656.00	784.00	-0.08	-11.01
4688.00	784.00	-0.15	-10.93
4720.00	784.00	-0.12	-10.92
4752.00	784.00	-0.04	-10.90
4784.00	784.00	-0.00	-10.87
4816.00	784.00	-0.09	-10.90
4848.00	784.00	-0.23	-10.96
4880.00	784.00	-0.25	-11.01
4912.00	784.00	-0.09	-11.12
4944.00	784.00	0.08	-11.34
4976.00	784.00	0.14	-11.50
5008.00	784.00	0.01	-11.54
5040.00	784.00	-0.19	-11.52
5072.00	784.00	-0.25	-11.63
5104.00	784.00	-0.14	-11.73
5136.00	784.00	-0.02	-11.69
5168.00	784.00	-0.05	-11.56
5200.00	784.00	-0.10	-11.56
5232.00	784.00	-0.17	-11.47
5264.00	784.00	-0.38	-11.16
5296.00	784.00	-0.44	-10.91
5328.00	784.00	-0.38	-10.88
5360.00	784.00	-0.13	-11.05
5392.00	784.00	-0.24	-11.02
5424.00	784.00	-0.38	-10.84
5456.00	784.00	-0.59	-10.62
5488.00	784.00	-0.77	-10.38
5520.00	784.00	-0.91	-10.08
5552.00	784.00	-1.04	-9.56
5584.00	784.00	-0.86	-9.36
5616.00	784.00	-0.67	-9.55
5648.00	784.00	-0.41	-10.14
5680.00	784.00	-0.43	-10.33
5712.00	784.00	-0.51	-10.16
5744.00	784.00	-0.53	-10.01
5776.00	784.00	-0.31	-10.04
5808.00	784.00	0.00	-10.13
5840.00	784.00	0.38	-10.17
5872.00	784.00	0.62	-10.32
5904.00	784.00	0.66	-10.43
5936.00	784.00	0.43	-10.16
5968.00	784.00	0.27	-9.68
6000.00	784.00	0.23	-8.84
6032.00	784.00	0.23	-7.59
6064.00	784.00	0.16	-5.54
6096.00	784.00	0.15	-3.19
6128.00	784.00	0.27	-1.28
6160.00	784.00	0.36	-0.43
6192.00	784.00	0.33	-0.89
6224.00	784.00	0.23	-2.85
6256.00	784.00	0.19	-5.12
6288.00	784.00	0.20	-7.32
6320.00	784.00	0.28	-8.56
6352.00	784.00	0.38	-9.36
6384.00	784.00	0.33	-9.88
6416.00	784.00	0.30	-10.12
6448.00	784.00	0.19	-10.26
6480.00	784.00	0.20	-10.08
6512.00	784.00	0.27	-10.05
6544.00	784.00	0.45	-10.03
6576.00	784.00	0.59	-10.12
16.00	816.00	0.35	-15.27
48.00	816.00	0.43	-15.32
80.00	816.00	0.46	-15.38
112.00	816.00	0.51	-15.43
144.00	816.00	0.40	-15.43
176.00	816.00	0.39	-15.41
208.00	816.00	0.24	-15.40
240.00	816.00	0.17	-15.35
272.00	816.00	0.06	-15.34
304.00	816.00	0.03	-15.33
336.00	816.00	0.07	-15.33
368.00	816.00	0.13	-15.30
400.00	816.00	0.16	-15.31
432.00	816.00	0.15	-15.35
464.00	816.00	0.12	-15.37
496.00	816.00	0.17	-15.37
528.00	816.00	0.24	-15.35
560.00	816.00	0.31	-15.35
592.00	816.00	0.36	-15.31
624.00	816.00	0.33	-15.29
656.00	816.00	0.29	-15.27
688.00	816.00	0.28	-15.31
720.00	816.00	0.30	-15.36
752.00	816.00	0.23	-15.33
784.00	816.00	0.14	-15.26
816.00	816.00	0.09	-15.23
848.00	816.00	0.13	-15.29
880.00	816.00	0.21	-15.34
912.00	816.00	0.27	-15.33
944.00	816.00	0.33	-15.28
976.00	816.00	0.36	-15.20
1008.00	816.00	0.34	-15.19
1040.00	816.00	0.31	-15.30
1072.00	816.00	0.27	-15.35
1104.00	816.00	0.29	-15.23
1136.00	816.00	0.24	-15.07
1168.00	816.00	0.22	-15.02
1200.00	816.00	0.15	-15.06
1232.00	816.00	0.03	-15.07
1264.00	816.00	-0.04	-15.14
1296.00	816.00	-0.01	-15.29
1328.00	816.00	0.10	-15.40
1360.00	816.00	0.08	-15.38
1392.00	816.00	0.01	-15.30
1424.00	816.00	-0.01	-15.31
1456.00	816.00	0.05	-15.38
1488.00	816.00	0.09	-15.47
1520.00	816.00	0.14	-15.44
1552.00	816.00	0.22	-15.34
1584.00	816.00	0.26	-15.29
1616.00	816.00	0.25	-15.31
1648.00	816.00	0.24	-15.38
1680.00	816.00	0.24	-15.36
1712.00	816.00	0.24	-15.39
1744.00	816.00	0.19	-15.43
1776.00	816.00	0.16	-15.50
1808.00	816.00	0.14	-15.47
1840.00	816.00	0.15	-15.37
1872.00	816.00	0.14	-15.20
1904.00	816.00	0.12	-15.06
1936.00	816.00	0.18	-15.00
1968.00	816.00	0.26	-15.05
2000.00	816.00	0.34	-15.07
2032.00	816.00	0.30	-15.04
2064.00	816.00	0.22	-14.95
2096.00	816.00	0.20	-14.83
2128.00	816.00	0.29	-14.75
2160.00	816.00	0.50	-14.68
2192.00	816.00	0.66	-14.68
2224.00	816.00	0.64	-14.75
2256.00	816.00	0.41	-14.79
2288.00	816.00	0.18	-14.61
2320.00	816.00	0.15	-14.30
2352.00	816.00	0.32	-14.19
2384.00	816.00	0.50	-14.22
2416.00	816.00	0.56	-14.28
2448.00	816.00	0.51	-14.16
2480.00	816.00	0.40	-14.01
2512.00	816.00	0.26	-13.80
2544.00	816.00	0.17	-13.66
2576.00	816.00	0.22	-13.56
2608.00	816.00	0.32	-13.57
2640.00	816.00	0.34	-13.54
2672.00	816.00	0.34	-13.61
2704.00	816.00	0.33	-13.67
2736.00	816.00	0.33	-13.78
2768.00	816.00	0.35	-13.77
2800.00	816.00	0.40	-13.72
2832.00	816.00	0.43	-13.62
2864.00	816.00	0.26	-13.50
2896.00	816.00	0.09	-13.43
2928.00	816.00	0.12	-13.46
2960.00	816.00	0.25	-13.55
2992.00	816.00	0.28	-13.59
3024.00	816.00	0.21	-13.60
3056.00	816.00	0.16	-13.61
3088.00	816.00	0.23	-13.62
3120.00	816.00	0.32	-13.53
3152.00	816.00	0.41	-13.45
3184.00	816.00	0.48	-13.42
3216.00	816.00	0.54	-13.45
3248.00	816.00	0.59	-13.43
3280.00	816.00	0.57	-13.45
3312.00	816.00	0.50	-13.47
3344.00	816.00	0.36	-13.40
3376.00	816.00	0.37	-13.16
3408.00	816.00	0.37	-12.90
3440.00	816.00	0.35	-12.64
3472.00	816.00	0.20	-12.40
3504.00	816.00	-0.08	-12.16
3536.00	816.00	-0.49	-12.09
3568.00	816.00	-0.76	-12.12
3600.00	816.00	-0.80	-12.16
3632.00	816.00	-0.66	-12.06
3664.00	816.00	-0.67	-11.84
3696.00	816.00	-0.73	-11.62
3728.00	816.00	-0.75	-11.45
3760.00	816.00	-0.68	-11.36
3792.00	816.00	-0.60	-11.30
3824.00	816.00	-0.68	-11.37
3856.00	816.00	-0.79	-11.49
3888.00	816.00	-0.87	-11.50
3920.00	816.00	-0.89	-11.41
3952.00	816.00	-0.88	-11.33
3984.00	816.00	-0.81	-11.33
4016.00	816.00	-0.65	-11.32
4048.00	816.00	-0.49	-11.29
4080.00	816.00	-0.53	-11.41
4112.00	816.00	-0.60	-11.67
4144.00	816.00	-0.67	-11.90
4176.00	816.00	-0.63	-11.97
4208.00	816.00	-0.49	-11.93
4240.00	816.00	-0.20	-11.96
4272.00	816.00	0.19	-12.04
4304.00	816.00	0.50	-12.14
4336.00	816.00	0.59	-12.22
4368.00	816.00	0.50	-12.29
4400.00	816.00	0.44	-12.23
4432.00	816.00	0.31	-12.05
4464.00	816.00	0.27	-11.92
4496.00	816.00	0.24	-11.88
4528.00	816.00	0.23	-11.76
4560.00	816.00	0.17	-11.56
4592.00	816.00	0.04	-11.35
4624.00	816.00	-0.09	-11.15
4656.00	816.00	-0.18	-10.99
4688.00	816.00	-0.30	-10.84
4720.00	816.00	-0.29	-10.85
4752.00	816.00	-0.31	-10.82
4784.00	816.00	-0.23	-10.77
4816.00	816.00	-0.22	-10.74
4848.00	816.00	-0.24	-10.74
4880.00	816.00	-0.24	-10.80
4912.00	816.00	-0.15	-10.99
4944.00	816.00	-0.04	-11.29
4976.00	816.00	0.05	-11.54
5008.00	816.00	0.05	-11.58
5040.00	816.00	0.05	-11.57
5072.00	816.00	0.07	-11.66
5104.00	816.00	0.15	-11.80
5136.00	816.00	0.00	-11.74
5168.00	816.00	-0.22	-11.54
5200.00	816.00	-0.41	-11.44
5232.00	816.00	-0.44	-11.34
5264.00	816.00	-0.62	-11.06
5296.00	816.00	-0.67	-10.77
5328.00	816.00	-0.60	-10.69
5360.00	816.00	-0.38	-10.72
5392.00	816.00	-0.51	-10.56
5424.00	816.00	-0.75	-10.34
5456.00	816.00	-0.90	-10.25
5488.00	816.00	-0.85	-10.31
5520.00	816.00	-0.73	-10.22
5552.00	816.00	-0.66	-9.80
5584.00	816.00	-0.51	-9.61
5616.00	816.00	-0.36	-9.78
5648.00	816.00	-0.22	-10.35
5680.00	816.00	-0.38	-10.37
5712.00	816.00	-0.55	-10.07
5744.00	816.00	-0.62	-9.80
5776.00	816.00	-0.40	-9.90
5808.00	816.00	-0.10	-10.08
5840.00	816.00	0.20	-10.19
5872.00	816.00	0.46	-10.35
5904.00	816.00	0.60	-10.44
5936.00	816.00	0.46	-10.06
5968.00	816.00	0.29	-9.36
6000.00	816.00	0.19	-8.41
6032.00	816.00	0.18	-7.22
6064.00	816.00	0.17	-5.40
6096.00	816.00	0.21	-3.19
6128.00	816.00	0.33	-1.34
6160.00	816.00	0.43	-0.47
6192.00	816.00	0.44	-0.86
6224.00	816.00	0.46	-2.17
6256.00	816.00	0.44	-4.21
6288.00	816.00	0.42	-6.29
6320.00	816.00	0.35	-8.03
6352.00	816.00	0.37	-9.00
6384.00	816.00	0.29	-9.66
6416.00	816.00	0.29	-9.98
6448.00	816.00	0.20	-10.11
6480.00	816.00	0.26	-9.97
6512.00	816.00	0.40	-9.94
6544.00	816.00	0.66	-9.90
6576.00	816.00	0.83	-9.91
16.00	848.00	0.33	-15.24
48.00	848.00	0.36	-15.32
80.00	848.00	0.33	-15.42
112.00	848.00	0.36	-15.48
144.00	848.00	0.31	-15.46
176.00	848.00	0.37	-15.42
208.00	848.00	0.27	-15.43
240.00	848.00	0.20	-15.45
272.00	848.00	0.09	-15.46
304.00	848.00	0.11	-15.43
336.00	848.00	0.14	-15.39
368.00	848.00	0.20	-15.39
400.00	848.00	0.21	-15.41
432.00	848.00	0.23	-15.44
464.00	848.00	0.22	-15.46
496.00	848.00	0.25	-15.43
528.00	848.00	0.31	-15.36
560.00	848.00	0.38	-15.29
592.00	848.00	0.37	-15.23
624.00	848.00	0.26	-15.21
656.00	848.00	0.17	-15.15
688.00	848.00	0.21	-15.19
720.00	848.00	0.27	-15.20
752.00	848.00	0.24	-15.21
784.00	848.00	0.15	-15.19
816.00	848.00	0.09	-15.23
848.00	848.00	0.11	-15.34
880.00	848.00	0.18	-15.37
912.00	848.00	0.22	-15.32
944.00	848.00	0.26	-15.22
976.00	848.00	0.27	-15.12
1008.00	848.00	0.30	-15.13
1040.00	848.00	0.36	-15.24
1072.00	848.00	0.38	-15.30
1104.00	848.00	0.37	-15.21
1136.00	848.00	0.26	-15.09
1168.00	848.00	0.17	-15.10
1200.00	848.00	0.10	-15.16
1232.00	848.00	0.02	-15.16
1264.00	848.00	-0.02	-15.16
1296.00	848.00	0.03	-15.21
1328.00	848.00	0.14	-15.28
1360.00	848.00	0.15	-15.31
1392.00	848.00	0.08	-15.26
1424.00	848.00	0.04	-15.25
1456.00	848.00	0.02	-15.26
1488.00	848.00	0.01	-15.34
1520.00	848.00	0.06	-15.36
1552.00	848.00	0.17	-15.33
1584.00	848.00	0.25	-15.31
1616.00	848.00	0.28	-15.32
1648.00	848.00	0.25	-15.36
1680.00	848.00	0.22	-15.33
1712.00	848.00	0.16	-15.33
1744.00	848.00	0.10	-15.33
1776.00	848.00	0.07	-15.34
1808.00	848.00	0.02	-15.26
1840.00	848.00	0.02	-15.14
1872.00	848.00	0.09	-15.05
1904.00	848.00	0.18	-15.02
1936.00	848.00	0.29	-15.08
1968.00	848.00	0.29	-15.13
2000.00	848.00	0.31	-15.13
2032.00	848.00	0.24	-15.09
2064.00	848.00	0.19	-15.03
2096.00	848.00	0.17	-14.94
2128.00	848.00	0.23	-14.84
2160.00	848.00	0.41	-14.74
2192.00	848.00	0.57	-14.73
2224.00	848.00	0.59	-14.76
2256.00	848.00	0.48	-14.72
2288.00	848.00	0.35	-14.50
2320.00	848.00	0.39	-14.28
2352.00	848.00	0.46	-14.20
2384.00	848.00	0.52	-14.17
2416.00	848.00	0.46	-14.14
2448.00	848.00	0.40	-14.01
2480.00	848.00	0.34	-13.91
2512.00	848.00	0.28	-13.79
2544.00	848.00	0.21	-13.75
2576.00	848.00	0.20	-13.73
2608.00	848.00	0.24	-13.73
2640.00	848.00	0.21	-13.75
2672.00	848.00	0.20	-13.84
2704.00	848.00	0.14	-13.89
2736.00	848.00	0.11	-13.88
2768.00	848.00	0.17	-13.75
2800.00	848.00	0.30	-13.60
2832.00	848.00	0.29	-13.49
2864.00	848.00	0.08	-13.46
2896.00	848.00	-0.11	-13.48
2928.00	848.00	-0.04	-13.55
2960.00	848.00	0.09	-13.58
2992.00	848.00	0.09	-13.58
3024.00	848.00	0.04	-13.56
3056.00	848.00	0.04	-13.55
3088.00	848.00	0.15	-13.58
3120.00	848.00	0.29	-13.50
3152.00	848.00	0.39	-13.41
3184.00	848.00	0.44	-13.38
3216.00	848.00	0.42	-13.50
3248.00	848.00	0.41	-13.52
3280.00	848.00	0.51	-13.53
3312.00	848.00	0.56	-13.46
3344.00	848.00	0.48	-13.32
3376.00	848.00	0.32	-13.04
3408.00	848.00	0.17	-12.74
3440.00	848.00	0.10	-12.42
3472.00	848.00	-0.04	-12.13
3504.00	848.00	-0.31	-11.91
3536.00	848.00	-0.64	-11.90
3568.00	848.00	-0.86	-11.89
3600.00	848.00	-0.83	-11.92
3632.00	848.00	-0.71	-11.90
3664.00	848.00	-0.73	-11.84
3696.00	848.00	-0.83	-11.71
3728.00	848.00	-0.86	-11.50
3760.00	848.00	-0.73	-11.40
3792.00	848.00	-0.54	-11.34
3824.00	848.00	-0.54	-11.39
3856.00	848.00	-0.62	-11.40
3888.00	848.00	-0.74	-11.34
3920.00	848.00	-0.84	-11.25
3952.00	848.00	-0.94	-11.21
3984.00	848.00	-0.93	-11.26
4016.00	848.00	-0.74	-11.31
4048.00	848.00	-0.58	-11.31
4080.00	848.00	-0.63	-11.40
4112.00	848.00	-0.73	-11.57
4144.00	848.00	-0.80	-11.72
4176.00	848.00	-0.69	-11.80
4208.00	848.00	-0.50	-11.85
4240.00	848.00	-0.20	-11.94
4272.00	848.00	0.07	-12.02
4304.00	848.00	0.21	-12.01
4336.00	848.00	0.25	-11.98
4368.00	848.00	0.26	-12.02
4400.00	848.00	0.26	-12.00
4432.00	848.00	0.17	-11.92
4464.00	848.00	0.11	-11.80
4496.00	848.00	0.10	-11.73
4528.00	848.00	0.13	-11.62
4560.00	848.00	0.08	-11.50
4592.00	848.00	-0.04	-11.39
4624.00	848.00	-0.18	-11.24
4656.00	848.00	-0.25	-11.02
4688.00	848.00	-0.37	-10.78
4720.00	848.00	-0.39	-10.73
4752.00	848.00	-0.45	-10.74
4784.00	848.00	-0.33	-10.73
4816.00	848.00	-0.24	-10.67
4848.00	848.00	-0.16	-10.63
4880.00	848.00	-0.14	-10.72
4912.00	848.00	-0.14	-10.94
4944.00	848.00	-0.12	-11.25
4976.00	848.00	-0.05	-11.50
5008.00	848.00	0.03	-11.58
5040.00	848.00	0.09	-11.60
5072.00	848.00	0.11	-11.69
5104.00	848.00	0.15	-11.91
5136.00	848.00	-0.05	-11.83
5168.00	848.00	-0.32	-11.58
5200.00	848.00	-0.56	-11.25
5232.00	848.00	-0.64	-11.12
5264.00	848.00	-0.78	-10.93
5296.00	848.00	-0.85	-10.71
5328.00	848.00	-0.84	-10.54
5360.00	848.00	-0.73	-10.46
5392.00	848.00	-0.74	-10.35
5424.00	848.00	-0.85	-10.23
5456.00	848.00	-0.91	-10.27
5488.00	848.00	-0.81	-10.38
5520.00	848.00	-0.67	-10.28
5552.00	848.00	-0.51	-9.90
5584.00	848.00	-0.43	-9.79
5616.00	848.00	-0.36	-10.01
5648.00	848.00	-0.30	-10.49
5680.00	848.00	-0.48	-10.31
5712.00	848.00	-0.58	-9.98
5744.00	848.00	-0.58	-9.77
5776.00	848.00	-0.43	-9.95
5808.00	848.00	-0.22	-10.18
5840.00	848.00	-0.05	-10.27
5872.00	848.00	0.25	-10.31
5904.00	848.00	0.47	-10.29
5936.00	848.00	0.49	-9.77
5968.00	848.00	0.38	-8.94
6000.00	848.00	0.24	-7.84
6032.00	848.00	0.19	-6.75
6064.00	848.00	0.20	-5.23
6096.00	848.00	0.26	-3.26
6128.00	848.00	0.37	-1.38
6160.00	848.00	0.48	-0.55
6192.00	848.00	0.51	-0.96
6224.00	848.00	0.59	-2.22
6256.00	848.00	0.55	-3.98
6288.00	848.00	0.57	-5.76
6320.00	848.00	0.44	-7.44
6352.00	848.00	0.41	-8.55
6384.00	848.00	0.28	-9.37
6416.00	848.00	0.32	-9.79
6448.00	848.00	0.29	-9.89
6480.00	848.00	0.36	-9.79
6512.00	848.00	0.50	-9.77
6544.00	848.00	0.70	-9.81
6576.00	848.00	0.84	-9.87
16.00	880.00	0.29	-15.16
48.00	880.00	0.31	-15.25
80.00	880.00	0.29	-15.34
112.00	880.00	0.30	-15.42
144.00	880.00	0.29	-15.42
176.00	880.00	0.36	-15.42
208.00	880.00	0.31	-15.45
240.00	880.00	0.29	-15.48
272.00	880.00	0.20	-15.46
304.00	880.00	0.19	-15.44
336.00	880.00	0.19	-15.41
368.00	880.00	0.24	-15.46
400.00	880.00	0.26	-15.47
432.00	880.00	0.32	-15.48
464.00	880.00	0.31	-15.46
496.00	880.00	0.34	-15.43
528.00	880.00	0.34	-15.33
560.00	880.00	0.31	-15.22
592.00	880.00	0.22	-15.17
624.00	880.00	0.08	-15.18
656.00	880.00	0.04	-15.15
688.00	880.00	0.12	-15.16
720.00	880.00	0.22	-15.12
752.00	880.00	0.23	-15.11
784.00	880.00	0.16	-15.10
816.00	880.00	0.09	-15.20
848.00	880.00	0.07	-15.33
880.00	880.00	0.10	-15.36
912.00	880.00	0.10	-15.31
944.00	880.00	0.11	-15.21
976.00	880.00	0.15	-15.11
1008.00	880.00	0.24	-15.11
1040.00	880.00	0.35	-15.21
1072.00	880.00	0.40	-15.24
1104.00	880.00	0.36	-15.22
1136.00	880.00	0.22	-15.17
1168.00	880.00	0.10	-15.23
1200.00	880.00	0.08	-15.27
1232.00	880.00	0.05	-15.20
1264.00	880.00	0.02	-15.10
1296.00	880.00	0.03	-15.00
1328.00	880.00	0.12	-15.03
1360.00	880.00	0.18	-15.13
1392.00	880.00	0.13	-15.17
1424.00	880.00	0.10	-15.18
1456.00	880.00	0.04	-15.16
1488.00	880.00	0.03	-15.20
1520.00	880.00	0.08	-15.23
1552.00	880.00	0.17	-15.22
1584.00	880.00	0.20	-15.26
1616.00	880.00	0.19	-15.28
1648.00	880.00	0.13	-15.32
1680.00	880.00	0.10	-15.32
1712.00	880.00	0.04	-15.32
1744.00	880.00	-0.05	-15.28
1776.00	880.00	-0.10	-15.22
1808.00	880.00	-0.12	-15.12
1840.00	880.00	-0.09	-15.02
1872.00	880.00	0.07	-15.01
1904.00	880.00	0.17	-15.07
1936.00	880.00	0.29	-15.23
1968.00	880.00	0.24	-15.26
2000.00	880.00	0.26	-15.23
2032.00	880.00	0.21	-15.15
2064.00	880.00	0.18	-15.10
2096.00	880.00	0.12	-15.04
2128.00	880.00	0.19	-14.94
2160.00	880.00	0.37	-14.84
2192.00	880.00	0.52	-14.80
2224.00	880.00	0.54	-14.78
2256.00	880.00	0.49	-14.64
2288.00	880.00	0.43	-14.38
2320.00	880.00	0.48	-14.17
2352.00	880.00	0.52	-14.16
2384.00	880.00	0.51	-14.20
2416.00	880.00	0.43	-14.19
2448.00	880.00	0.38	-14.05
2480.00	880.00	0.39	-13.92
2512.00	880.00	0.36	-13.84
2544.00	880.00	0.31	-13.84
2576.00	880.00	0.24	-13.85
2608.00	880.00	0.20	-13.83
2640.00	880.00	0.17	-13.88
2672.00	880.00	0.19	-13.97
2704.00	880.00	0.14	-13.96
2736.00	880.00	0.02	-13.87
2768.00	880.00	-0.04	-13.72
2800.00	880.00	0.04	-13.59
2832.00	880.00	0.09	-13.49
2864.00	880.00	0.00	-13.48
2896.00	880.00	-0.08	-13.54
2928.00	880.00	-0.00	-13.61
2960.00	880.00	0.11	-13.64
2992.00	880.00	0.07	-13.60
3024.00	880.00	-0.02	-13.53
3056.00	880.00	-0.02	-13.44
3088.00	880.00	0.13	-13.46
3120.00	880.00	0.29	-13.44
3152.00	880.00	0.34	-13.45
3184.00	880.00	0.30	-13.51
3216.00	880.00	0.24	-13.65
3248.00	880.00	0.26	-13.71
3280.00	880.00	0.40	-13.64
3312.00	880.00	0.53	-13.46
3344.00	880.00	0.49	-13.22
3376.00	880.00	0.30	-12.94
3408.00	880.00	0.09	-12.67
3440.00	880.00	-0.04	-12.40
3472.00	880.00	-0.22	-12.09
3504.00	880.00	-0.51	-11.85
3536.00	880.00	-0.78	-11.85
3568.00	880.00	-0.89	-11.90
3600.00	880.00	-0.80	-11.97
3632.00	880.00	-0.71	-11.95
3664.00	880.00	-0.79	-11.91
3696.00	880.00	-0.94	-11.75
3728.00	880.00	-1.01	-11.54
3760.00	880.00	-0.87	-11.43
3792.00	880.00	-0.65	-11.41
3824.00	880.00	-0.54	-11.43
3856.00	880.00	-0.56	-11.33
3888.00	880.00	-0.63	-11.19
3920.00	880.00	-0.75	-11.10
3952.00	880.00	-0.91	-11.15
3984.00	880.00	-0.91	-11.27
4016.00	880.00	-0.70	-11.39
4048.00	880.00	-0.55	-11.38
4080.00	880.00	-0.63	-11.46
4112.00	880.00	-0.80	-11.55
4144.00	880.00	-0.88	-11.63
4176.00	880.00	-0.73	-11.69
4208.00	880.00	-0.53	-11.75
4240.00	880.00	-0.30	-11.86
4272.00	880.00	-0.19	-11.88
4304.00	880.00	-0.17	-11.79
4336.00	880.00	-0.12	-11.69
4368.00	880.00	0.02	-11.76
4400.00	880.00	0.14	-11.88
4432.00	880.00	0.16	-11.91
4464.00	880.00	0.07	-11.76
4496.00	880.00	0.02	-11.59
4528.00	880.00	-0.01	-11.50
4560.00	880.00	-0.05	-11.45
4592.00	880.00	-0.13	-11.41
4624.00	880.00	-0.21	-11.23
4656.00	880.00	-0.19	-10.98
4688.00	880.00	-0.27	-10.72
4720.00	880.00	-0.33	-10.69
4752.00	880.00	-0.44	-10.77
4784.00	880.00	-0.40	-10.80
4816.00	880.00	-0.32	-10.71
4848.00	880.00	-0.18	-10.65
4880.00	880.00	-0.09	-10.74
4912.00	880.00	-0.12	-10.95
4944.00	880.00	-0.17	-11.19
4976.00	880.00	-0.15	-11.41
5008.00	880.00	-0.08	-11.53
5040.00	880.00	-0.04	-11.62
5072.00	880.00	-0.06	-11.71
5104.00	880.00	-0.05	-11.88
5136.00	880.00	-0.21	-11.79
5168.00	880.00	-0.38	-11.53
5200.00	880.00	-0.60	-11.14
5232.00	880.00	-0.77	-10.94
5264.00	880.00	-0.97	-10.78
5296.00	880.00	-1.06	-10.56
5328.00	880.00	-1.02	-10.37
5360.00	880.00	-0.90	-10.36
5392.00	880.00	-0.79	-10.51
5424.00	880.00	-0.72	-10.62
5456.00	880.00	-0.70	-10.65
5488.00	880.00	-0.64	-10.56
5520.00	880.00	-0.68	-10.22
5552.00	880.00	-0.52	-10.00
5584.00	880.00	-0.49	-10.02
5616.00	880.00	-0.45	-10.28
5648.00	880.00	-0.51	-10.42
5680.00	880.00	-0.55	-10.20
5712.00	880.00	-0.46	-10.03
5744.00	880.00	-0.37	-10.03
5776.00	880.00	-0.33	-10.25
5808.00	880.00	-0.24	-10.44
5840.00	880.00	-0.11	-10.40
5872.00	880.00	0.17	-10.25
5904.00	880.00	0.37	-9.95
5936.00	880.00	0.51	-9.52
5968.00	880.00	0.51	-8.69
6000.00	880.00	0.43	-7.49
6032.00	880.00	0.25	-6.33
6064.00	880.00	0.14	-4.95
6096.00	880.00	0.17	-3.36
6128.00	880.00	0.33	-1.41
6160.00	880.00	0.51	-0.65
6192.00	880.00	0.48	-1.30
6224.00	880.00	0.46	-2.83
6256.00	880.00	0.34	-4.63
6288.00	880.00	0.43	-6.01
6320.00	880.00	0.38	-7.38
6352.00	880.00	0.35	-8.35
6384.00	880.00	0.23	-9.29
6416.00	880.00	0.26	-9.91
6448.00	880.00	0.34	-10.04
6480.00	880.00	0.45	-9.93
6512.00	880.00	0.60	-9.78
6544.00	880.00	0.68	-9.79
6576.00	880.00	0.76	-9.83
16.00	912.00	0.27	-15.15
48.00	912.00	0.24	-15.20
80.00	912.00	0.25	-15.27
112.00	912.00	0.25	-15.32
144.00	912.00	0.28	-15.38
176.00	912.00	0.27	-15.40
208.00	912.00	0.30	-15.40
240.00	912.00	0.31	-15.39
272.00	912.00	0.33	-15.37
304.00	912.00	0.30	-15.37
336.00	912.00	0.27	-15.40
368.00	912.00	0.28	-15.46
400.00	912.00	0.27	-15.41
432.00	912.00	0.34	-15.40
464.00	912.00	0.36	-15.35
496.00	912.00	0.39	-15.33
528.00	912.00	0.31	-15.22
560.00	912.00	0.20	-15.13
592.00	912.00	0.10	-15.16
624.00	912.00	0.02	-15.22
656.00	912.00	0.06	-15.25
688.00	912.00	0.16	-15.28
720.00	912.00	0.26	-15.24
752.00	912.00	0.29	-15.19
784.00	912.00	0.21	-15.17
816.00	912.00	0.14	-15.18
848.00	912.00	0.09	-15.21
880.00	912.00	0.10	-15.20
912.00	912.00	0.09	-15.17
944.00	912.00	0.08	-15.11
976.00	912.00	0.15	-15.07
1008.00	912.00	0.19	-15.11
1040.00	912.00	0.20	-15.27
1072.00	912.00	0.22	-15.32
1104.00	912.00	0.21	-15.29
1136.00	912.00	0.17	-15.24
1168.00	912.00	0.09	-15.31
1200.00	912.00	0.08	-15.34
1232.00	912.00	0.08	-15.26
1264.00	912.00	0.06	-15.10
1296.00	912.00	0.05	-14.97
1328.00	912.00	0.10	-14.98
1360.00	912.00	0.18	-15.08
1392.00	912.00	0.13	-15.16
1424.00	912.00	0.07	-15.17
1456.00	912.00	0.01	-15.13
1488.00	912.00	0.07	-15.13
1520.00	912.00	0.14	-15.17
1552.00	912.00	0.16	-15.22
1584.00	912.00	0.09	-15.28
1616.00	912.00	-0.00	-15.28
1648.00	912.00	-0.08	-15.31
1680.00	912.00	-0.06	-15.36
1712.00	912.00	-0.05	-15.40
1744.00	912.00	-0.09	-15.35
1776.00	912.00	-0.14	-15.25
1808.00	912.00	-0.13	-15.14
1840.00	912.00	-0.11	-15.01
1872.00	912.00	-0.01	-14.92
1904.00	912.00	0.04	-14.95
1936.00	912.00	0.15	-15.15
1968.00	912.00	0.15	-15.26
2000.00	912.00	0.18	-15.24
2032.00	912.00	0.17	-15.12
2064.00	912.00	0.14	-15.04
2096.00	912.00	0.10	-15.04
2128.00	912.00	0.19	-14.99
2160.00	912.00	0.35	-14.92
2192.00	912.00	0.47	-14.84
2224.00	912.00	0.47	-14.79
2256.00	912.00	0.44	-14.63
2288.00	912.00	0.42	-14.38
2320.00	912.00	0.47	-14.20
2352.00	912.00	0.49	-14.21
2384.00	912.00	0.45	-14.32
2416.00	912.00	0.40	-14.31
2448.00	912.00	0.40	-14.17
2480.00	912.00	0.45	-14.00
2512.00	912.00	0.42	-13.94
2544.00	912.00	0.34	-13.91
2576.00	912.00	0.24	-13.85
2608.00	912.00	0.16	-13.81
2640.00	912.00	0.14	-13.89
2672.00	912.00	0.17	-13.98
2704.00	912.00	0.19	-13.95
2736.00	912.00	0.05	-13.87
2768.00	912.00	-0.12	-13.78
2800.00	912.00	-0.16	-13.68
2832.00	912.00	-0.08	-13.56
2864.00	912.00	0.01	-13.52
2896.00	912.00	0.09	-13.59
2928.00	912.00	0.15	-13.67
2960.00	912.00	0.16	-13.63
2992.00	912.00	0.04	-13.51
3024.00	912.00	-0.06	-13.39
3056.00	912.00	-0.01	-13.28
3088.00	912.00	0.18	-13.31
3120.00	912.00	0.33	-13.36
3152.00	912.00	0.30	-13.46
3184.00	912.00	0.14	-13.59
3216.00	912.00	0.03	-13.66
3248.00	912.00	0.10	-13.73
3280.00	912.00	0.28	-13.67
3312.00	912.00	0.44	-13.50
3344.00	912.00	0.41	-13.22
3376.00	912.00	0.33	-12.91
3408.00	912.00	0.22	-12.65
3440.00	912.00	0.14	-12.43
3472.00	912.00	-0.07	-12.14
3504.00	912.00	-0.40	-11.88
3536.00	912.00	-0.65	-11.83
3568.00	912.00	-0.73	-11.94
3600.00	912.00	-0.68	-12.09
3632.00	912.00	-0.70	-12.11
3664.00	912.00	-0.79	-11.99
3696.00	912.00	-0.89	-11.76
3728.00	912.00	-0.96	-11.52
3760.00	912.00	-0.90	-11.41
3792.00	912.00	-0.77	-11.44
3824.00	912.00	-0.70	-11.48
3856.00	912.00	-0.69	-11.41
3888.00	912.00	-0.64	-11.30
3920.00	912.00	-0.58	-11.25
3952.00	912.00	-0.69	-11.36
3984.00	912.00	-0.74	-11.44
4016.00	912.00	-0.63	-11.50
4048.00	912.00	-0.45	-11.50
4080.00	912.00	-0.54	-11.55
4112.00	912.00	-0.69	-11.58
4144.00	912.00	-0.75	-11.62
4176.00	912.00	-0.62	-11.68
4208.00	912.00	-0.49	-11.75
4240.00	912.00	-0.42	-11.77
4272.00	912.00	-0.40	-11.69
4304.00	912.00	-0.44	-11.56
4336.00	912.00	-0.36	-11.50
4368.00	912.00	-0.13	-11.65
4400.00	912.00	0.06	-11.82
4432.00	912.00	0.16	-11.87
4464.00	912.00	0.07	-11.69
4496.00	912.00	0.01	-11.55
4528.00	912.00	-0.07	-11.50
4560.00	912.00	-0.16	-11.47
4592.00	912.00	-0.22	-11.40
4624.00	912.00	-0.22	-11.17
4656.00	912.00	-0.13	-10.93
4688.00	912.00	-0.12	-10.72
4720.00	912.00	-0.17	-10.72
4752.00	912.00	-0.28	-10.83
4784.00	912.00	-0.35	-10.88
4816.00	912.00	-0.36	-10.83
4848.00	912.00	-0.27	-10.81
4880.00	912.00	-0.16	-10.90
4912.00	912.00	-0.18	-11.02
4944.00	912.00	-0.24	-11.15
4976.00	912.00	-0.20	-11.32
5008.00	912.00	-0.07	-11.49
5040.00	912.00	-0.07	-11.60
5072.00	912.00	-0.19	-11.63
5104.00	912.00	-0.30	-11.75
5136.00	912.00	-0.32	-11.71
5168.00	912.00	-0.33	-11.55
5200.00	912.00	-0.43	-11.22
5232.00	912.00	-0.73	-10.95
5264.00	912.00	-1.03	-10.73
5296.00	912.00	-1.19	-10.46
5328.00	912.00	-1.03	-10.35
5360.00	912.00	-0.84	-10.58
5392.00	912.00	-0.71	-10.99
5424.00	912.00	-0.62	-11.18
5456.00	912.00	-0.58	-11.05
5488.00	912.00	-0.55	-10.65
5520.00	912.00	-0.77	-10.25
5552.00	912.00	-0.80	-10.08
5584.00	912.00	-0.74	-10.28
5616.00	912.00	-0.60	-10.43
5648.00	912.00	-0.60	-10.25
5680.00	912.00	-0.58	-9.91
5712.00	912.00	-0.41	-9.87
5744.00	912.00	-0.26	-10.07
5776.00	912.00	-0.26	-10.31
5808.00	912.00	-0.26	-10.40
5840.00	912.00	-0.19	-10.34
5872.00	912.00	0.07	-10.17
5904.00	912.00	0.30	-9.92
5936.00	912.00	0.53	-9.60
5968.00	912.00	0.61	-8.99
6000.00	912.00	0.58	-7.87
6032.00	912.00	0.31	-6.73
6064.00	912.00	0.06	-5.22
6096.00	912.00	0.04	-3.58
6128.00	912.00	0.22	-1.50
6160.00	912.00	0.40	-0.83
6192.00	912.00	0.26	-1.69
6224.00	912.00	0.08	-3.95
6256.00	912.00	-0.03	-5.82
6288.00	912.00	0.17	-7.11
6320.00	912.00	0.31	-7.83
6352.00	912.00	0.31	-8.68
6384.00	912.00	0.15	-9.58
6416.00	912.00	0.11	-10.06
6448.00	912.00	0.27	-10.12
6480.00	912.00	0.51	-9.90
6512.00	912.00	0.70	-9.84
6544.00	912.00	0.72	-9.83
6576.00	912.00	0.75	-9.85
16.00	944.00	0.23	-15.11
48.00	944.00	0.20	-15.17
80.00	944.00	0.21	-15.27
112.00	944.00	0.26	-15.37
144.00	944.00	0.33	-15.41
176.00	944.00	0.30	-15.39
208.00	944.00	0.29	-15.34
240.00	944.00	0.29	-15.30
272.00	944.00	0.35	-15.31
304.00	944.00	0.37	-15.33
336.00	944.00	0.36	-15.38
368.00	944.00	0.32	-15.38
400.00	944.00	0.29	-15.28
432.00	944.00	0.33	-15.23
464.00	944.00	0.37	-15.19
496.00	944.00	0.35	-15.20
528.00	944.00	0.22	-15.12
560.00	944.00	0.09	-15.08
592.00	944.00	0.03	-15.18
624.00	944.00	0.05	-15.28
656.00	944.00	0.17	-15.42
688.00	944.00	0.27	-15.47
720.00	944.00	0.36	-15.42
752.00	944.00	0.34	-15.31
784.00	944.00	0.24	-15.25
816.00	944.00	0.13	-15.22
848.00	944.00	0.09	-15.18
880.00	944.00	0.14	-15.13
912.00	944.00	0.17	-15.12
944.00	944.00	0.18	-15.08
976.00	944.00	0.25	-15.05
1008.00	944.00	0.23	-15.14
1040.00	944.00	0.18	-15.30
1072.00	944.00	0.13	-15.40
1104.00	944.00	0.17	-15.37
1136.00	944.00	0.19	-15.31
1168.00	944.00	0.14	-15.33
1200.00	944.00	0.09	-15.32
1232.00	944.00	0.06	-15.23
1264.00	944.00	0.05	-15.07
1296.00	944.00	0.05	-14.97
1328.00	944.00	0.09	-15.01
1360.00	944.00	0.15	-15.09
1392.00	944.00	0.12	-15.15
1424.00	944.00	0.07	-15.18
1456.00	944.00	0.04	-15.17
1488.00	944.00	0.11	-15.17
1520.00	944.00	0.15	-15.18
1552.00	944.00	0.11	-15.22
1584.00	944.00	0.01	-15.27
1616.00	944.00	-0.07	-15.27
1648.00	944.00	-0.09	-15.30
1680.00	944.00	0.01	-15.38
1712.00	944.00	0.06	-15.43
1744.00	944.00	0.03	-15.41
1776.00	944.00	-0.05	-15.35
1808.00	944.00	-0.05	-15.28
1840.00	944.00	-0.09	-15.10
1872.00	944.00	-0.10	-14.92
1904.00	944.00	-0.15	-14.89
1936.00	944.00	-0.09	-15.06
1968.00	944.00	-0.02	-15.21
2000.00	944.00	0.06	-15.18
2032.00	944.00	0.08	-15.10
2064.00	944.00	0.07	-15.05
2096.00	944.00	0.08	-15.09
2128.00	944.00	0.20	-15.05
2160.00	944.00	0.32	-14.99
2192.00	944.00	0.38	-14.91
2224.00	944.00	0.38	-14.88
2256.00	944.00	0.34	-14.75
2288.00	944.00	0.33	-14.54
2320.00	944.00	0.31	-14.35
2352.00	944.00	0.30	-14.31
2384.00	944.00	0.25	-14.40
2416.00	944.00	0.28	-14.34
2448.00	944.00	0.34	-14.21
2480.00	944.00	0.42	-14.05
2512.00	944.00	0.38	-14.00
2544.00	944.00	0.27	-13.88
2576.00	944.00	0.11	-13.74
2608.00	944.00	-0.03	-13.71
2640.00	944.00	-0.04	-13.82
2672.00	944.00	0.06	-13.88
2704.00	944.00	0.16	-13.81
2736.00	944.00	0.06	-13.71
2768.00	944.00	-0.15	-13.72
2800.00	944.00	-0.27	-13.75
2832.00	944.00	-0.20	-13.66
2864.00	944.00	0.01	-13.56
2896.00	944.00	0.18	-13.50
2928.00	944.00	0.23	-13.55
2960.00	944.00	0.16	-13.54
2992.00	944.00	0.00	-13.44
3024.00	944.00	-0.11	-13.33
3056.00	944.00	-0.03	-13.26
3088.00	944.00	0.16	-13.30
3120.00	944.00	0.30	-13.42
3152.00	944.00	0.22	-13.54
3184.00	944.00	0.04	-13.66
3216.00	944.00	-0.11	-13.65
3248.00	944.00	-0.04	-13.73
3280.00	944.00	0.14	-13.69
3312.00	944.00	0.37	-13.55
3344.00	944.00	0.35	-13.26
3376.00	944.00	0.34	-12.94
3408.00	944.00	0.32	-12.65
3440.00	944.00	0.41	-12.41
3472.00	944.00	0.29	-12.14
3504.00	944.00	-0.01	-11.86
3536.00	944.00	-0.30	-11.71
3568.00	944.00	-0.49	-11.79
3600.00	944.00	-0.62	-11.97
3632.00	944.00	-0.73	-11.96
3664.00	944.00	-0.80	-11.74
3696.00	944.00	-0.78	-11.52
3728.00	944.00	-0.83	-11.43
3760.00	944.00	-0.85	-11.38
3792.00	944.00	-0.84	-11.39
3824.00	944.00	-0.85	-11.40
3856.00	944.00	-0.83	-11.45
3888.00	944.00	-0.66	-11.49
3920.00	944.00	-0.43	-11.54
3952.00	944.00	-0.46	-11.63
3984.00	944.00	-0.55	-11.62
4016.00	944.00	-0.50	-11.56
4048.00	944.00	-0.34	-11.50
4080.00	944.00	-0.41	-11.50
4112.00	944.00	-0.56	-11.51
4144.00	944.00	-0.59	-11.53
4176.00	944.00	-0.44	-11.62
4208.00	944.00	-0.33	-11.71
4240.00	944.00	-0.38	-11.67
4272.00	944.00	-0.42	-11.57
4304.00	944.00	-0.46	-11.46
4336.00	944.00	-0.38	-11.49
4368.00	944.00	-0.25	-11.66
4400.00	944.00	-0.10	-11.78
4432.00	944.00	0.03	-11.76
4464.00	944.00	0.06	-11.56
4496.00	944.00	0.01	-11.47
4528.00	944.00	-0.10	-11.49
4560.00	944.00	-0.22	-11.48
4592.00	944.00	-0.28	-11.37
4624.00	944.00	-0.20	-11.12
4656.00	944.00	-0.11	-10.91
4688.00	944.00	-0.06	-10.79
4720.00	944.00	-0.10	-10.84
4752.00	944.00	-0.18	-10.97
4784.00	944.00	-0.32	-11.03
4816.00	944.00	-0.41	-11.00
4848.00	944.00	-0.38	-11.04
4880.00	944.00	-0.32	-11.06
4912.00	944.00	-0.34	-11.12
4944.00	944.00	-0.36	-11.16
4976.00	944.00	-0.20	-11.29
5008.00	944.00	0.05	-11.44
5040.00	944.00	0.01	-11.49
5072.00	944.00	-0.24	-11.47
5104.00	944.00	-0.52	-11.46
5136.00	944.00	-0.56	-11.46
5168.00	944.00	-0.47	-11.41
5200.00	944.00	-0.40	-11.29
5232.00	944.00	-0.62	-11.07
5264.00	944.00	-0.91	-10.90
5296.00	944.00	-1.14	-10.72
5328.00	944.00	-0.90	-10.81
5360.00	944.00	-0.63	-11.05
5392.00	944.00	-0.47	-11.42
5424.00	944.00	-0.49	-11.17
5456.00	944.00	-0.51	-10.70
5488.00	944.00	-0.50	-10.20
5520.00	944.00	-0.73	-10.14
5552.00	944.00	-0.88	-10.22
5584.00	944.00	-0.85	-10.29
5616.00	944.00	-0.67	-10.26
5648.00	944.00	-0.62	-9.95
5680.00	944.00	-0.61	-9.62
5712.00	944.00	-0.50	-9.52
5744.00	944.00	-0.33	-9.71
5776.00	944.00	-0.22	-10.00
5808.00	944.00	-0.21	-10.17
5840.00	944.00	-0.23	-10.15
5872.00	944.00	-0.08	-10.11
5904.00	944.00	0.11	-9.98
5936.00	944.00	0.36	-9.86
5968.00	944.00	0.44	-9.46
6000.00	944.00	0.50	-8.65
6032.00	944.00	0.36	-7.59
6064.00	944.00	0.20	-5.87
6096.00	944.00	0.12	-3.90
6128.00	944.00	0.20	-1.68
6160.00	944.00	0.23	-1.01
6192.00	944.00	0.00	-2.14
6224.00	944.00	-0.22	-4.60
6256.00	944.00	-0.33	-6.67
6288.00	944.00	-0.16	-7.99
6320.00	944.00	0.03	-8.68
6352.00	944.00	0.09	-9.41
6384.00	944.00	0.07	-10.01
6416.00	944.00	0.10	-10.32
6448.00	944.00	0.34	-10.28
6480.00	944.00	0.63	-10.08
6512.00	944.00	0.87	-10.00
6544.00	944.00	0.83	-9.94
6576.00	944.00	0.81	-9.89
16.00	976.00	0.20	-15.20
48.00	976.00	0.16	-15.25
80.00	976.00	0.15	-15.37
112.00	976.00	0.26	-15.45
144.00	976.00	0.35	-15.45
176.00	976.00	0.31	-15.37
208.00	976.00	0.26	-15.31
240.00	976.00	0.23	-15.34
272.00	976.00	0.32	-15.38
304.00	976.00	0.41	-15.38
336.00	976.00	0.45	-15.36
368.00	976.00	0.39	-15.31
400.00	976.00	0.32	-15.20
432.00	976.00	0.29	-15.15
464.00	976.00	0.29	-15.11
496.00	976.00	0.24	-15.11
528.00	976.00	0.13	-15.07
560.00	976.00	0.06	-15.09
592.00	976.00	0.06	-15.20
624.00	976.00	0.15	-15.32
656.00	976.00	0.26	-15.43
688.00	976.00	0.32	-15.47
720.00	976.00	0.36	-15.44
752.00	976.00	0.31	-15.36
784.00	976.00	0.23	-15.35
816.00	976.00	0.17	-15.31
848.00	976.00	0.15	-15.26
880.00	976.00	0.23	-15.18
912.00	976.00	0.33	-15.17
944.00	976.00	0.35	-15.17
976.00	976.00	0.42	-15.12
1008.00	976.00	0.35	-15.19
1040.00	976.00	0.30	-15.32
1072.00	976.00	0.20	-15.44
1104.00	976.00	0.20	-15.40
1136.00	976.00	0.24	-15.32
1168.00	976.00	0.23	-15.29
1200.00	976.00	0.15	-15.27
1232.00	976.00	0.08	-15.19
1264.00	976.00	0.04	-15.11
1296.00	976.00	0.05	-15.09
1328.00	976.00	0.11	-15.14
1360.00	976.00	0.17	-15.16
1392.00	976.00	0.14	-15.15
1424.00	976.00	0.09	-15.16
1456.00	976.00	0.07	-15.17
1488.00	976.00	0.10	-15.18
1520.00	976.00	0.10	-15.15
1552.00	976.00	0.06	-15.15
1584.00	976.00	0.05	-15.15
1616.00	976.00	0.03	-15.18
1648.00	976.00	0.04	-15.23
1680.00	976.00	0.13	-15.32
1712.00	976.00	0.15	-15.37
1744.00	976.00	0.08	-15.39
1776.00	976.00	-0.02	-15.38
1808.00	976.00	-0.00	-15.31
1840.00	976.00	-0.03	-15.11
1872.00	976.00	-0.16	-14.90
1904.00	976.00	-0.28	-14.85
1936.00	976.00	-0.22	-14.94
1968.00	976.00	-0.01	-15.04
2000.00	976.00	0.17	-15.02
2032.00	976.00	0.16	-15.05
2064.00	976.00	0.14	-15.08
2096.00	976.00	0.13	-15.14
2128.00	976.00	0.23	-15.12
2160.00	976.00	0.26	-15.09
2192.00	976.00	0.25	-15.06
2224.00	976.00	0.28	-15.04
2256.00	976.00	0.31	-14.94
2288.00	976.00	0.33	-14.78
2320.00	976.00	0.27	-14.65
2352.00	976.00	0.19	-14.53
2384.00	976.00	0.12	-14.48
2416.00	976.00	0.17	-14.27
2448.00	976.00	0.29	-14.13
2480.00	976.00	0.35	-14.01
2512.00	976.00	0.26	-13.98
2544.00	976.00	0.12	-13.89
2576.00	976.00	-0.04	-13.70
2608.00	976.00	-0.15	-13.65
2640.00	976.00	-0.15	-13.75
2672.00	976.00	-0.04	-13.83
2704.00	976.00	0.08	-13.74
2736.00	976.00	0.02	-13.64
2768.00	976.00	-0.15	-13.65
2800.00	976.00	-0.31	-13.75
2832.00	976.00	-0.27	-13.72
2864.00	976.00	-0.05	-13.63
2896.00	976.00	0.18	-13.57
2928.00	976.00	0.23	-13.58
2960.00	976.00	0.13	-13.54
2992.00	976.00	-0.04	-13.46
3024.00	976.00	-0.16	-13.37
3056.00	976.00	-0.11	-13.38
3088.00	976.00	0.04	-13.44
3120.00	976.00	0.16	-13.55
3152.00	976.00	0.14	-13.58
3184.00	976.00	0.03	-13.61
3216.00	976.00	-0.14	-13.61
3248.00	976.00	-0.18	-13.71
3280.00	976.00	-0.06	-13.70
3312.00	976.00	0.17	-13.52
3344.00	976.00	0.18	-13.21
3376.00	976.00	0.15	-12.88
3408.00	976.00	0.20	-12.55
3440.00	976.00	0.41	-12.25
3472.00	976.00	0.38	-11.96
3504.00	976.00	0.12	-11.67
3536.00	976.00	-0.17	-11.48
3568.00	976.00	-0.37	-11.54
3600.00	976.00	-0.59	-11.71
3632.00	976.00	-0.79	-11.70
3664.00	976.00	-0.83	-11.46
3696.00	976.00	-0.75	-11.34
3728.00	976.00	-0.73	-11.42
3760.00	976.00	-0.74	-11.52
3792.00	976.00	-0.74	-11.50
3824.00	976.00	-0.83	-11.44
3856.00	976.00	-0.82	-11.45
3888.00	976.00	-0.64	-11.48
3920.00	976.00	-0.34	-11.55
3952.00	976.00	-0.32	-11.60
3984.00	976.00	-0.39	-11.59
4016.00	976.00	-0.46	-11.49
4048.00	976.00	-0.39	-11.43
4080.00	976.00	-0.45	-11.42
4112.00	976.00	-0.51	-11.43
4144.00	976.00	-0.50	-11.44
4176.00	976.00	-0.36	-11.50
4208.00	976.00	-0.23	-11.56
4240.00	976.00	-0.30	-11.51
4272.00	976.00	-0.37	-11.49
4304.00	976.00	-0.42	-11.48
4336.00	976.00	-0.36	-11.54
4368.00	976.00	-0.33	-11.60
4400.00	976.00	-0.22	-11.61
4432.00	976.00	-0.09	-11.53
4464.00	976.00	0.02	-11.36
4496.00	976.00	-0.04	-11.32
4528.00	976.00	-0.16	-11.39
4560.00	976.00	-0.24	-11.42
4592.00	976.00	-0.24	-11.33
4624.00	976.00	-0.12	-11.11
4656.00	976.00	-0.08	-10.90
4688.00	976.00	-0.07	-10.82
4720.00	976.00	-0.14	-10.89
4752.00	976.00	-0.20	-11.02
4784.00	976.00	-0.33	-11.07
4816.00	976.00	-0.40	-11.04
4848.00	976.00	-0.41	-11.09
4880.00	976.00	-0.37	-11.14
4912.00	976.00	-0.37	-11.23
4944.00	976.00	-0.36	-11.26
4976.00	976.00	-0.18	-11.34
5008.00	976.00	0.07	-11.44
5040.00	976.00	0.04	-11.42
5072.00	976.00	-0.21	-11.34
5104.00	976.00	-0.50	-11.30
5136.00	976.00	-0.52	-11.35
5168.00	976.00	-0.41	-11.39
5200.00	976.00	-0.31	-11.35
5232.00	976.00	-0.51	-11.17
5264.00	976.00	-0.76	-11.10
5296.00	976.00	-1.05	-11.15
5328.00	976.00	-0.83	-11.38
5360.00	976.00	-0.52	-11.44
5392.00	976.00	-0.29	-11.43
5424.00	976.00	-0.35	-10.81
5456.00	976.00	-0.40	-10.17
5488.00	976.00	-0.42	-9.70
5520.00	976.00	-0.57	-9.78
5552.00	976.00	-0.78	-9.94
5584.00	976.00	-0.81	-9.88
5616.00	976.00	-0.69	-9.78
5648.00	976.00	-0.63	-9.63
5680.00	976.00	-0.65	-9.45
5712.00	976.00	-0.61	-9.29
5744.00	976.00	-0.46	-9.34
5776.00	976.00	-0.26	-9.66
5808.00	976.00	-0.19	-9.95
5840.00	976.00	-0.21	-9.96
5872.00	976.00	-0.19	-9.72
5904.00	976.00	-0.07	-9.64
5936.00	976.00	0.08	-9.61
5968.00	976.00	0.15	-9.53
6000.00	976.00	0.28	-8.89
6032.00	976.00	0.40	-7.83
6064.00	976.00	0.45	-5.96
6096.00	976.00	0.36	-3.76
6128.00	976.00	0.25	-1.61
6160.00	976.00	0.12	-1.07
6192.00	976.00	-0.13	-2.27
6224.00	976.00	-0.35	-4.77
6256.00	976.00	-0.45	-6.87
6288.00	976.00	-0.33	-8.29
6320.00	976.00	-0.12	-9.02
6352.00	976.00	0.16	-9.38
6384.00	976.00	0.28	-9.65
6416.00	976.00	0.38	-9.75
6448.00	976.00	0.50	-9.94
6480.00	976.00	0.77	-9.88
6512.00	976.00	0.97	-9.89
6544.00	976.00	0.95	-9.80
6576.00	976.00	0.90	-9.74
16.00	1008.00	0.20	-15.36
48.00	1008.00	0.16	-15.38
80.00	1008.00	0.19	-15.41
112.00	1008.00	0.34	-15.41
144.00	1008.00	0.46	-15.38
176.00	1008.00	0.44	-15.35
208.00	1008.00	0.30	-15.37
240.00	1008.00	0.21	-15.45
272.00	1008.00	0.24	-15.50
304.00	1008.00	0.34	-15.45
336.00	1008.00	0.41	-15.35
368.00	1008.00	0.37	-15.28
400.00	1008.00	0.31	-15.21
432.00	1008.00	0.24	-15.14
464.00	1008.00	0.20	-15.10
496.00	1008.00	0.16	-15.11
528.00	1008.00	0.13	-15.13
560.00	1008.00	0.13	-15.18
592.00	1008.00	0.15	-15.26
624.00	1008.00	0.23	-15.34
656.00	1008.00	0.30	-15.40
688.00	1008.00	0.29	-15.39
720.00	1008.00	0.26	-15.35
752.00	1008.00	0.15	-15.30
784.00	1008.00	0.15	-15.31
816.00	1008.00	0.19	-15.35
848.00	1008.00	0.23	-15.40
880.00	1008.00	0.25	-15.40
912.00	1008.00	0.25	-15.44
944.00	1008.00	0.21	-15.42
976.00	1008.00	0.26	-15.34
1008.00	1008.00	0.30	-15.34
1040.00	1008.00	0.38	-15.39
1072.00	1008.00	0.32	-15.46
1104.00	1008.00	0.27	-15.40
1136.00	1008.00	0.27	-15.33
1168.00	1008.00	0.30	-15.26
1200.00	1008.00	0.26	-15.22
1232.00	1008.00	0.19	-15.17
1264.00	1008.00	0.12	-15.20
1296.00	1008.00	0.11	-15.21
1328.00	1008.00	0.17	-15.23
1360.00	1008.00	0.21	-15.20
1392.00	1008.00	0.19	-15.15
1424.00	1008.00	0.18	-15.15
1456.00	1008.00	0.15	-15.15
1488.00	1008.00	0.15	-15.13
1520.00	1008.00	0.08	-15.10
1552.00	1008.00	0.08	-15.04
1584.00	1008.00	0.14	-15.02
1616.00	1008.00	0.15	-15.04
1648.00	1008.00	0.15	-15.11
1680.00	1008.00	0.07	-15.20
1712.00	1008.00	0.00	-15.23
1744.00	1008.00	-0.10	-15.29
1776.00	1008.00	-0.12	-15.33
1808.00	1008.00	-0.02	-15.30
1840.00	1008.00	0.01	-15.14
1872.00	1008.00	-0.12	-14.98
1904.00	1008.00	-0.23	-14.95
1936.00	1008.00	-0.14	-14.97
1968.00	1008.00	0.09	-14.99
2000.00	1008.00	0.25	-14.98
2032.00	1008.00	0.24	-15.04
2064.00	1008.00	0.26	-15.10
2096.00	1008.00	0.26	-15.14
2128.00	1008.00	0.20	-15.14
2160.00	1008.00	0.11	-15.14
2192.00	1008.00	0.04	-15.15
2224.00	1008.00	0.16	-15.13
2256.00	1008.00	0.28	-15.06
2288.00	1008.00	0.32	-14.96
2320.00	1008.00	0.23	-14.90
2352.00	1008.00	0.12	-14.73
2384.00	1008.00	0.10	-14.55
2416.00	1008.00	0.16	-14.28
2448.00	1008.00	0.28	-14.10
2480.00	1008.00	0.28	-13.96
2512.00	1008.00	0.14	-13.88
2544.00	1008.00	-0.01	-13.85
2576.00	1008.00	-0.13	-13.75
2608.00	1008.00	-0.17	-13.69
2640.00	1008.00	-0.14	-13.75
2672.00	1008.00	-0.05	-13.81
2704.00	1008.00	0.01	-13.74
2736.00	1008.00	-0.06	-13.66
2768.00	1008.00	-0.19	-13.69
2800.00	1008.00	-0.29	-13.80
2832.00	1008.00	-0.25	-13.82
2864.00	1008.00	-0.06	-13.75
2896.00	1008.00	0.11	-13.66
2928.00	1008.00	0.12	-13.63
2960.00	1008.00	0.02	-13.63
2992.00	1008.00	-0.09	-13.61
3024.00	1008.00	-0.17	-13.57
3056.00	1008.00	-0.17	-13.61
3088.00	1008.00	-0.09	-13.65
3120.00	1008.00	0.03	-13.66
3152.00	1008.00	0.11	-13.55
3184.00	1008.00	0.10	-13.52
3216.00	1008.00	-0.14	-13.56
3248.00	1008.00	-0.36	-13.70
3280.00	1008.00	-0.31	-13.67
3312.00	1008.00	-0.03	-13.40
3344.00	1008.00	0.02	-13.06
3376.00	1008.00	-0.06	-12.75
3408.00	1008.00	-0.02	-12.46
3440.00	1008.00	0.25	-12.15
3472.00	1008.00	0.21	-11.87
3504.00	1008.00	-0.04	-11.56
3536.00	1008.00	-0.33	-11.33
3568.00	1008.00	-0.44	-11.36
3600.00	1008.00	-0.66	-11.53
3632.00	1008.00	-0.82	-11.53
3664.00	1008.00	-0.82	-11.35
3696.00	1008.00	-0.68	-11.37
3728.00	1008.00	-0.61	-11.59
3760.00	1008.00	-0.64	-11.76
3792.00	1008.00	-0.66	-11.70
3824.00	1008.00	-0.69	-11.52
3856.00	1008.00	-0.62	-11.42
3888.00	1008.00	-0.52	-11.25
3920.00	1008.00	-0.35	-11.19
3952.00	1008.00	-0.33	-11.23
3984.00	1008.00	-0.34	-11.41
4016.00	1008.00	-0.43	-11.46
4048.00	1008.00	-0.47	-11.43
4080.00	1008.00	-0.53	-11.36
4112.00	1008.00	-0.55	-11.35
4144.00	1008.00	-0.50	-11.33
4176.00	1008.00	-0.35	-11.31
4208.00	1008.00	-0.20	-11.30
4240.00	1008.00	-0.24	-11.26
4272.00	1008.00	-0.31	-11.32
4304.00	1008.00	-0.30	-11.41
4336.00	1008.00	-0.24	-11.50
4368.00	1008.00	-0.27	-11.42
4400.00	1008.00	-0.26	-11.32
4432.00	1008.00	-0.14	-11.23
4464.00	1008.00	-0.02	-11.19
4496.00	1008.00	-0.07	-11.17
4528.00	1008.00	-0.21	-11.19
4560.00	1008.00	-0.24	-11.24
4592.00	1008.00	-0.17	-11.22
4624.00	1008.00	-0.05	-11.09
4656.00	1008.00	-0.06	-10.94
4688.00	1008.00	-0.12	-10.88
4720.00	1008.00	-0.18	-10.93
4752.00	1008.00	-0.20	-11.00
4784.00	1008.00	-0.32	-11.00
4816.00	1008.00	-0.39	-10.94
4848.00	1008.00	-0.42	-10.98
4880.00	1008.00	-0.35	-11.06
4912.00	1008.00	-0.26	-11.22
4944.00	1008.00	-0.23	-11.29
4976.00	1008.00	-0.12	-11.37
5008.00	1008.00	0.04	-11.44
5040.00	1008.00	0.04	-11.42
5072.00	1008.00	-0.09	-11.36
5104.00	1008.00	-0.32	-11.27
5136.00	1008.00	-0.33	-11.25
5168.00	1008.00	-0.28	-11.28
5200.00	1008.00	-0.24	-11.29
5232.00	1008.00	-0.39	-11.23
5264.00	1008.00	-0.65	-11.21
5296.00	1008.00	-0.92	-11.32
5328.00	1008.00	-0.82	-11.44
5360.00	1008.00	-0.49	-11.24
5392.00	1008.00	-0.17	-11.03
5424.00	1008.00	-0.17	-10.40
5456.00	1008.00	-0.22	-9.82
5488.00	1008.00	-0.34	-9.45
5520.00	1008.00	-0.44	-9.54
5552.00	1008.00	-0.64	-9.76
5584.00	1008.00	-0.74	-9.49
5616.00	1008.00	-0.74	-9.32
5648.00	1008.00	-0.71	-9.31
5680.00	1008.00	-0.70	-9.40
5712.00	1008.00	-0.67	-9.22
5744.00	1008.00	-0.52	-9.17
5776.00	1008.00	-0.26	-9.45
5808.00	1008.00	-0.07	-9.88
5840.00	1008.00	-0.09	-9.74
5872.00	1008.00	-0.18	-9.20
5904.00	1008.00	-0.15	-8.99
5936.00	1008.00	-0.07	-8.91
5968.00	1008.00	0.02	-8.80
6000.00	1008.00	0.17	-8.11
6032.00	1008.00	0.41	-7.02
6064.00	1008.00	0.58	-5.28
6096.00	1008.00	0.51	-3.22
6128.00	1008.00	0.31	-1.32
6160.00	1008.00	0.09	-0.94
6192.00	1008.00	-0.12	-2.15
6224.00	1008.00	-0.31	-4.56
6256.00	1008.00	-0.39	-6.60
6288.00	1008.00	-0.31	-7.99
6320.00	1008.00	-0.05	-8.73
6352.00	1008.00	0.39	-8.78
6384.00	1008.00	0.64	-8.87
6416.00	1008.00	0.65	-9.11
6448.00	1008.00	0.56	-9.68
6480.00	1008.00	0.69	-9.87
6512.00	1008.00	0.95	-9.84
6544.00	1008.00	1.02	-9.73
6576.00	1008.00	1.02	-9.69
16.00	1040.00	0.25	-15.47
48.00	1040.00	0.26	-15.43
80.00	1040.00	0.35	-15.31
112.00	1040.00	0.50	-15.22
144.00	1040.00	0.55	-15.22
176.00	1040.00	0.49	-15.29
208.00	1040.00	0.34	-15.41
240.00	1040.00	0.27	-15.48
272.00	1040.00	0.28	-15.48
304.00	1040.00	0.30	-15.40
336.00	1040.00	0.28	-15.29
368.00	1040.00	0.21	-15.27
400.00	1040.00	0.19	-15.23
432.00	1040.00	0.17	-15.16
464.00	1040.00	0.15	-15.12
496.00	1040.00	0.17	-15.16
528.00	1040.00	0.19	-15.25
560.00	1040.00	0.24	-15.30
592.00	1040.00	0.24	-15.32
624.00	1040.00	0.27	-15.35
656.00	1040.00	0.27	-15.35
688.00	1040.00	0.21	-15.33
720.00	1040.00	0.13	-15.28
752.00	1040.00	0.05	-15.23
784.00	1040.00	0.12	-15.23
816.00	1040.00	0.27	-15.29
848.00	1040.00	0.31	-15.39
880.00	1040.00	0.25	-15.45
912.00	1040.00	0.12	-15.52
944.00	1040.00	0.02	-15.53
976.00	1040.00	0.06	-15.49
1008.00	1040.00	0.17	-15.49
1040.00	1040.00	0.33	-15.49
1072.00	1040.00	0.33	-15.45
1104.00	1040.00	0.25	-15.37
1136.00	1040.00	0.23	-15.31
1168.00	1040.00	0.30	-15.31
1200.00	1040.00	0.32	-15.29
1232.00	1040.00	0.30	-15.25
1264.00	1040.00	0.25	-15.28
1296.00	1040.00	0.21	-15.30
1328.00	1040.00	0.24	-15.28
1360.00	1040.00	0.24	-15.23
1392.00	1040.00	0.18	-15.16
1424.00	1040.00	0.13	-15.13
1456.00	1040.00	0.09	-15.09
1488.00	1040.00	0.12	-15.05
1520.00	1040.00	0.08	-15.08
1552.00	1040.00	0.12	-15.08
1584.00	1040.00	0.20	-15.08
1616.00	1040.00	0.15	-15.08
1648.00	1040.00	0.05	-15.13
1680.00	1040.00	-0.15	-15.17
1712.00	1040.00	-0.24	-15.14
1744.00	1040.00	-0.29	-15.19
1776.00	1040.00	-0.19	-15.26
1808.00	1040.00	-0.07	-15.25
1840.00	1040.00	-0.01	-15.13
1872.00	1040.00	-0.10	-15.04
1904.00	1040.00	-0.15	-15.05
1936.00	1040.00	-0.02	-15.07
1968.00	1040.00	0.20	-15.04
2000.00	1040.00	0.31	-15.01
2032.00	1040.00	0.28	-15.06
2064.00	1040.00	0.32	-15.13
2096.00	1040.00	0.31	-15.16
2128.00	1040.00	0.16	-15.15
2160.00	1040.00	-0.03	-15.15
2192.00	1040.00	-0.12	-15.14
2224.00	1040.00	0.02	-15.11
2256.00	1040.00	0.19	-15.09
2288.00	1040.00	0.22	-15.02
2320.00	1040.00	0.16	-14.98
2352.00	1040.00	0.14	-14.73
2384.00	1040.00	0.18	-14.53
2416.00	1040.00	0.23	-14.27
2448.00	1040.00	0.28	-14.09
2480.00	1040.00	0.24	-13.94
2512.00	1040.00	0.15	-13.84
2544.00	1040.00	0.00	-13.84
2576.00	1040.00	-0.08	-13.81
2608.00	1040.00	-0.09	-13.76
2640.00	1040.00	-0.07	-13.73
2672.00	1040.00	-0.01	-13.75
2704.00	1040.00	-0.02	-13.72
2736.00	1040.00	-0.11	-13.76
2768.00	1040.00	-0.20	-13.81
2800.00	1040.00	-0.26	-13.87
2832.00	1040.00	-0.20	-13.85
2864.00	1040.00	-0.07	-13.78
2896.00	1040.00	0.02	-13.78
2928.00	1040.00	-0.02	-13.77
2960.00	1040.00	-0.15	-13.77
2992.00	1040.00	-0.23	-13.72
3024.00	1040.00	-0.24	-13.67
3056.00	1040.00	-0.18	-13.69
3088.00	1040.00	-0.09	-13.67
3120.00	1040.00	0.02	-13.57
3152.00	1040.00	0.15	-13.39
3184.00	1040.00	0.16	-13.38
3216.00	1040.00	-0.10	-13.52
3248.00	1040.00	-0.46	-13.65
3280.00	1040.00	-0.48	-13.59
3312.00	1040.00	-0.29	-13.31
3344.00	1040.00	-0.24	-12.99
3376.00	1040.00	-0.40	-12.68
3408.00	1040.00	-0.37	-12.41
3440.00	1040.00	-0.10	-12.18
3472.00	1040.00	-0.15	-11.91
3504.00	1040.00	-0.38	-11.59
3536.00	1040.00	-0.66	-11.26
3568.00	1040.00	-0.69	-11.27
3600.00	1040.00	-0.81	-11.46
3632.00	1040.00	-0.88	-11.60
3664.00	1040.00	-0.79	-11.56
3696.00	1040.00	-0.58	-11.67
3728.00	1040.00	-0.48	-11.84
3760.00	1040.00	-0.51	-11.95
3792.00	1040.00	-0.56	-11.83
3824.00	1040.00	-0.48	-11.66
3856.00	1040.00	-0.35	-11.46
3888.00	1040.00	-0.33	-11.11
3920.00	1040.00	-0.33	-10.85
3952.00	1040.00	-0.32	-10.92
3984.00	1040.00	-0.26	-11.21
4016.00	1040.00	-0.34	-11.43
4048.00	1040.00	-0.50	-11.42
4080.00	1040.00	-0.58	-11.34
4112.00	1040.00	-0.60	-11.29
4144.00	1040.00	-0.59	-11.23
4176.00	1040.00	-0.44	-11.17
4208.00	1040.00	-0.29	-11.14
4240.00	1040.00	-0.27	-11.09
4272.00	1040.00	-0.31	-11.16
4304.00	1040.00	-0.30	-11.27
4336.00	1040.00	-0.25	-11.36
4368.00	1040.00	-0.25	-11.25
4400.00	1040.00	-0.23	-11.13
4432.00	1040.00	-0.11	-11.08
4464.00	1040.00	-0.02	-11.11
4496.00	1040.00	-0.09	-11.09
4528.00	1040.00	-0.17	-11.06
4560.00	1040.00	-0.15	-11.06
4592.00	1040.00	-0.05	-11.12
4624.00	1040.00	-0.01	-11.09
4656.00	1040.00	-0.08	-11.02
4688.00	1040.00	-0.14	-10.96
4720.00	1040.00	-0.12	-10.95
4752.00	1040.00	-0.09	-10.94
4784.00	1040.00	-0.17	-10.88
4816.00	1040.00	-0.32	-10.85
4848.00	1040.00	-0.37	-10.88
4880.00	1040.00	-0.25	-11.00
4912.00	1040.00	-0.03	-11.17
4944.00	1040.00	0.01	-11.29
4976.00	1040.00	-0.05	-11.39
5008.00	1040.00	-0.01	-11.46
5040.00	1040.00	0.08	-11.45
5072.00	1040.00	0.13	-11.40
5104.00	1040.00	-0.02	-11.27
5136.00	1040.00	-0.15	-11.19
5168.00	1040.00	-0.21	-11.24
5200.00	1040.00	-0.22	-11.29
5232.00	1040.00	-0.30	-11.36
5264.00	1040.00	-0.58	-11.27
5296.00	1040.00	-0.83	-11.16
5328.00	1040.00	-0.85	-10.98
5360.00	1040.00	-0.55	-10.69
5392.00	1040.00	-0.26	-10.53
5424.00	1040.00	-0.24	-10.38
5456.00	1040.00	-0.26	-10.10
5488.00	1040.00	-0.48	-9.73
5520.00	1040.00	-0.58	-9.55
5552.00	1040.00	-0.67	-9.72
5584.00	1040.00	-0.58	-9.64
5616.00	1040.00	-0.60	-9.37
5648.00	1040.00	-0.59	-9.27
5680.00	1040.00	-0.54	-9.37
5712.00	1040.00	-0.46	-9.28
5744.00	1040.00	-0.39	-9.32
5776.00	1040.00	-0.23	-9.52
5808.00	1040.00	0.02	-9.90
5840.00	1040.00	0.09	-9.62
5872.00	1040.00	-0.01	-8.88
5904.00	1040.00	-0.02	-8.49
5936.00	1040.00	0.02	-8.23
5968.00	1040.00	0.15	-8.03
6000.00	1040.00	0.27	-7.28
6032.00	1040.00	0.37	-6.11
6064.00	1040.00	0.37	-4.58
6096.00	1040.00	0.33	-2.76
6128.00	1040.00	0.24	-1.17
6160.00	1040.00	0.14	-0.90
6192.00	1040.00	-0.08	-2.03
6224.00	1040.00	-0.29	-4.31
6256.00	1040.00	-0.33	-6.19
6288.00	1040.00	-0.22	-7.58
6320.00	1040.00	0.16	-8.10
6352.00	1040.00	0.71	-7.87
6384.00	1040.00	1.01	-8.04
6416.00	1040.00	0.86	-8.62
6448.00	1040.00	0.50	-9.57
6480.00	1040.00	0.50	-9.79
6512.00	1040.00	0.79	-9.71
6544.00	1040.00	1.04	-9.59
6576.00	1040.00	1.12	-9.53
16.00	1072.00	0.31	-15.43
48.00	1072.00	0.34	-15.39
80.00	1072.00	0.45	-15.25
112.00	1072.00	0.53	-15.18
144.00	1072.00	0.52	-15.21
176.00	1072.00	0.46	-15.33
208.00	1072.00	0.33	-15.46
240.00	1072.00	0.31	-15.46
272.00	1072.00	0.32	-15.40
304.00	1072.00	0.28	-15.31
336.00	1072.00	0.16	-15.25
368.00	1072.00	0.04	-15.26
400.00	1072.00	0.07	-15.22
432.00	1072.00	0.14	-15.15
464.00	1072.00	0.21	-15.15
496.00	1072.00	0.28	-15.24
528.00	1072.00	0.33	-15.36
560.00	1072.00	0.36	-15.40
592.00	1072.00	0.33	-15.40
624.00	1072.00	0.30	-15.41
656.00	1072.00	0.25	-15.39
688.00	1072.00	0.18	-15.33
720.00	1072.00	0.17	-15.22
752.00	1072.00	0.19	-15.15
784.00	1072.00	0.28	-15.13
816.00	1072.00	0.40	-15.23
848.00	1072.00	0.37	-15.32
880.00	1072.00	0.26	-15.39
912.00	1072.00	0.03	-15.37
944.00	1072.00	-0.13	-15.38
976.00	1072.00	-0.12	-15.39
1008.00	1072.00	0.01	-15.45
1040.00	1072.00	0.19	-15.46
1072.00	1072.00	0.23	-15.41
1104.00	1072.00	0.16	-15.33
1136.00	1072.00	0.15	-15.30
1168.00	1072.00	0.22	-15.29
1200.00	1072.00	0.30	-15.29
1232.00	1072.00	0.38	-15.28
1264.00	1072.00	0.39	-15.33
1296.00	1072.00	0.38	-15.34
1328.00	1072.00	0.38	-15.30
1360.00	1072.00	0.31	-15.26
1392.00	1072.00	0.21	-15.18
1424.00	1072.00	0.13	-15.10
1456.00	1072.00	0.08	-15.02
1488.00	1072.00	0.11	-15.01
1520.00	1072.00	0.10	-15.12
1552.00	1072.00	0.15	-15.20
1584.00	1072.00	0.21	-15.23
1616.00	1072.00	0.16	-15.20
1648.00	1072.00	0.01	-15.20
1680.00	1072.00	-0.24	-15.16
1712.00	1072.00	-0.31	-15.07
1744.00	1072.00	-0.27	-15.13
1776.00	1072.00	-0.13	-15.24
1808.00	1072.00	-0.08	-15.28
1840.00	1072.00	-0.13	-15.18
1872.00	1072.00	-0.21	-15.08
1904.00	1072.00	-0.21	-15.09
1936.00	1072.00	-0.04	-15.14
1968.00	1072.00	0.13	-15.14
2000.00	1072.00	0.14	-15.12
2032.00	1072.00	0.12	-15.13
2064.00	1072.00	0.18	-15.18
2096.00	1072.00	0.23	-15.19
2128.00	1072.00	0.05	-15.15
2160.00	1072.00	-0.14	-15.10
2192.00	1072.00	-0.19	-15.04
2224.00	1072.00	-0.08	-14.95
2256.00	1072.00	0.05	-14.91
2288.00	1072.00	0.08	-14.84
2320.00	1072.00	0.11	-14.83
2352.00	1072.00	0.21	-14.68
2384.00	1072.00	0.27	-14.53
2416.00	1072.00	0.29	-14.32
2448.00	1072.00	0.26	-14.13
2480.00	1072.00	0.23	-13.99
2512.00	1072.00	0.22	-13.89
2544.00	1072.00	0.12	-13.89
2576.00	1072.00	0.02	-13.88
2608.00	1072.00	-0.06	-13.86
2640.00	1072.00	-0.06	-13.88
2672.00	1072.00	-0.04	-13.85
2704.00	1072.00	-0.09	-13.84
2736.00	1072.00	-0.18	-13.87
2768.00	1072.00	-0.18	-13.94
2800.00	1072.00	-0.18	-13.97
2832.00	1072.00	-0.16	-13.90
2864.00	1072.00	-0.15	-13.81
2896.00	1072.00	-0.16	-13.74
2928.00	1072.00	-0.23	-13.73
2960.00	1072.00	-0.37	-13.76
2992.00	1072.00	-0.44	-13.75
3024.00	1072.00	-0.39	-13.72
3056.00	1072.00	-0.27	-13.71
3088.00	1072.00	-0.17	-13.65
3120.00	1072.00	-0.08	-13.51
3152.00	1072.00	0.03	-13.35
3184.00	1072.00	0.06	-13.37
3216.00	1072.00	-0.20	-13.47
3248.00	1072.00	-0.55	-13.55
3280.00	1072.00	-0.61	-13.48
3312.00	1072.00	-0.52	-13.33
3344.00	1072.00	-0.57	-13.05
3376.00	1072.00	-0.79	-12.71
3408.00	1072.00	-0.80	-12.42
3440.00	1072.00	-0.54	-12.22
3472.00	1072.00	-0.57	-11.99
3504.00	1072.00	-0.75	-11.66
3536.00	1072.00	-0.98	-11.36
3568.00	1072.00	-0.95	-11.37
3600.00	1072.00	-0.95	-11.56
3632.00	1072.00	-0.94	-11.72
3664.00	1072.00	-0.80	-11.73
3696.00	1072.00	-0.53	-11.84
3728.00	1072.00	-0.37	-11.95
3760.00	1072.00	-0.44	-11.94
3792.00	1072.00	-0.55	-11.76
3824.00	1072.00	-0.46	-11.58
3856.00	1072.00	-0.32	-11.38
3888.00	1072.00	-0.35	-11.05
3920.00	1072.00	-0.42	-10.77
3952.00	1072.00	-0.41	-10.81
3984.00	1072.00	-0.26	-11.06
4016.00	1072.00	-0.25	-11.31
4048.00	1072.00	-0.33	-11.37
4080.00	1072.00	-0.44	-11.32
4112.00	1072.00	-0.54	-11.24
4144.00	1072.00	-0.57	-11.15
4176.00	1072.00	-0.43	-11.12
4208.00	1072.00	-0.27	-11.13
4240.00	1072.00	-0.18	-11.11
4272.00	1072.00	-0.22	-11.12
4304.00	1072.00	-0.20	-11.20
4336.00	1072.00	-0.21	-11.26
4368.00	1072.00	-0.20	-11.19
4400.00	1072.00	-0.21	-11.05
4432.00	1072.00	-0.10	-10.99
4464.00	1072.00	-0.08	-11.05
4496.00	1072.00	-0.13	-11.03
4528.00	1072.00	-0.13	-10.97
4560.00	1072.00	-0.08	-10.91
4592.00	1072.00	0.01	-10.98
4624.00	1072.00	-0.05	-11.07
4656.00	1072.00	-0.17	-11.12
4688.00	1072.00	-0.19	-11.09
4720.00	1072.00	-0.08	-11.00
4752.00	1072.00	0.03	-10.90
4784.00	1072.00	0.00	-10.81
4816.00	1072.00	-0.16	-10.82
4848.00	1072.00	-0.18	-10.89
4880.00	1072.00	-0.04	-11.01
4912.00	1072.00	0.19	-11.15
4944.00	1072.00	0.19	-11.26
4976.00	1072.00	0.00	-11.38
5008.00	1072.00	-0.01	-11.47
5040.00	1072.00	0.10	-11.45
5072.00	1072.00	0.30	-11.38
5104.00	1072.00	0.14	-11.25
5136.00	1072.00	-0.09	-11.15
5168.00	1072.00	-0.26	-11.20
5200.00	1072.00	-0.22	-11.25
5232.00	1072.00	-0.19	-11.39
5264.00	1072.00	-0.43	-11.29
5296.00	1072.00	-0.68	-10.99
5328.00	1072.00	-0.78	-10.47
5360.00	1072.00	-0.41	-10.17
5392.00	1072.00	-0.13	-10.24
5424.00	1072.00	-0.08	-10.48
5456.00	1072.00	-0.21	-10.40
5488.00	1072.00	-0.51	-10.06
5520.00	1072.00	-0.60	-9.86
5552.00	1072.00	-0.57	-10.00
5584.00	1072.00	-0.34	-10.03
5616.00	1072.00	-0.31	-9.70
5648.00	1072.00	-0.32	-9.42
5680.00	1072.00	-0.29	-9.30
5712.00	1072.00	-0.27	-9.16
5744.00	1072.00	-0.28	-9.21
5776.00	1072.00	-0.21	-9.31
5808.00	1072.00	0.05	-9.60
5840.00	1072.00	0.17	-9.36
5872.00	1072.00	0.16	-8.83
5904.00	1072.00	0.14	-8.45
5936.00	1072.00	0.18	-8.13
5968.00	1072.00	0.36	-7.88
6000.00	1072.00	0.46	-7.18
6032.00	1072.00	0.41	-5.97
6064.00	1072.00	0.23	-4.27
6096.00	1072.00	0.16	-2.47
6128.00	1072.00	0.17	-0.99
6160.00	1072.00	0.14	-0.95
6192.00	1072.00	-0.08	-2.10
6224.00	1072.00	-0.27	-4.31
6256.00	1072.00	-0.26	-6.04
6288.00	1072.00	-0.10	-7.34
6320.00	1072.00	0.30	-7.72
6352.00	1072.00	0.80	-7.64
6384.00	1072.00	1.12	-8.10
6416.00	1072.00	0.93	-8.81
6448.00	1072.00	0.52	-9.63
6480.00	1072.00	0.41	-9.60
6512.00	1072.00	0.69	-9.44
6544.00	1072.00	1.03	-9.33
6576.00	1072.00	1.20	-9.24
16.00	1104.00	0.23	-15.32
48.00	1104.00	0.28	-15.28
80.00	1104.00	0.38	-15.18
112.00	1104.00	0.40	-15.19
144.00	1104.00	0.34	-15.26
176.00	1104.00	0.29	-15.35
208.00	1104.00	0.23	-15.44
240.00	1104.00	0.30	-15.42
272.00	1104.00	0.35	-15.35
304.00	1104.00	0.30	-15.27
336.00	1104.00	0.13	-15.27
368.00	1104.00	0.02	-15.36
400.00	1104.00	0.08	-15.32
432.00	1104.00	0.17	-15.25
464.00	1104.00	0.25	-15.20
496.00	1104.00	0.30	-15.28
528.00	1104.00	0.37	-15.41
560.00	1104.00	0.39	-15.47
592.00	1104.00	0.35	-15.48
624.00	1104.00	0.29	-15.48
656.00	1104.00	0.22	-15.41
688.00	1104.00	0.17	-15.30
720.00	1104.00	0.23	-15.18
752.00	1104.00	0.35	-15.13
784.00	1104.00	0.44	-15.12
816.00	1104.00	0.51	-15.20
848.00	1104.00	0.44	-15.23
880.00	1104.00	0.35	-15.20
912.00	1104.00	0.17	-15.08
944.00	1104.00	0.01	-15.09
976.00	1104.00	-0.04	-15.15
1008.00	1104.00	0.02	-15.25
1040.00	1104.00	0.14	-15.26
1072.00	1104.00	0.18	-15.26
1104.00	1104.00	0.11	-15.25
1136.00	1104.00	0.11	-15.25
1168.00	1104.00	0.15	-15.23
1200.00	1104.00	0.22	-15.21
1232.00	1104.00	0.30	-15.23
1264.00	1104.00	0.37	-15.28
1296.00	1104.00	0.42	-15.26
1328.00	1104.00	0.42	-15.24
1360.00	1104.00	0.34	-15.23
1392.00	1104.00	0.24	-15.21
1424.00	1104.00	0.16	-15.14
1456.00	1104.00	0.14	-15.08
1488.00	1104.00	0.16	-15.11
1520.00	1104.00	0.14	-15.20
1552.00	1104.00	0.15	-15.27
1584.00	1104.00	0.19	-15.32
1616.00	1104.00	0.21	-15.32
1648.00	1104.00	0.12	-15.30
1680.00	1104.00	-0.05	-15.22
1712.00	1104.00	-0.12	-15.13
1744.00	1104.00	-0.06	-15.16
1776.00	1104.00	0.03	-15.26
1808.00	1104.00	0.00	-15.30
1840.00	1104.00	-0.15	-15.20
1872.00	1104.00	-0.26	-15.05
1904.00	1104.00	-0.21	-15.02
1936.00	1104.00	0.03	-15.07
1968.00	1104.00	0.15	-15.13
2000.00	1104.00	0.11	-15.15
2032.00	1104.00	-0.04	-15.18
2064.00	1104.00	-0.00	-15.23
2096.00	1104.00	0.01	-15.23
2128.00	1104.00	-0.05	-15.17
2160.00	1104.00	-0.16	-15.11
2192.00	1104.00	-0.17	-15.04
2224.00	1104.00	-0.15	-14.91
2256.00	1104.00	-0.10	-14.85
2288.00	1104.00	-0.04	-14.74
2320.00	1104.00	0.10	-14.71
2352.00	1104.00	0.28	-14.58
2384.00	1104.00	0.31	-14.44
2416.00	1104.00	0.29	-14.25
2448.00	1104.00	0.22	-14.08
2480.00	1104.00	0.22	-14.00
2512.00	1104.00	0.26	-13.96
2544.00	1104.00	0.16	-13.97
2576.00	1104.00	0.04	-14.00
2608.00	1104.00	-0.07	-14.01
2640.00	1104.00	-0.08	-14.01
2672.00	1104.00	-0.08	-13.95
2704.00	1104.00	-0.15	-13.97
2736.00	1104.00	-0.19	-13.98
2768.00	1104.00	-0.10	-13.97
2800.00	1104.00	-0.10	-13.96
2832.00	1104.00	-0.17	-13.87
2864.00	1104.00	-0.31	-13.81
2896.00	1104.00	-0.32	-13.72
2928.00	1104.00	-0.31	-13.72
2960.00	1104.00	-0.41	-13.76
2992.00	1104.00	-0.51	-13.76
3024.00	1104.00	-0.51	-13.73
3056.00	1104.00	-0.42	-13.70
3088.00	1104.00	-0.32	-13.60
3120.00	1104.00	-0.25	-13.44
3152.00	1104.00	-0.21	-13.30
3184.00	1104.00	-0.19	-13.31
3216.00	1104.00	-0.34	-13.40
3248.00	1104.00	-0.60	-13.45
3280.00	1104.00	-0.71	-13.43
3312.00	1104.00	-0.80	-13.32
3344.00	1104.00	-0.94	-13.03
3376.00	1104.00	-1.17	-12.65
3408.00	1104.00	-1.21	-12.31
3440.00	1104.00	-1.02	-12.10
3472.00	1104.00	-1.04	-11.87
3504.00	1104.00	-1.14	-11.61
3536.00	1104.00	-1.23	-11.46
3568.00	1104.00	-1.11	-11.53
3600.00	1104.00	-0.95	-11.69
3632.00	1104.00	-0.90	-11.76
3664.00	1104.00	-0.79	-11.76
3696.00	1104.00	-0.60	-11.83
3728.00	1104.00	-0.42	-11.86
3760.00	1104.00	-0.44	-11.83
3792.00	1104.00	-0.54	-11.63
3824.00	1104.00	-0.45	-11.46
3856.00	1104.00	-0.32	-11.28
3888.00	1104.00	-0.35	-11.10
3920.00	1104.00	-0.47	-10.89
3952.00	1104.00	-0.46	-10.85
3984.00	1104.00	-0.30	-10.94
4016.00	1104.00	-0.13	-11.17
4048.00	1104.00	-0.11	-11.30
4080.00	1104.00	-0.21	-11.29
4112.00	1104.00	-0.43	-11.14
4144.00	1104.00	-0.53	-11.01
4176.00	1104.00	-0.39	-11.09
4208.00	1104.00	-0.14	-11.22
4240.00	1104.00	-0.00	-11.28
4272.00	1104.00	-0.02	-11.23
4304.00	1104.00	-0.00	-11.26
4336.00	1104.00	-0.04	-11.29
4368.00	1104.00	-0.07	-11.26
4400.00	1104.00	-0.15	-11.13
4432.00	1104.00	-0.13	-11.03
4464.00	1104.00	-0.15	-10.99
4496.00	1104.00	-0.19	-10.94
4528.00	1104.00	-0.14	-10.88
4560.00	1104.00	-0.04	-10.81
4592.00	1104.00	0.01	-10.85
4624.00	1104.00	-0.11	-10.95
4656.00	1104.00	-0.21	-11.03
4688.00	1104.00	-0.18	-11.02
4720.00	1104.00	-0.02	-10.97
4752.00	1104.00	0.09	-10.90
4784.00	1104.00	0.09	-10.84
4816.00	1104.00	-0.06	-10.89
4848.00	1104.00	-0.03	-11.01
4880.00	1104.00	0.11	-11.16
4912.00	1104.00	0.38	-11.23
4944.00	1104.00	0.36	-11.27
4976.00	1104.00	0.15	-11.34
5008.00	1104.00	0.06	-11.40
5040.00	1104.00	0.14	-11.36
5072.00	1104.00	0.36	-11.27
5104.00	1104.00	0.27	-11.16
5136.00	1104.00	0.06	-11.15
5168.00	1104.00	-0.12	-11.26
5200.00	1104.00	-0.11	-11.29
5232.00	1104.00	-0.10	-11.37
5264.00	1104.00	-0.33	-11.29
5296.00	1104.00	-0.51	-11.13
5328.00	1104.00	-0.46	-10.72
5360.00	1104.00	-0.09	-10.45
5392.00	1104.00	0.15	-10.40
5424.00	1104.00	0.07	-10.55
5456.00	1104.00	-0.18	-10.49
5488.00	1104.00	-0.50	-10.23
5520.00	1104.00	-0.54	-10.10
5552.00	1104.00	-0.41	-10.18
5584.00	1104.00	-0.12	-10.26
5616.00	1104.00	-0.04	-9.96
5648.00	1104.00	-0.06	-9.57
5680.00	1104.00	-0.12	-9.24
5712.00	1104.00	-0.19	-9.00
5744.00	1104.00	-0.22	-8.95
5776.00	1104.00	-0.17	-8.97
5808.00	1104.00	0.06	-9.19
5840.00	1104.00	0.19	-9.13
5872.00	1104.00	0.22	-8.79
5904.00	1104.00	0.18	-8.36
5936.00	1104.00	0.21	-8.09
5968.00	1104.00	0.37	-7.98
6000.00	1104.00	0.43	-7.37
6032.00	1104.00	0.34	-6.07
6064.00	1104.00	0.13	-4.27
6096.00	1104.00	0.10	-2.47
6128.00	1104.00	0.15	-0.98
6160.00	1104.00	0.20	-0.92
6192.00	1104.00	0.06	-2.19
6224.00	1104.00	-0.13	-4.48
6256.00	1104.00	-0.14	-6.18
6288.00	1104.00	-0.04	-7.36
6320.00	1104.00	0.27	-7.73
6352.00	1104.00	0.72	-7.95
6384.00	1104.00	1.02	-8.51
6416.00	1104.00	1.04	-9.02
6448.00	1104.00	0.68	-9.43
6480.00	1104.00	0.54	-9.23
6512.00	1104.00	0.70	-9.06
6544.00	1104.00	1.05	-9.01
6576.00	1104.00	1.27	-8.91
16.00	1136.00	0.04	-15.24
48.00	1136.00	0.10	-15.18
80.00	1136.00	0.22	-15.14
112.00	1136.00	0.25	-15.18
144.00	1136.00	0.23	-15.27
176.00	1136.00	0.21	-15.34
208.00	1136.00	0.21	-15.38
240.00	1136.00	0.23	-15.37
272.00	1136.00	0.26	-15.34
304.00	1136.00	0.24	-15.33
336.00	1136.00	0.15	-15.37
368.00	1136.00	0.11	-15.49
400.00	1136.00	0.19	-15.50
432.00	1136.00	0.28	-15.46
464.00	1136.00	0.31	-15.37
496.00	1136.00	0.30	-15.36
528.00	1136.00	0.36	-15.39
560.00	1136.00	0.38	-15.42
592.00	1136.00	0.34	-15.44
624.00	1136.00	0.27	-15.44
656.00	1136.00	0.20	-15.36
688.00	1136.00	0.18	-15.23
720.00	1136.00	0.27	-15.14
752.00	1136.00	0.38	-15.12
784.00	1136.00	0.42	-15.14
816.00	1136.00	0.50	-15.21
848.00	1136.00	0.47	-15.20
880.00	1136.00	0.44	-15.14
912.00	1136.00	0.27	-14.99
944.00	1136.00	0.14	-14.96
976.00	1136.00	0.08	-14.99
1008.00	1136.00	0.09	-15.05
1040.00	1136.00	0.15	-15.07
1072.00	1136.00	0.17	-15.11
1104.00	1136.00	0.09	-15.18
1136.00	1136.00	0.10	-15.20
1168.00	1136.00	0.13	-15.19
1200.00	1136.00	0.17	-15.16
1232.00	1136.00	0.22	-15.19
1264.00	1136.00	0.32	-15.24
1296.00	1136.00	0.42	-15.21
1328.00	1136.00	0.44	-15.21
1360.00	1136.00	0.38	-15.23
1392.00	1136.00	0.29	-15.27
1424.00	1136.00	0.25	-15.23
1456.00	1136.00	0.25	-15.20
1488.00	1136.00	0.27	-15.20
1520.00	1136.00	0.21	-15.19
1552.00	1136.00	0.15	-15.15
1584.00	1136.00	0.20	-15.16
1616.00	1136.00	0.30	-15.20
1648.00	1136.00	0.28	-15.24
1680.00	1136.00	0.13	-15.21
1712.00	1136.00	0.05	-15.17
1744.00	1136.00	0.10	-15.19
1776.00	1136.00	0.17	-15.23
1808.00	1136.00	0.13	-15.25
1840.00	1136.00	-0.05	-15.16
1872.00	1136.00	-0.19	-15.04
1904.00	1136.00	-0.20	-14.98
1936.00	1136.00	-0.01	-14.99
1968.00	1136.00	0.12	-15.04
2000.00	1136.00	0.09	-15.08
2032.00	1136.00	-0.07	-15.14
2064.00	1136.00	-0.09	-15.20
2096.00	1136.00	-0.10	-15.20
2128.00	1136.00	-0.13	-15.16
2160.00	1136.00	-0.16	-15.13
2192.00	1136.00	-0.11	-15.07
2224.00	1136.00	-0.12	-14.95
2256.00	1136.00	-0.14	-14.84
2288.00	1136.00	-0.09	-14.75
2320.00	1136.00	0.10	-14.70
2352.00	1136.00	0.27	-14.57
2384.00	1136.00	0.22	-14.38
2416.00	1136.00	0.18	-14.20
2448.00	1136.00	0.16	-14.05
2480.00	1136.00	0.21	-13.99
2512.00	1136.00	0.19	-13.92
2544.00	1136.00	0.04	-13.98
2576.00	1136.00	-0.10	-14.04
2608.00	1136.00	-0.15	-14.08
2640.00	1136.00	-0.12	-14.06
2672.00	1136.00	-0.07	-14.00
2704.00	1136.00	-0.11	-14.05
2736.00	1136.00	-0.11	-14.04
2768.00	1136.00	-0.01	-14.01
2800.00	1136.00	-0.02	-13.97
2832.00	1136.00	-0.15	-13.89
2864.00	1136.00	-0.33	-13.86
2896.00	1136.00	-0.31	-13.78
2928.00	1136.00	-0.21	-13.75
2960.00	1136.00	-0.24	-13.76
2992.00	1136.00	-0.40	-13.78
3024.00	1136.00	-0.53	-13.77
3056.00	1136.00	-0.54	-13.72
3088.00	1136.00	-0.50	-13.57
3120.00	1136.00	-0.49	-13.40
3152.00	1136.00	-0.52	-13.27
3184.00	1136.00	-0.52	-13.25
3216.00	1136.00	-0.59	-13.34
3248.00	1136.00	-0.76	-13.43
3280.00	1136.00	-0.94	-13.45
3312.00	1136.00	-1.11	-13.31
3344.00	1136.00	-1.22	-13.00
3376.00	1136.00	-1.30	-12.62
3408.00	1136.00	-1.37	-12.26
3440.00	1136.00	-1.35	-11.92
3472.00	1136.00	-1.39	-11.64
3504.00	1136.00	-1.34	-11.52
3536.00	1136.00	-1.24	-11.54
3568.00	1136.00	-1.03	-11.66
3600.00	1136.00	-0.80	-11.76
3632.00	1136.00	-0.71	-11.76
3664.00	1136.00	-0.67	-11.74
3696.00	1136.00	-0.62	-11.76
3728.00	1136.00	-0.51	-11.82
3760.00	1136.00	-0.49	-11.80
3792.00	1136.00	-0.51	-11.61
3824.00	1136.00	-0.52	-11.38
3856.00	1136.00	-0.48	-11.20
3888.00	1136.00	-0.48	-11.21
3920.00	1136.00	-0.46	-11.21
3952.00	1136.00	-0.41	-11.18
3984.00	1136.00	-0.25	-11.10
4016.00	1136.00	-0.03	-11.22
4048.00	1136.00	0.07	-11.35
4080.00	1136.00	-0.04	-11.33
4112.00	1136.00	-0.28	-11.11
4144.00	1136.00	-0.43	-10.92
4176.00	1136.00	-0.37	-10.99
4208.00	1136.00	-0.15	-11.14
4240.00	1136.00	0.02	-11.23
4272.00	1136.00	0.09	-11.23
4304.00	1136.00	0.14	-11.26
4336.00	1136.00	0.11	-11.31
4368.00	1136.00	0.09	-11.30
4400.00	1136.00	-0.01	-11.18
4432.00	1136.00	-0.08	-11.00
4464.00	1136.00	-0.20	-10.85
4496.00	1136.00	-0.26	-10.79
4528.00	1136.00	-0.19	-10.77
4560.00	1136.00	-0.08	-10.75
4592.00	1136.00	-0.05	-10.73
4624.00	1136.00	-0.14	-10.77
4656.00	1136.00	-0.18	-10.84
4688.00	1136.00	-0.09	-10.87
4720.00	1136.00	0.04	-10.92
4752.00	1136.00	0.13	-10.97
4784.00	1136.00	0.12	-10.96
4816.00	1136.00	0.07	-10.95
4848.00	1136.00	0.09	-11.00
4880.00	1136.00	0.19	-11.19
4912.00	1136.00	0.37	-11.32
4944.00	1136.00	0.39	-11.32
4976.00	1136.00	0.26	-11.30
5008.00	1136.00	0.18	-11.32
5040.00	1136.00	0.22	-11.31
5072.00	1136.00	0.39	-11.23
5104.00	1136.00	0.37	-11.13
5136.00	1136.00	0.25	-11.12
5168.00	1136.00	0.07	-11.18
5200.00	1136.00	0.01	-11.20
5232.00	1136.00	-0.08	-11.15
5264.00	1136.00	-0.26	-11.12
5296.00	1136.00	-0.35	-11.13
5328.00	1136.00	-0.23	-10.94
5360.00	1136.00	0.11	-10.69
5392.00	1136.00	0.28	-10.42
5424.00	1136.00	0.20	-10.37
5456.00	1136.00	-0.06	-10.29
5488.00	1136.00	-0.27	-10.12
5520.00	1136.00	-0.30	-10.00
5552.00	1136.00	-0.22	-10.03
5584.00	1136.00	-0.05	-10.03
5616.00	1136.00	0.07	-9.84
5648.00	1136.00	0.04	-9.50
5680.00	1136.00	-0.07	-9.19
5712.00	1136.00	-0.18	-8.99
5744.00	1136.00	-0.18	-8.85
5776.00	1136.00	-0.10	-8.78
5808.00	1136.00	-0.00	-8.79
5840.00	1136.00	0.07	-8.58
5872.00	1136.00	0.09	-8.21
5904.00	1136.00	0.07	-7.81
5936.00	1136.00	0.13	-7.91
5968.00	1136.00	0.24	-8.06
6000.00	1136.00	0.34	-7.67
6032.00	1136.00	0.29	-6.38
6064.00	1136.00	0.18	-4.55
6096.00	1136.00	0.15	-2.62
6128.00	1136.00	0.21	-0.93
6160.00	1136.00	0.30	-0.71
6192.00	1136.00	0.26	-2.02
6224.00	1136.00	0.13	-4.40
6256.00	1136.00	0.09	-6.17
6288.00	1136.00	0.20	-7.31
6320.00	1136.00	0.38	-7.74
6352.00	1136.00	0.69	-7.91
6384.00	1136.00	0.87	-8.31
6416.00	1136.00	0.91	-8.92
6448.00	1136.00	0.69	-9.26
6480.00	1136.00	0.57	-9.24
6512.00	1136.00	0.83	-8.94
6544.00	1136.00	1.13	-9.01
6576.00	1136.00	1.37	-8.92
16.00	1168.00	-0.14	-15.26
48.00	1168.00	-0.00	-15.20
80.00	1168.00	0.19	-15.15
112.00	1168.00	0.26	-15.14
144.00	1168.00	0.19	-15.18
176.00	1168.00	0.18	-15.27
208.00	1168.00	0.18	-15.34
240.00	1168.00	0.20	-15.39
272.00	1168.00	0.18	-15.40
304.00	1168.00	0.18	-15.43
336.00	1168.00	0.15	-15.47
368.00	1168.00	0.16	-15.54
400.00	1168.00	0.26	-15.56
432.00	1168.00	0.34	-15.54
464.00	1168.00	0.34	-15.43
496.00	1168.00	0.30	-15.35
528.00	1168.00	0.35	-15.33
560.00	1168.00	0.42	-15.34
592.00	1168.00	0.42	-15.33
624.00	1168.00	0.32	-15.30
656.00	1168.00	0.20	-15.25
688.00	1168.00	0.20	-15.19
720.00	1168.00	0.30	-15.17
752.00	1168.00	0.32	-15.16
784.00	1168.00	0.23	-15.20
816.00	1168.00	0.28	-15.23
848.00	1168.00	0.33	-15.24
880.00	1168.00	0.38	-15.20
912.00	1168.00	0.26	-15.12
944.00	1168.00	0.20	-15.06
976.00	1168.00	0.15	-15.02
1008.00	1168.00	0.15	-15.02
1040.00	1168.00	0.18	-15.04
1072.00	1168.00	0.19	-15.09
1104.00	1168.00	0.14	-15.17
1136.00	1168.00	0.11	-15.23
1168.00	1168.00	0.12	-15.26
1200.00	1168.00	0.13	-15.22
1232.00	1168.00	0.15	-15.22
1264.00	1168.00	0.23	-15.26
1296.00	1168.00	0.33	-15.23
1328.00	1168.00	0.37	-15.21
1360.00	1168.00	0.33	-15.21
1392.00	1168.00	0.28	-15.31
1424.00	1168.00	0.31	-15.34
1456.00	1168.00	0.33	-15.33
1488.00	1168.00	0.37	-15.28
1520.00	1168.00	0.28	-15.15
1552.00	1168.00	0.17	-15.00
1584.00	1168.00	0.13	-14.99
1616.00	1168.00	0.21	-15.07
1648.00	1168.00	0.25	-15.18
1680.00	1168.00	0.19	-15.21
1712.00	1168.00	0.14	-15.25
1744.00	1168.00	0.19	-15.26
1776.00	1168.00	0.22	-15.21
1808.00	1168.00	0.18	-15.14
1840.00	1168.00	0.05	-15.09
1872.00	1168.00	-0.03	-15.07
1904.00	1168.00	-0.05	-15.04
1936.00	1168.00	-0.01	-14.97
1968.00	1168.00	0.03	-14.97
2000.00	1168.00	-0.03	-15.01
2032.00	1168.00	-0.16	-15.08
2064.00	1168.00	-0.13	-15.10
2096.00	1168.00	-0.15	-15.11
2128.00	1168.00	-0.14	-15.11
2160.00	1168.00	-0.16	-15.12
2192.00	1168.00	-0.09	-15.04
2224.00	1168.00	-0.10	-14.94
2256.00	1168.00	-0.16	-14.86
2288.00	1168.00	-0.13	-14.83
2320.00	1168.00	0.03	-14.76
2352.00	1168.00	0.13	-14.58
2384.00	1168.00	0.02	-14.34
2416.00	1168.00	-0.01	-14.16
2448.00	1168.00	0.04	-14.01
2480.00	1168.00	0.15	-13.92
2512.00	1168.00	0.12	-13.80
2544.00	1168.00	-0.03	-13.83
2576.00	1168.00	-0.14	-13.94
2608.00	1168.00	-0.17	-14.01
2640.00	1168.00	-0.12	-13.96
2672.00	1168.00	-0.02	-13.89
2704.00	1168.00	0.01	-13.95
2736.00	1168.00	-0.00	-13.99
2768.00	1168.00	0.00	-13.95
2800.00	1168.00	-0.03	-13.95
2832.00	1168.00	-0.10	-13.93
2864.00	1168.00	-0.24	-13.93
2896.00	1168.00	-0.21	-13.86
2928.00	1168.00	-0.09	-13.82
2960.00	1168.00	-0.06	-13.81
2992.00	1168.00	-0.23	-13.83
3024.00	1168.00	-0.49	-13.80
3056.00	1168.00	-0.60	-13.68
3088.00	1168.00	-0.62	-13.45
3120.00	1168.00	-0.64	-13.25
3152.00	1168.00	-0.69	-13.15
3184.00	1168.00	-0.73	-13.19
3216.00	1168.00	-0.77	-13.33
3248.00	1168.00	-0.90	-13.45
3280.00	1168.00	-1.09	-13.39
3312.00	1168.00	-1.27	-13.14
3344.00	1168.00	-1.32	-12.87
3376.00	1168.00	-1.22	-12.61
3408.00	1168.00	-1.24	-12.25
3440.00	1168.00	-1.37	-11.80
3472.00	1168.00	-1.44	-11.49
3504.00	1168.00	-1.27	-11.51
3536.00	1168.00	-1.03	-11.60
3568.00	1168.00	-0.82	-11.64
3600.00	1168.00	-0.64	-11.64
3632.00	1168.00	-0.54	-11.65
3664.00	1168.00	-0.53	-11.67
3696.00	1168.00	-0.56	-11.78
3728.00	1168.00	-0.54	-11.87
3760.00	1168.00	-0.48	-11.85
3792.00	1168.00	-0.45	-11.63
3824.00	1168.00	-0.50	-11.37
3856.00	1168.00	-0.55	-11.21
3888.00	1168.00	-0.55	-11.27
3920.00	1168.00	-0.39	-11.41
3952.00	1168.00	-0.21	-11.51
3984.00	1168.00	-0.07	-11.40
4016.00	1168.00	0.08	-11.36
4048.00	1168.00	0.08	-11.37
4080.00	1168.00	-0.02	-11.34
4112.00	1168.00	-0.22	-11.18
4144.00	1168.00	-0.37	-11.00
4176.00	1168.00	-0.38	-11.00
4208.00	1168.00	-0.27	-11.09
4240.00	1168.00	-0.09	-11.21
4272.00	1168.00	0.04	-11.23
4304.00	1168.00	0.08	-11.21
4336.00	1168.00	0.11	-11.23
4368.00	1168.00	0.12	-11.26
4400.00	1168.00	0.06	-11.17
4432.00	1168.00	-0.04	-10.94
4464.00	1168.00	-0.15	-10.72
4496.00	1168.00	-0.12	-10.69
4528.00	1168.00	-0.05	-10.72
4560.00	1168.00	0.00	-10.71
4592.00	1168.00	-0.01	-10.66
4624.00	1168.00	-0.05	-10.65
4656.00	1168.00	-0.01	-10.68
4688.00	1168.00	0.09	-10.72
4720.00	1168.00	0.16	-10.84
4752.00	1168.00	0.18	-10.99
4784.00	1168.00	0.15	-11.06
4816.00	1168.00	0.10	-11.02
4848.00	1168.00	0.08	-11.03
4880.00	1168.00	0.11	-11.21
4912.00	1168.00	0.24	-11.37
4944.00	1168.00	0.30	-11.37
4976.00	1168.00	0.28	-11.30
5008.00	1168.00	0.26	-11.31
5040.00	1168.00	0.30	-11.32
5072.00	1168.00	0.37	-11.26
5104.00	1168.00	0.30	-11.19
5136.00	1168.00	0.22	-11.09
5168.00	1168.00	0.12	-11.08
5200.00	1168.00	0.05	-11.03
5232.00	1168.00	-0.06	-10.98
5264.00	1168.00	-0.21	-10.91
5296.00	1168.00	-0.29	-10.97
5328.00	1168.00	-0.11	-10.98
5360.00	1168.00	0.06	-10.77
5392.00	1168.00	0.17	-10.38
5424.00	1168.00	0.05	-10.14
5456.00	1168.00	-0.03	-10.02
5488.00	1168.00	-0.07	-9.83
5520.00	1168.00	-0.11	-9.73
5552.00	1168.00	-0.10	-9.79
5584.00	1168.00	-0.03	-9.85
5616.00	1168.00	0.05	-9.68
5648.00	1168.00	-0.03	-9.30
5680.00	1168.00	-0.13	-9.04
5712.00	1168.00	-0.17	-8.96
5744.00	1168.00	-0.18	-8.91
5776.00	1168.00	-0.17	-8.85
5808.00	1168.00	-0.24	-8.65
5840.00	1168.00	-0.22	-8.23
5872.00	1168.00	-0.15	-7.70
5904.00	1168.00	-0.07	-7.24
5936.00	1168.00	0.08	-7.54
5968.00	1168.00	0.12	-7.94
6000.00	1168.00	0.17	-7.82
6032.00	1168.00	0.17	-6.77
6064.00	1168.00	0.15	-5.26
6096.00	1168.00	0.21	-3.23
6128.00	1168.00	0.29	-1.30
6160.00	1168.00	0.40	-0.61
6192.00	1168.00	0.39	-1.99
6224.00	1168.00	0.28	-4.44
6256.00	1168.00	0.29	-6.32
6288.00	1168.00	0.45	-7.36
6320.00	1168.00	0.57	-7.63
6352.00	1168.00	0.72	-7.68
6384.00	1168.00	0.83	-7.72
6416.00	1168.00	0.91	-8.25
6448.00	1168.00	0.81	-8.58
6480.00	1168.00	0.69	-8.98
6512.00	1168.00	0.94	-9.09
6544.00	1168.00	1.17	-9.35
6576.00	1168.00	1.36	-9.37
16.00	1200.00	-0.10	-15.29
48.00	1200.00	0.08	-15.24
80.00	1200.00	0.28	-15.19
112.00	1200.00	0.34	-15.16
144.00	1200.00	0.24	-15.18
176.00	1200.00	0.20	-15.25
208.00	1200.00	0.19	-15.31
240.00	1200.00	0.17	-15.37
272.00	1200.00	0.14	-15.44
304.00	1200.00	0.18	-15.49
336.00	1200.00	0.18	-15.49
368.00	1200.00	0.18	-15.43
400.00	1200.00	0.25	-15.42
432.00	1200.00	0.37	-15.45
464.00	1200.00	0.43	-15.40
496.00	1200.00	0.38	-15.32
528.00	1200.00	0.39	-15.24
560.00	1200.00	0.47	-15.22
592.00	1200.00	0.51	-15.22
624.00	1200.00	0.42	-15.21
656.00	1200.00	0.28	-15.23
688.00	1200.00	0.25	-15.21
720.00	1200.00	0.29	-15.20
752.00	1200.00	0.21	-15.18
784.00	1200.00	0.07	-15.20
816.00	1200.00	0.09	-15.22
848.00	1200.00	0.19	-15.27
880.00	1200.00	0.27	-15.30
912.00	1200.00	0.22	-15.29
944.00	1200.00	0.19	-15.21
976.00	1200.00	0.14	-15.13
1008.00	1200.00	0.15	-15.09
1040.00	1200.00	0.20	-15.09
1072.00	1200.00	0.24	-15.14
1104.00	1200.00	0.18	-15.22
1136.00	1200.00	0.12	-15.28
1168.00	1200.00	0.14	-15.33
1200.00	1200.00	0.16	-15.31
1232.00	1200.00	0.17	-15.26
1264.00	1200.00	0.19	-15.23
1296.00	1200.00	0.24	-15.21
1328.00	1200.00	0.28	-15.22
1360.00	1200.00	0.29	-15.22
1392.00	1200.00	0.29	-15.28
1424.00	1200.00	0.35	-15.34
1456.00	1200.00	0.39	-15.35
1488.00	1200.00	0.42	-15.29
1520.00	1200.00	0.33	-15.14
1552.00	1200.00	0.21	-15.00
1584.00	1200.00	0.11	-15.01
1616.00	1200.00	0.11	-15.12
1648.00	1200.00	0.14	-15.22
1680.00	1200.00	0.14	-15.20
1712.00	1200.00	0.17	-15.22
1744.00	1200.00	0.25	-15.27
1776.00	1200.00	0.24	-15.21
1808.00	1200.00	0.15	-15.12
1840.00	1200.00	0.03	-15.10
1872.00	1200.00	-0.02	-15.14
1904.00	1200.00	-0.04	-15.13
1936.00	1200.00	-0.08	-15.02
1968.00	1200.00	-0.11	-14.97
2000.00	1200.00	-0.17	-15.02
2032.00	1200.00	-0.16	-15.04
2064.00	1200.00	-0.08	-15.03
2096.00	1200.00	-0.08	-15.02
2128.00	1200.00	-0.14	-15.03
2160.00	1200.00	-0.17	-14.97
2192.00	1200.00	-0.11	-14.82
2224.00	1200.00	-0.09	-14.74
2256.00	1200.00	-0.11	-14.77
2288.00	1200.00	-0.10	-14.84
2320.00	1200.00	-0.05	-14.78
2352.00	1200.00	-0.03	-14.63
2384.00	1200.00	-0.10	-14.41
2416.00	1200.00	-0.15	-14.23
2448.00	1200.00	-0.12	-14.05
2480.00	1200.00	-0.01	-13.91
2512.00	1200.00	0.03	-13.75
2544.00	1200.00	-0.02	-13.69
2576.00	1200.00	-0.12	-13.70
2608.00	1200.00	-0.15	-13.73
2640.00	1200.00	-0.12	-13.72
2672.00	1200.00	-0.01	-13.73
2704.00	1200.00	0.06	-13.81
2736.00	1200.00	0.02	-13.86
2768.00	1200.00	-0.08	-13.87
2800.00	1200.00	-0.14	-13.91
2832.00	1200.00	-0.15	-13.95
2864.00	1200.00	-0.21	-13.95
2896.00	1200.00	-0.21	-13.85
2928.00	1200.00	-0.12	-13.78
2960.00	1200.00	-0.03	-13.79
2992.00	1200.00	-0.14	-13.82
3024.00	1200.00	-0.38	-13.78
3056.00	1200.00	-0.53	-13.60
3088.00	1200.00	-0.56	-13.37
3120.00	1200.00	-0.59	-13.21
3152.00	1200.00	-0.69	-13.14
3184.00	1200.00	-0.78	-13.18
3216.00	1200.00	-0.80	-13.32
3248.00	1200.00	-0.90	-13.42
3280.00	1200.00	-1.11	-13.32
3312.00	1200.00	-1.33	-13.05
3344.00	1200.00	-1.30	-12.91
3376.00	1200.00	-1.15	-12.90
3408.00	1200.00	-1.13	-12.56
3440.00	1200.00	-1.36	-11.98
3472.00	1200.00	-1.40	-11.48
3504.00	1200.00	-1.15	-11.51
3536.00	1200.00	-0.87	-11.55
3568.00	1200.00	-0.71	-11.48
3600.00	1200.00	-0.62	-11.42
3632.00	1200.00	-0.50	-11.50
3664.00	1200.00	-0.47	-11.65
3696.00	1200.00	-0.50	-11.85
3728.00	1200.00	-0.54	-11.89
3760.00	1200.00	-0.49	-11.76
3792.00	1200.00	-0.45	-11.46
3824.00	1200.00	-0.47	-11.33
3856.00	1200.00	-0.56	-11.31
3888.00	1200.00	-0.54	-11.39
3920.00	1200.00	-0.32	-11.52
3952.00	1200.00	-0.08	-11.63
3984.00	1200.00	0.03	-11.55
4016.00	1200.00	0.05	-11.38
4048.00	1200.00	-0.02	-11.27
4080.00	1200.00	-0.14	-11.23
4112.00	1200.00	-0.26	-11.21
4144.00	1200.00	-0.37	-11.12
4176.00	1200.00	-0.37	-11.04
4208.00	1200.00	-0.37	-10.98
4240.00	1200.00	-0.23	-11.04
4272.00	1200.00	-0.11	-11.07
4304.00	1200.00	-0.04	-11.02
4336.00	1200.00	-0.01	-11.04
4368.00	1200.00	0.06	-11.09
4400.00	1200.00	0.06	-11.00
4432.00	1200.00	0.02	-10.73
4464.00	1200.00	-0.00	-10.55
4496.00	1200.00	0.13	-10.65
4528.00	1200.00	0.20	-10.74
4560.00	1200.00	0.15	-10.72
4592.00	1200.00	0.07	-10.65
4624.00	1200.00	0.03	-10.64
4656.00	1200.00	0.08	-10.66
4688.00	1200.00	0.15	-10.67
4720.00	1200.00	0.18	-10.79
4752.00	1200.00	0.17	-10.97
4784.00	1200.00	0.13	-11.08
4816.00	1200.00	0.12	-11.08
4848.00	1200.00	0.08	-11.09
4880.00	1200.00	0.05	-11.24
4912.00	1200.00	0.09	-11.38
4944.00	1200.00	0.17	-11.40
4976.00	1200.00	0.22	-11.37
5008.00	1200.00	0.26	-11.40
5040.00	1200.00	0.31	-11.41
5072.00	1200.00	0.31	-11.34
5104.00	1200.00	0.17	-11.27
5136.00	1200.00	0.06	-11.11
5168.00	1200.00	0.04	-10.97
5200.00	1200.00	0.06	-10.87
5232.00	1200.00	0.03	-10.86
5264.00	1200.00	-0.05	-10.84
5296.00	1200.00	-0.05	-10.83
5328.00	1200.00	0.01	-10.80
5360.00	1200.00	0.01	-10.61
5392.00	1200.00	-0.06	-10.21
5424.00	1200.00	-0.09	-9.94
5456.00	1200.00	0.02	-9.80
5488.00	1200.00	0.12	-9.58
5520.00	1200.00	0.03	-9.53
5552.00	1200.00	-0.09	-9.58
5584.00	1200.00	-0.14	-9.67
5616.00	1200.00	-0.09	-9.49
5648.00	1200.00	-0.18	-9.12
5680.00	1200.00	-0.17	-8.92
5712.00	1200.00	-0.08	-8.91
5744.00	1200.00	-0.13	-9.09
5776.00	1200.00	-0.28	-9.24
5808.00	1200.00	-0.50	-9.14
5840.00	1200.00	-0.47	-8.79
5872.00	1200.00	-0.34	-8.31
5904.00	1200.00	-0.19	-7.87
5936.00	1200.00	0.00	-7.98
5968.00	1200.00	0.07	-8.09
6000.00	1200.00	0.15	-7.76
6032.00	1200.00	0.24	-6.83
6064.00	1200.00	0.28	-5.55
6096.00	1200.00	0.32	-3.60
6128.00	1200.00	0.32	-1.51
6160.00	1200.00	0.37	-0.87
6192.00	1200.00	0.34	-2.79
6224.00	1200.00	0.26	-5.67
6256.00	1200.00	0.37	-7.45
6288.00	1200.00	0.65	-8.02
6320.00	1200.00	0.82	-7.86
6352.00	1200.00	0.79	-7.82
6384.00	1200.00	0.81	-7.65
6416.00	1200.00	0.82	-8.05
6448.00	1200.00	0.82	-8.34
6480.00	1200.00	0.75	-8.92
6512.00	1200.00	0.99	-9.17
6544.00	1200.00	1.14	-9.43
6576.00	1200.00	1.23	-9.48
16.00	1232.00	0.02	-15.31
48.00	1232.00	0.13	-15.31
80.00	1232.00	0.24	-15.28
112.00	1232.00	0.31	-15.25
144.00	1232.00	0.26	-15.21
176.00	1232.00	0.24	-15.25
208.00	1232.00	0.18	-15.30
240.00	1232.00	0.16	-15.38
272.00	1232.00	0.19	-15.48
304.00	1232.00	0.26	-15.53
336.00	1232.00	0.26	-15.49
368.00	1232.00	0.18	-15.33
400.00	1232.00	0.21	-15.25
432.00	1232.00	0.33	-15.28
464.00	1232.00	0.43	-15.31
496.00	1232.00	0.40	-15.28
528.00	1232.00	0.35	-15.20
560.00	1232.00	0.41	-15.18
592.00	1232.00	0.49	-15.18
624.00	1232.00	0.49	-15.20
656.00	1232.00	0.36	-15.22
688.00	1232.00	0.27	-15.24
720.00	1232.00	0.19	-15.23
752.00	1232.00	0.09	-15.20
784.00	1232.00	-0.01	-15.20
816.00	1232.00	0.02	-15.23
848.00	1232.00	0.11	-15.30
880.00	1232.00	0.20	-15.35
912.00	1232.00	0.24	-15.35
944.00	1232.00	0.23	-15.28
976.00	1232.00	0.15	-15.21
1008.00	1232.00	0.13	-15.14
1040.00	1232.00	0.20	-15.15
1072.00	1232.00	0.27	-15.22
1104.00	1232.00	0.21	-15.33
1136.00	1232.00	0.12	-15.36
1168.00	1232.00	0.14	-15.36
1200.00	1232.00	0.16	-15.33
1232.00	1232.00	0.17	-15.28
1264.00	1232.00	0.15	-15.25
1296.00	1232.00	0.20	-15.22
1328.00	1232.00	0.28	-15.21
1360.00	1232.00	0.31	-15.19
1392.00	1232.00	0.33	-15.21
1424.00	1232.00	0.38	-15.25
1456.00	1232.00	0.40	-15.29
1488.00	1232.00	0.44	-15.31
1520.00	1232.00	0.39	-15.26
1552.00	1232.00	0.31	-15.15
1584.00	1232.00	0.17	-15.13
1616.00	1232.00	0.11	-15.19
1648.00	1232.00	0.10	-15.25
1680.00	1232.00	0.10	-15.19
1712.00	1232.00	0.11	-15.20
1744.00	1232.00	0.16	-15.26
1776.00	1232.00	0.15	-15.23
1808.00	1232.00	0.07	-15.14
1840.00	1232.00	-0.04	-15.12
1872.00	1232.00	-0.06	-15.15
1904.00	1232.00	-0.04	-15.11
1936.00	1232.00	-0.02	-15.00
1968.00	1232.00	-0.08	-14.96
2000.00	1232.00	-0.12	-15.00
2032.00	1232.00	-0.12	-15.01
2064.00	1232.00	-0.03	-14.97
2096.00	1232.00	-0.04	-14.93
2128.00	1232.00	-0.17	-14.94
2160.00	1232.00	-0.21	-14.85
2192.00	1232.00	-0.18	-14.69
2224.00	1232.00	-0.08	-14.62
2256.00	1232.00	-0.05	-14.69
2288.00	1232.00	-0.07	-14.79
2320.00	1232.00	-0.14	-14.77
2352.00	1232.00	-0.17	-14.69
2384.00	1232.00	-0.17	-14.54
2416.00	1232.00	-0.21	-14.36
2448.00	1232.00	-0.22	-14.15
2480.00	1232.00	-0.17	-13.99
2512.00	1232.00	-0.08	-13.89
2544.00	1232.00	-0.05	-13.82
2576.00	1232.00	-0.10	-13.72
2608.00	1232.00	-0.12	-13.58
2640.00	1232.00	-0.11	-13.52
2672.00	1232.00	-0.05	-13.56
2704.00	1232.00	0.01	-13.70
2736.00	1232.00	-0.05	-13.79
2768.00	1232.00	-0.16	-13.84
2800.00	1232.00	-0.29	-13.90
2832.00	1232.00	-0.36	-13.90
2864.00	1232.00	-0.40	-13.87
2896.00	1232.00	-0.40	-13.80
2928.00	1232.00	-0.34	-13.76
2960.00	1232.00	-0.21	-13.82
2992.00	1232.00	-0.18	-13.82
3024.00	1232.00	-0.30	-13.73
3056.00	1232.00	-0.45	-13.52
3088.00	1232.00	-0.54	-13.31
3120.00	1232.00	-0.60	-13.23
3152.00	1232.00	-0.75	-13.17
3184.00	1232.00	-0.84	-13.18
3216.00	1232.00	-0.82	-13.22
3248.00	1232.00	-0.87	-13.26
3280.00	1232.00	-1.05	-13.11
3312.00	1232.00	-1.33	-12.85
3344.00	1232.00	-1.30	-12.77
3376.00	1232.00	-1.16	-12.86
3408.00	1232.00	-1.14	-12.60
3440.00	1232.00	-1.36	-12.08
3472.00	1232.00	-1.40	-11.60
3504.00	1232.00	-1.17	-11.58
3536.00	1232.00	-0.89	-11.56
3568.00	1232.00	-0.74	-11.51
3600.00	1232.00	-0.64	-11.48
3632.00	1232.00	-0.54	-11.62
3664.00	1232.00	-0.51	-11.83
3696.00	1232.00	-0.54	-12.02
3728.00	1232.00	-0.57	-11.91
3760.00	1232.00	-0.50	-11.61
3792.00	1232.00	-0.48	-11.30
3824.00	1232.00	-0.44	-11.32
3856.00	1232.00	-0.45	-11.41
3888.00	1232.00	-0.36	-11.44
3920.00	1232.00	-0.19	-11.44
3952.00	1232.00	-0.02	-11.45
3984.00	1232.00	0.04	-11.41
4016.00	1232.00	-0.01	-11.26
4048.00	1232.00	-0.09	-11.16
4080.00	1232.00	-0.22	-11.14
4112.00	1232.00	-0.31	-11.17
4144.00	1232.00	-0.36	-11.14
4176.00	1232.00	-0.29	-11.08
4208.00	1232.00	-0.25	-11.01
4240.00	1232.00	-0.14	-11.03
4272.00	1232.00	-0.11	-10.97
4304.00	1232.00	-0.09	-10.87
4336.00	1232.00	-0.12	-10.81
4368.00	1232.00	-0.08	-10.82
4400.00	1232.00	-0.01	-10.72
4432.00	1232.00	0.05	-10.45
4464.00	1232.00	0.16	-10.39
4496.00	1232.00	0.32	-10.64
4528.00	1232.00	0.37	-10.84
4560.00	1232.00	0.26	-10.82
4592.00	1232.00	0.12	-10.69
4624.00	1232.00	0.04	-10.65
4656.00	1232.00	0.07	-10.66
4688.00	1232.00	0.12	-10.67
4720.00	1232.00	0.12	-10.78
4752.00	1232.00	0.07	-10.94
4784.00	1232.00	0.03	-11.04
4816.00	1232.00	0.06	-11.07
4848.00	1232.00	0.10	-11.11
4880.00	1232.00	0.11	-11.23
4912.00	1232.00	0.15	-11.32
4944.00	1232.00	0.19	-11.36
4976.00	1232.00	0.19	-11.38
5008.00	1232.00	0.19	-11.44
5040.00	1232.00	0.22	-11.46
5072.00	1232.00	0.26	-11.38
5104.00	1232.00	0.18	-11.31
5136.00	1232.00	0.09	-11.12
5168.00	1232.00	0.06	-10.96
5200.00	1232.00	0.10	-10.83
5232.00	1232.00	0.11	-10.87
5264.00	1232.00	0.12	-10.88
5296.00	1232.00	0.17	-10.82
5328.00	1232.00	0.17	-10.66
5360.00	1232.00	0.03	-10.46
5392.00	1232.00	-0.12	-10.15
5424.00	1232.00	-0.11	-9.95
5456.00	1232.00	0.11	-9.79
5488.00	1232.00	0.22	-9.57
5520.00	1232.00	0.08	-9.46
5552.00	1232.00	-0.13	-9.46
5584.00	1232.00	-0.25	-9.54
5616.00	1232.00	-0.17	-9.38
5648.00	1232.00	-0.22	-9.10
5680.00	1232.00	-0.19	-8.90
5712.00	1232.00	-0.16	-8.86
5744.00	1232.00	-0.27	-9.05
5776.00	1232.00	-0.46	-9.35
5808.00	1232.00	-0.63	-9.50
5840.00	1232.00	-0.56	-9.41
5872.00	1232.00	-0.35	-9.02
5904.00	1232.00	-0.16	-8.56
5936.00	1232.00	0.02	-8.29
5968.00	1232.00	0.08	-7.85
6000.00	1232.00	0.15	-7.06
6032.00	1232.00	0.29	-6.22
6064.00	1232.00	0.37	-5.13
6096.00	1232.00	0.37	-3.44
6128.00	1232.00	0.31	-1.50
6160.00	1232.00	0.27	-1.23
6192.00	1232.00	0.22	-3.80
6224.00	1232.00	0.16	-6.89
6256.00	1232.00	0.34	-8.49
6288.00	1232.00	0.70	-8.26
6320.00	1232.00	0.94	-7.80
6352.00	1232.00	0.84	-7.86
6384.00	1232.00	0.80	-7.85
6416.00	1232.00	0.83	-7.89
6448.00	1232.00	0.86	-8.06
6480.00	1232.00	0.87	-8.63
6512.00	1232.00	0.94	-9.05
6544.00	1232.00	0.98	-9.11
6576.00	1232.00	0.91	-9.02
16.00	1264.00	0.16	-15.36
48.00	1264.00	0.19	-15.37
80.00	1264.00	0.22	-15.32
112.00	1264.00	0.30	-15.29
144.00	1264.00	0.32	-15.27
176.00	1264.00	0.29	-15.29
208.00	1264.00	0.21	-15.31
240.00	1264.00	0.20	-15.37
272.00	1264.00	0.28	-15.52
304.00	1264.00	0.40	-15.59
336.00	1264.00	0.38	-15.54
368.00	1264.00	0.26	-15.34
400.00	1264.00	0.21	-15.20
432.00	1264.00	0.31	-15.19
464.00	1264.00	0.41	-15.24
496.00	1264.00	0.35	-15.26
528.00	1264.00	0.22	-15.23
560.00	1264.00	0.23	-15.21
592.00	1264.00	0.33	-15.22
624.00	1264.00	0.44	-15.25
656.00	1264.00	0.40	-15.27
688.00	1264.00	0.29	-15.27
720.00	1264.00	0.15	-15.26
752.00	1264.00	0.08	-15.22
784.00	1264.00	0.11	-15.19
816.00	1264.00	0.17	-15.22
848.00	1264.00	0.23	-15.28
880.00	1264.00	0.26	-15.34
912.00	1264.00	0.32	-15.32
944.00	1264.00	0.33	-15.27
976.00	1264.00	0.18	-15.19
1008.00	1264.00	0.10	-15.11
1040.00	1264.00	0.14	-15.11
1072.00	1264.00	0.25	-15.21
1104.00	1264.00	0.24	-15.34
1136.00	1264.00	0.20	-15.38
1168.00	1264.00	0.20	-15.35
1200.00	1264.00	0.19	-15.32
1232.00	1264.00	0.15	-15.25
1264.00	1264.00	0.12	-15.21
1296.00	1264.00	0.21	-15.22
1328.00	1264.00	0.33	-15.24
1360.00	1264.00	0.36	-15.24
1392.00	1264.00	0.35	-15.22
1424.00	1264.00	0.34	-15.23
1456.00	1264.00	0.37	-15.28
1488.00	1264.00	0.43	-15.35
1520.00	1264.00	0.43	-15.37
1552.00	1264.00	0.37	-15.31
1584.00	1264.00	0.25	-15.25
1616.00	1264.00	0.16	-15.23
1648.00	1264.00	0.13	-15.21
1680.00	1264.00	0.06	-15.13
1712.00	1264.00	-0.01	-15.11
1744.00	1264.00	-0.02	-15.14
1776.00	1264.00	0.01	-15.14
1808.00	1264.00	0.05	-15.15
1840.00	1264.00	0.01	-15.13
1872.00	1264.00	-0.02	-15.10
1904.00	1264.00	-0.01	-14.99
1936.00	1264.00	0.06	-14.93
1968.00	1264.00	0.04	-14.91
2000.00	1264.00	0.05	-14.96
2032.00	1264.00	0.07	-14.99
2064.00	1264.00	0.10	-15.00
2096.00	1264.00	0.02	-14.97
2128.00	1264.00	-0.16	-14.93
2160.00	1264.00	-0.24	-14.81
2192.00	1264.00	-0.20	-14.70
2224.00	1264.00	-0.06	-14.65
2256.00	1264.00	0.09	-14.69
2288.00	1264.00	0.02	-14.74
2320.00	1264.00	-0.21	-14.73
2352.00	1264.00	-0.34	-14.70
2384.00	1264.00	-0.25	-14.60
2416.00	1264.00	-0.16	-14.45
2448.00	1264.00	-0.17	-14.27
2480.00	1264.00	-0.19	-14.16
2512.00	1264.00	-0.14	-14.16
2544.00	1264.00	-0.09	-14.14
2576.00	1264.00	-0.06	-13.98
2608.00	1264.00	0.00	-13.67
2640.00	1264.00	-0.00	-13.52
2672.00	1264.00	-0.05	-13.51
2704.00	1264.00	-0.06	-13.68
2736.00	1264.00	-0.08	-13.78
2768.00	1264.00	-0.13	-13.89
2800.00	1264.00	-0.26	-13.94
2832.00	1264.00	-0.40	-13.91
2864.00	1264.00	-0.51	-13.84
2896.00	1264.00	-0.56	-13.80
2928.00	1264.00	-0.55	-13.79
2960.00	1264.00	-0.41	-13.80
2992.00	1264.00	-0.35	-13.73
3024.00	1264.00	-0.38	-13.59
3056.00	1264.00	-0.48	-13.41
3088.00	1264.00	-0.53	-13.31
3120.00	1264.00	-0.61	-13.31
3152.00	1264.00	-0.82	-13.22
3184.00	1264.00	-0.97	-13.07
3216.00	1264.00	-0.93	-13.00
3248.00	1264.00	-0.92	-13.03
3280.00	1264.00	-1.02	-12.93
3312.00	1264.00	-1.30	-12.71
3344.00	1264.00	-1.32	-12.61
3376.00	1264.00	-1.26	-12.70
3408.00	1264.00	-1.21	-12.50
3440.00	1264.00	-1.36	-12.12
3472.00	1264.00	-1.41	-11.74
3504.00	1264.00	-1.26	-11.68
3536.00	1264.00	-0.99	-11.66
3568.00	1264.00	-0.77	-11.69
3600.00	1264.00	-0.61	-11.73
3632.00	1264.00	-0.48	-11.90
3664.00	1264.00	-0.42	-12.14
3696.00	1264.00	-0.43	-12.23
3728.00	1264.00	-0.49	-11.93
3760.00	1264.00	-0.52	-11.47
3792.00	1264.00	-0.53	-11.21
3824.00	1264.00	-0.45	-11.30
3856.00	1264.00	-0.32	-11.45
3888.00	1264.00	-0.16	-11.44
3920.00	1264.00	-0.06	-11.32
3952.00	1264.00	-0.04	-11.20
3984.00	1264.00	-0.05	-11.21
4016.00	1264.00	-0.06	-11.19
4048.00	1264.00	-0.09	-11.19
4080.00	1264.00	-0.19	-11.14
4112.00	1264.00	-0.30	-11.10
4144.00	1264.00	-0.33	-11.06
4176.00	1264.00	-0.21	-10.99
4208.00	1264.00	-0.09	-10.93
4240.00	1264.00	-0.02	-10.85
4272.00	1264.00	-0.04	-10.76
4304.00	1264.00	-0.06	-10.70
4336.00	1264.00	-0.12	-10.66
4368.00	1264.00	-0.09	-10.62
4400.00	1264.00	0.01	-10.49
4432.00	1264.00	0.09	-10.26
4464.00	1264.00	0.21	-10.24
4496.00	1264.00	0.28	-10.52
4528.00	1264.00	0.31	-10.81
4560.00	1264.00	0.25	-10.89
4592.00	1264.00	0.11	-10.75
4624.00	1264.00	0.01	-10.65
4656.00	1264.00	-0.02	-10.66
4688.00	1264.00	0.02	-10.76
4720.00	1264.00	0.02	-10.91
4752.00	1264.00	-0.05	-10.99
4784.00	1264.00	-0.05	-10.96
4816.00	1264.00	0.03	-10.97
4848.00	1264.00	0.13	-11.04
4880.00	1264.00	0.15	-11.16
4912.00	1264.00	0.17	-11.22
4944.00	1264.00	0.17	-11.24
4976.00	1264.00	0.15	-11.29
5008.00	1264.00	0.11	-11.35
5040.00	1264.00	0.18	-11.35
5072.00	1264.00	0.30	-11.28
5104.00	1264.00	0.36	-11.24
5136.00	1264.00	0.27	-11.13
5168.00	1264.00	0.20	-10.99
5200.00	1264.00	0.17	-10.94
5232.00	1264.00	0.17	-10.96
5264.00	1264.00	0.22	-10.99
5296.00	1264.00	0.33	-10.84
5328.00	1264.00	0.33	-10.65
5360.00	1264.00	0.16	-10.47
5392.00	1264.00	-0.05	-10.24
5424.00	1264.00	-0.01	-10.08
5456.00	1264.00	0.16	-9.90
5488.00	1264.00	0.21	-9.67
5520.00	1264.00	0.07	-9.50
5552.00	1264.00	-0.15	-9.40
5584.00	1264.00	-0.28	-9.41
5616.00	1264.00	-0.13	-9.43
5648.00	1264.00	-0.11	-9.36
5680.00	1264.00	-0.14	-9.21
5712.00	1264.00	-0.28	-8.94
5744.00	1264.00	-0.41	-8.96
5776.00	1264.00	-0.48	-9.30
5808.00	1264.00	-0.50	-9.65
5840.00	1264.00	-0.40	-9.75
5872.00	1264.00	-0.25	-9.50
5904.00	1264.00	-0.13	-9.10
5936.00	1264.00	0.03	-8.66
5968.00	1264.00	0.14	-7.73
6000.00	1264.00	0.23	-6.51
6032.00	1264.00	0.32	-5.43
6064.00	1264.00	0.36	-4.40
6096.00	1264.00	0.31	-2.89
6128.00	1264.00	0.23	-1.20
6160.00	1264.00	0.20	-1.23
6192.00	1264.00	0.18	-4.45
6224.00	1264.00	0.20	-7.69
6256.00	1264.00	0.38	-9.15
6288.00	1264.00	0.69	-8.27
6320.00	1264.00	0.81	-7.85
6352.00	1264.00	0.65	-8.10
6384.00	1264.00	0.55	-8.21
6416.00	1264.00	0.70	-8.31
6448.00	1264.00	0.75	-8.50
6480.00	1264.00	0.77	-8.96
6512.00	1264.00	0.76	-8.88
6544.00	1264.00	0.74	-8.72
6576.00	1264.00	0.67	-8.55
16.00	1296.00	0.19	-15.35
48.00	1296.00	0.15	-15.38
80.00	1296.00	0.15	-15.37
112.00	1296.00	0.23	-15.36
144.00	1296.00	0.29	-15.34
176.00	1296.00	0.27	-15.35
208.00	1296.00	0.20	-15.36
240.00	1296.00	0.20	-15.41
272.00	1296.00	0.28	-15.52
304.00	1296.00	0.40	-15.61
336.00	1296.00	0.41	-15.57
368.00	1296.00	0.29	-15.42
400.00	1296.00	0.24	-15.27
432.00	1296.00	0.29	-15.21
464.00	1296.00	0.33	-15.25
496.00	1296.00	0.23	-15.29
528.00	1296.00	0.09	-15.29
560.00	1296.00	0.07	-15.26
592.00	1296.00	0.19	-15.26
624.00	1296.00	0.35	-15.29
656.00	1296.00	0.40	-15.31
688.00	1296.00	0.34	-15.32
720.00	1296.00	0.21	-15.30
752.00	1296.00	0.15	-15.25
784.00	1296.00	0.21	-15.20
816.00	1296.00	0.29	-15.23
848.00	1296.00	0.34	-15.30
880.00	1296.00	0.34	-15.36
912.00	1296.00	0.33	-15.31
944.00	1296.00	0.29	-15.25
976.00	1296.00	0.14	-15.14
1008.00	1296.00	0.06	-15.06
1040.00	1296.00	0.10	-15.01
1072.00	1296.00	0.23	-15.09
1104.00	1296.00	0.26	-15.22
1136.00	1296.00	0.25	-15.30
1168.00	1296.00	0.22	-15.30
1200.00	1296.00	0.18	-15.28
1232.00	1296.00	0.14	-15.25
1264.00	1296.00	0.15	-15.23
1296.00	1296.00	0.25	-15.22
1328.00	1296.00	0.32	-15.24
1360.00	1296.00	0.33	-15.28
1392.00	1296.00	0.29	-15.28
1424.00	1296.00	0.25	-15.26
1456.00	1296.00	0.26	-15.27
1488.00	1296.00	0.32	-15.35
1520.00	1296.00	0.35	-15.41
1552.00	1296.00	0.32	-15.38
1584.00	1296.00	0.23	-15.27
1616.00	1296.00	0.19	-15.19
1648.00	1296.00	0.17	-15.14
1680.00	1296.00	0.07	-15.10
1712.00	1296.00	-0.07	-15.07
1744.00	1296.00	-0.13	-15.02
1776.00	1296.00	-0.06	-15.01
1808.00	1296.00	0.08	-15.00
1840.00	1296.00	0.10	-15.00
1872.00	1296.00	0.05	-14.97
1904.00	1296.00	-0.00	-14.89
1936.00	1296.00	0.04	-14.84
1968.00	1296.00	0.06	-14.82
2000.00	1296.00	0.14	-14.86
2032.00	1296.00	0.20	-14.96
2064.00	1296.00	0.18	-15.03
2096.00	1296.00	0.03	-15.06
2128.00	1296.00	-0.16	-14.99
2160.00	1296.00	-0.21	-14.87
2192.00	1296.00	-0.14	-14.77
2224.00	1296.00	-0.07	-14.74
2256.00	1296.00	-0.01	-14.75
2288.00	1296.00	-0.14	-14.74
2320.00	1296.00	-0.34	-14.68
2352.00	1296.00	-0.45	-14.64
2384.00	1296.00	-0.40	-14.59
2416.00	1296.00	-0.24	-14.51
2448.00	1296.00	-0.18	-14.37
2480.00	1296.00	-0.17	-14.30
2512.00	1296.00	-0.13	-14.35
2544.00	1296.00	-0.05	-14.40
2576.00	1296.00	0.06	-14.27
2608.00	1296.00	0.12	-13.98
2640.00	1296.00	0.06	-13.78
2672.00	1296.00	-0.04	-13.70
2704.00	1296.00	-0.04	-13.81
2736.00	1296.00	-0.02	-13.91
2768.00	1296.00	-0.03	-14.03
2800.00	1296.00	-0.15	-14.06
2832.00	1296.00	-0.31	-14.00
2864.00	1296.00	-0.45	-13.92
2896.00	1296.00	-0.54	-13.91
2928.00	1296.00	-0.49	-13.92
2960.00	1296.00	-0.35	-13.86
2992.00	1296.00	-0.34	-13.73
3024.00	1296.00	-0.47	-13.54
3056.00	1296.00	-0.64	-13.37
3088.00	1296.00	-0.68	-13.28
3120.00	1296.00	-0.74	-13.27
3152.00	1296.00	-0.91	-13.16
3184.00	1296.00	-1.08	-12.94
3216.00	1296.00	-1.09	-12.77
3248.00	1296.00	-1.06	-12.74
3280.00	1296.00	-1.05	-12.65
3312.00	1296.00	-1.22	-12.48
3344.00	1296.00	-1.28	-12.37
3376.00	1296.00	-1.27	-12.39
3408.00	1296.00	-1.22	-12.31
3440.00	1296.00	-1.32	-12.11
3472.00	1296.00	-1.41	-11.90
3504.00	1296.00	-1.33	-11.82
3536.00	1296.00	-1.06	-11.77
3568.00	1296.00	-0.78	-11.80
3600.00	1296.00	-0.61	-11.87
3632.00	1296.00	-0.48	-12.08
3664.00	1296.00	-0.39	-12.33
3696.00	1296.00	-0.36	-12.36
3728.00	1296.00	-0.40	-12.01
3760.00	1296.00	-0.46	-11.47
3792.00	1296.00	-0.45	-11.14
3824.00	1296.00	-0.39	-11.10
3856.00	1296.00	-0.26	-11.20
3888.00	1296.00	-0.14	-11.23
3920.00	1296.00	-0.06	-11.16
3952.00	1296.00	-0.09	-11.09
3984.00	1296.00	-0.10	-11.12
4016.00	1296.00	-0.06	-11.25
4048.00	1296.00	-0.03	-11.35
4080.00	1296.00	-0.07	-11.28
4112.00	1296.00	-0.19	-11.10
4144.00	1296.00	-0.23	-10.98
4176.00	1296.00	-0.16	-10.90
4208.00	1296.00	-0.01	-10.82
4240.00	1296.00	0.08	-10.70
4272.00	1296.00	0.05	-10.62
4304.00	1296.00	-0.04	-10.64
4336.00	1296.00	-0.12	-10.61
4368.00	1296.00	-0.06	-10.53
4400.00	1296.00	0.04	-10.39
4432.00	1296.00	0.06	-10.19
4464.00	1296.00	0.03	-10.15
4496.00	1296.00	-0.02	-10.48
4528.00	1296.00	0.06	-10.89
4560.00	1296.00	0.12	-11.05
4592.00	1296.00	0.07	-10.83
4624.00	1296.00	-0.01	-10.64
4656.00	1296.00	-0.07	-10.70
4688.00	1296.00	-0.02	-10.92
4720.00	1296.00	-0.01	-11.08
4752.00	1296.00	-0.05	-11.04
4784.00	1296.00	-0.03	-10.92
4816.00	1296.00	0.00	-10.89
4848.00	1296.00	0.08	-10.96
4880.00	1296.00	0.08	-11.10
4912.00	1296.00	0.14	-11.19
4944.00	1296.00	0.14	-11.26
4976.00	1296.00	0.09	-11.32
5008.00	1296.00	0.01	-11.35
5040.00	1296.00	0.09	-11.33
5072.00	1296.00	0.25	-11.27
5104.00	1296.00	0.40	-11.23
5136.00	1296.00	0.34	-11.16
5168.00	1296.00	0.26	-11.08
5200.00	1296.00	0.19	-11.07
5232.00	1296.00	0.19	-11.06
5264.00	1296.00	0.23	-11.01
5296.00	1296.00	0.24	-10.87
5328.00	1296.00	0.24	-10.75
5360.00	1296.00	0.16	-10.54
5392.00	1296.00	0.08	-10.29
5424.00	1296.00	0.09	-10.06
5456.00	1296.00	0.17	-9.96
5488.00	1296.00	0.19	-9.83
5520.00	1296.00	0.09	-9.59
5552.00	1296.00	-0.03	-9.41
5584.00	1296.00	-0.05	-9.40
5616.00	1296.00	0.07	-9.54
5648.00	1296.00	0.03	-9.56
5680.00	1296.00	-0.16	-9.31
5712.00	1296.00	-0.43	-8.91
5744.00	1296.00	-0.55	-8.77
5776.00	1296.00	-0.48	-9.03
5808.00	1296.00	-0.36	-9.31
5840.00	1296.00	-0.30	-9.28
5872.00	1296.00	-0.21	-9.08
5904.00	1296.00	-0.11	-8.78
5936.00	1296.00	0.11	-8.44
5968.00	1296.00	0.29	-7.55
6000.00	1296.00	0.35	-6.38
6032.00	1296.00	0.30	-5.24
6064.00	1296.00	0.26	-4.02
6096.00	1296.00	0.23	-2.44
6128.00	1296.00	0.25	-0.88
6160.00	1296.00	0.23	-0.68
6192.00	1296.00	0.25	-3.40
6224.00	1296.00	0.34	-6.23
6256.00	1296.00	0.50	-8.12
6288.00	1296.00	0.73	-7.69
6320.00	1296.00	0.69	-7.58
6352.00	1296.00	0.52	-7.73
6384.00	1296.00	0.52	-8.00
6416.00	1296.00	0.80	-8.39
6448.00	1296.00	0.91	-8.83
6480.00	1296.00	0.83	-9.25
6512.00	1296.00	0.70	-8.95
6544.00	1296.00	0.63	-8.61
6576.00	1296.00	0.57	-8.33
16.00	1328.00	0.13	-15.29
48.00	1328.00	0.12	-15.33
80.00	1328.00	0.15	-15.39
112.00	1328.00	0.19	-15.45
144.00	1328.00	0.22	-15.46
176.00	1328.00	0.18	-15.47
208.00	1328.00	0.12	-15.50
240.00	1328.00	0.12	-15.56
272.00	1328.00	0.21	-15.59
304.00	1328.00	0.34	-15.61
336.00	1328.00	0.36	-15.56
368.00	1328.00	0.31	-15.44
400.00	1328.00	0.28	-15.28
432.00	1328.00	0.28	-15.20
464.00	1328.00	0.25	-15.24
496.00	1328.00	0.14	-15.28
528.00	1328.00	0.08	-15.23
560.00	1328.00	0.07	-15.15
592.00	1328.00	0.11	-15.19
624.00	1328.00	0.21	-15.29
656.00	1328.00	0.34	-15.40
688.00	1328.00	0.40	-15.41
720.00	1328.00	0.39	-15.37
752.00	1328.00	0.33	-15.29
784.00	1328.00	0.35	-15.24
816.00	1328.00	0.41	-15.25
848.00	1328.00	0.46	-15.34
880.00	1328.00	0.42	-15.38
912.00	1328.00	0.33	-15.31
944.00	1328.00	0.18	-15.23
976.00	1328.00	0.04	-15.11
1008.00	1328.00	0.00	-15.04
1040.00	1328.00	0.08	-14.98
1072.00	1328.00	0.21	-15.02
1104.00	1328.00	0.26	-15.09
1136.00	1328.00	0.26	-15.15
1168.00	1328.00	0.21	-15.20
1200.00	1328.00	0.18	-15.21
1232.00	1328.00	0.15	-15.22
1264.00	1328.00	0.15	-15.20
1296.00	1328.00	0.16	-15.21
1328.00	1328.00	0.17	-15.24
1360.00	1328.00	0.19	-15.30
1392.00	1328.00	0.19	-15.30
1424.00	1328.00	0.20	-15.27
1456.00	1328.00	0.22	-15.27
1488.00	1328.00	0.25	-15.29
1520.00	1328.00	0.25	-15.33
1552.00	1328.00	0.22	-15.31
1584.00	1328.00	0.19	-15.26
1616.00	1328.00	0.23	-15.20
1648.00	1328.00	0.24	-15.15
1680.00	1328.00	0.16	-15.10
1712.00	1328.00	-0.02	-15.02
1744.00	1328.00	-0.11	-14.90
1776.00	1328.00	-0.03	-14.83
1808.00	1328.00	0.15	-14.82
1840.00	1328.00	0.21	-14.87
1872.00	1328.00	0.14	-14.89
1904.00	1328.00	0.03	-14.85
1936.00	1328.00	-0.00	-14.81
1968.00	1328.00	0.01	-14.79
2000.00	1328.00	0.08	-14.85
2032.00	1328.00	0.11	-14.96
2064.00	1328.00	0.06	-15.04
2096.00	1328.00	-0.08	-15.09
2128.00	1328.00	-0.14	-15.03
2160.00	1328.00	-0.12	-14.90
2192.00	1328.00	-0.05	-14.80
2224.00	1328.00	-0.09	-14.81
2256.00	1328.00	-0.12	-14.83
2288.00	1328.00	-0.26	-14.77
2320.00	1328.00	-0.39	-14.65
2352.00	1328.00	-0.45	-14.59
2384.00	1328.00	-0.44	-14.61
2416.00	1328.00	-0.34	-14.62
2448.00	1328.00	-0.27	-14.56
2480.00	1328.00	-0.22	-14.46
2512.00	1328.00	-0.09	-14.44
2544.00	1328.00	0.06	-14.45
2576.00	1328.00	0.23	-14.43
2608.00	1328.00	0.23	-14.27
2640.00	1328.00	0.10	-14.13
2672.00	1328.00	-0.05	-14.00
2704.00	1328.00	-0.01	-14.01
2736.00	1328.00	0.05	-14.06
2768.00	1328.00	0.05	-14.14
2800.00	1328.00	-0.03	-14.15
2832.00	1328.00	-0.15	-14.10
2864.00	1328.00	-0.28	-14.07
2896.00	1328.00	-0.38	-14.04
2928.00	1328.00	-0.32	-14.03
2960.00	1328.00	-0.21	-13.91
2992.00	1328.00	-0.32	-13.75
3024.00	1328.00	-0.52	-13.59
3056.00	1328.00	-0.69	-13.42
3088.00	1328.00	-0.67	-13.31
3120.00	1328.00	-0.71	-13.21
3152.00	1328.00	-0.85	-13.06
3184.00	1328.00	-1.04	-12.80
3216.00	1328.00	-1.14	-12.60
3248.00	1328.00	-1.11	-12.57
3280.00	1328.00	-1.05	-12.52
3312.00	1328.00	-1.09	-12.41
3344.00	1328.00	-1.18	-12.32
3376.00	1328.00	-1.22	-12.35
3408.00	1328.00	-1.23	-12.35
3440.00	1328.00	-1.30	-12.22
3472.00	1328.00	-1.34	-12.01
3504.00	1328.00	-1.25	-11.89
3536.00	1328.00	-0.98	-11.83
3568.00	1328.00	-0.75	-11.86
3600.00	1328.00	-0.61	-11.92
3632.00	1328.00	-0.54	-12.07
3664.00	1328.00	-0.48	-12.20
3696.00	1328.00	-0.41	-12.18
3728.00	1328.00	-0.39	-11.89
3760.00	1328.00	-0.39	-11.47
3792.00	1328.00	-0.33	-11.15
3824.00	1328.00	-0.30	-11.06
3856.00	1328.00	-0.24	-11.11
3888.00	1328.00	-0.24	-11.14
3920.00	1328.00	-0.19	-11.14
3952.00	1328.00	-0.19	-11.11
3984.00	1328.00	-0.17	-11.17
4016.00	1328.00	-0.10	-11.28
4048.00	1328.00	-0.04	-11.37
4080.00	1328.00	-0.03	-11.31
4112.00	1328.00	-0.11	-11.13
4144.00	1328.00	-0.14	-11.00
4176.00	1328.00	-0.10	-10.92
4208.00	1328.00	0.06	-10.78
4240.00	1328.00	0.19	-10.60
4272.00	1328.00	0.17	-10.50
4304.00	1328.00	0.03	-10.56
4336.00	1328.00	-0.07	-10.60
4368.00	1328.00	-0.01	-10.56
4400.00	1328.00	0.05	-10.43
4432.00	1328.00	-0.03	-10.20
4464.00	1328.00	-0.20	-10.12
4496.00	1328.00	-0.29	-10.39
4528.00	1328.00	-0.19	-10.77
4560.00	1328.00	-0.00	-10.97
4592.00	1328.00	0.03	-10.86
4624.00	1328.00	-0.02	-10.78
4656.00	1328.00	-0.06	-10.85
4688.00	1328.00	-0.01	-11.00
4720.00	1328.00	0.04	-11.07
4752.00	1328.00	0.03	-10.98
4784.00	1328.00	0.03	-10.84
4816.00	1328.00	-0.03	-10.84
4848.00	1328.00	-0.10	-10.98
4880.00	1328.00	-0.08	-11.16
4912.00	1328.00	0.06	-11.30
4944.00	1328.00	0.12	-11.39
4976.00	1328.00	0.05	-11.45
5008.00	1328.00	-0.07	-11.44
5040.00	1328.00	0.00	-11.36
5072.00	1328.00	0.13	-11.30
5104.00	1328.00	0.27	-11.24
5136.00	1328.00	0.24	-11.21
5168.00	1328.00	0.20	-11.14
5200.00	1328.00	0.20	-11.13
5232.00	1328.00	0.22	-11.12
5264.00	1328.00	0.21	-11.02
5296.00	1328.00	0.14	-10.91
5328.00	1328.00	0.15	-10.79
5360.00	1328.00	0.17	-10.56
5392.00	1328.00	0.15	-10.23
5424.00	1328.00	0.10	-9.96
5456.00	1328.00	0.13	-9.91
5488.00	1328.00	0.14	-9.84
5520.00	1328.00	0.11	-9.63
5552.00	1328.00	0.07	-9.42
5584.00	1328.00	0.07	-9.40
5616.00	1328.00	0.12	-9.57
5648.00	1328.00	0.01	-9.57
5680.00	1328.00	-0.25	-9.22
5712.00	1328.00	-0.53	-8.70
5744.00	1328.00	-0.60	-8.52
5776.00	1328.00	-0.48	-8.75
5808.00	1328.00	-0.36	-9.03
5840.00	1328.00	-0.34	-9.05
5872.00	1328.00	-0.30	-8.94
5904.00	1328.00	-0.18	-8.73
5936.00	1328.00	0.08	-8.40
5968.00	1328.00	0.29	-7.54
6000.00	1328.00	0.35	-6.51
6032.00	1328.00	0.26	-5.35
6064.00	1328.00	0.23	-3.94
6096.00	1328.00	0.28	-2.17
6128.00	1328.00	0.33	-0.61
6160.00	1328.00	0.33	-0.15
6192.00	1328.00	0.41	-2.30
6224.00	1328.00	0.57	-4.79
6256.00	1328.00	0.75	-6.90
6288.00	1328.00	0.77	-7.25
6320.00	1328.00	0.55	-7.63
6352.00	1328.00	0.40	-8.05
6384.00	1328.00	0.58	-8.17
6416.00	1328.00	0.98	-8.50
6448.00	1328.00	1.08	-8.89
6480.00	1328.00	0.88	-9.23
6512.00	1328.00	0.72	-8.86
6544.00	1328.00	0.63	-8.48
6576.00	1328.00	0.62	-8.25
16.00	1360.00	0.06	-15.19
48.00	1360.00	0.08	-15.23
80.00	1360.00	0.15	-15.34
112.00	1360.00	0.16	-15.43
144.00	1360.00	0.16	-15.47
176.00	1360.00	0.08	-15.47
208.00	1360.00	0.04	-15.52
240.00	1360.00	0.04	-15.54
272.00	1360.00	0.16	-15.53
304.00	1360.00	0.27	-15.51
336.00	1360.00	0.28	-15.49
368.00	1360.00	0.23	-15.40
400.00	1360.00	0.25	-15.26
432.00	1360.00	0.26	-15.21
464.00	1360.00	0.23	-15.24
496.00	1360.00	0.16	-15.24
528.00	1360.00	0.14	-15.15
560.00	1360.00	0.10	-15.04
592.00	1360.00	0.04	-15.07
624.00	1360.00	0.10	-15.18
656.00	1360.00	0.26	-15.34
688.00	1360.00	0.41	-15.46
720.00	1360.00	0.44	-15.50
752.00	1360.00	0.37	-15.45
784.00	1360.00	0.36	-15.36
816.00	1360.00	0.39	-15.33
848.00	1360.00	0.44	-15.41
880.00	1360.00	0.40	-15.44
912.00	1360.00	0.27	-15.38
944.00	1360.00	0.09	-15.25
976.00	1360.00	-0.04	-15.13
1008.00	1360.00	-0.02	-15.08
1040.00	1360.00	0.08	-15.05
1072.00	1360.00	0.21	-15.07
1104.00	1360.00	0.25	-15.09
1136.00	1360.00	0.28	-15.15
1168.00	1360.00	0.26	-15.20
1200.00	1360.00	0.25	-15.20
1232.00	1360.00	0.22	-15.18
1264.00	1360.00	0.18	-15.16
1296.00	1360.00	0.05	-15.16
1328.00	1360.00	-0.06	-15.18
1360.00	1360.00	-0.00	-15.21
1392.00	1360.00	0.14	-15.21
1424.00	1360.00	0.26	-15.21
1456.00	1360.00	0.27	-15.22
1488.00	1360.00	0.28	-15.23
1520.00	1360.00	0.26	-15.20
1552.00	1360.00	0.25	-15.14
1584.00	1360.00	0.23	-15.16
1616.00	1360.00	0.29	-15.16
1648.00	1360.00	0.30	-15.15
1680.00	1360.00	0.24	-15.08
1712.00	1360.00	0.05	-14.96
1744.00	1360.00	-0.08	-14.83
1776.00	1360.00	-0.02	-14.74
1808.00	1360.00	0.17	-14.74
1840.00	1360.00	0.24	-14.77
1872.00	1360.00	0.18	-14.81
1904.00	1360.00	0.10	-14.82
1936.00	1360.00	0.06	-14.83
1968.00	1360.00	0.07	-14.88
2000.00	1360.00	0.09	-14.91
2032.00	1360.00	0.11	-14.97
2064.00	1360.00	0.05	-15.00
2096.00	1360.00	-0.03	-15.06
2128.00	1360.00	-0.06	-15.05
2160.00	1360.00	-0.03	-14.94
2192.00	1360.00	-0.00	-14.83
2224.00	1360.00	-0.06	-14.84
2256.00	1360.00	-0.17	-14.88
2288.00	1360.00	-0.26	-14.84
2320.00	1360.00	-0.27	-14.73
2352.00	1360.00	-0.23	-14.64
2384.00	1360.00	-0.25	-14.68
2416.00	1360.00	-0.29	-14.73
2448.00	1360.00	-0.30	-14.67
2480.00	1360.00	-0.28	-14.54
2512.00	1360.00	-0.10	-14.44
2544.00	1360.00	0.09	-14.46
2576.00	1360.00	0.23	-14.51
2608.00	1360.00	0.18	-14.47
2640.00	1360.00	0.04	-14.37
2672.00	1360.00	-0.06	-14.25
2704.00	1360.00	0.01	-14.22
2736.00	1360.00	0.09	-14.23
2768.00	1360.00	0.11	-14.23
2800.00	1360.00	0.00	-14.14
2832.00	1360.00	-0.15	-14.07
2864.00	1360.00	-0.28	-14.04
2896.00	1360.00	-0.32	-14.04
2928.00	1360.00	-0.21	-14.00
2960.00	1360.00	-0.13	-13.89
2992.00	1360.00	-0.30	-13.76
3024.00	1360.00	-0.51	-13.62
3056.00	1360.00	-0.65	-13.45
3088.00	1360.00	-0.61	-13.28
3120.00	1360.00	-0.63	-13.11
3152.00	1360.00	-0.73	-12.94
3184.00	1360.00	-0.91	-12.74
3216.00	1360.00	-1.03	-12.61
3248.00	1360.00	-1.06	-12.59
3280.00	1360.00	-1.01	-12.54
3312.00	1360.00	-1.00	-12.40
3344.00	1360.00	-1.03	-12.25
3376.00	1360.00	-1.08	-12.28
3408.00	1360.00	-1.17	-12.36
3440.00	1360.00	-1.26	-12.30
3472.00	1360.00	-1.28	-12.09
3504.00	1360.00	-1.19	-11.96
3536.00	1360.00	-0.98	-11.89
3568.00	1360.00	-0.82	-11.91
3600.00	1360.00	-0.71	-11.95
3632.00	1360.00	-0.67	-12.02
3664.00	1360.00	-0.65	-12.04
3696.00	1360.00	-0.62	-12.01
3728.00	1360.00	-0.53	-11.80
3760.00	1360.00	-0.40	-11.50
3792.00	1360.00	-0.24	-11.25
3824.00	1360.00	-0.19	-11.28
3856.00	1360.00	-0.22	-11.38
3888.00	1360.00	-0.31	-11.41
3920.00	1360.00	-0.30	-11.40
3952.00	1360.00	-0.25	-11.36
3984.00	1360.00	-0.18	-11.34
4016.00	1360.00	-0.11	-11.29
4048.00	1360.00	-0.00	-11.30
4080.00	1360.00	0.05	-11.23
4112.00	1360.00	0.01	-11.12
4144.00	1360.00	-0.01	-11.13
4176.00	1360.00	0.10	-11.12
4208.00	1360.00	0.25	-10.94
4240.00	1360.00	0.37	-10.67
4272.00	1360.00	0.31	-10.47
4304.00	1360.00	0.16	-10.47
4336.00	1360.00	0.05	-10.49
4368.00	1360.00	0.06	-10.49
4400.00	1360.00	0.02	-10.39
4432.00	1360.00	-0.16	-10.21
4464.00	1360.00	-0.41	-10.12
4496.00	1360.00	-0.46	-10.31
4528.00	1360.00	-0.28	-10.58
4560.00	1360.00	-0.05	-10.76
4592.00	1360.00	-0.01	-10.80
4624.00	1360.00	-0.10	-10.87
4656.00	1360.00	-0.12	-10.96
4688.00	1360.00	-0.04	-11.00
4720.00	1360.00	0.06	-10.97
4752.00	1360.00	0.10	-10.90
4784.00	1360.00	0.06	-10.82
4816.00	1360.00	-0.04	-10.85
4848.00	1360.00	-0.12	-11.01
4880.00	1360.00	-0.11	-11.24
4912.00	1360.00	0.04	-11.47
4944.00	1360.00	0.09	-11.59
4976.00	1360.00	0.01	-11.60
5008.00	1360.00	-0.14	-11.54
5040.00	1360.00	-0.12	-11.47
5072.00	1360.00	-0.03	-11.42
5104.00	1360.00	0.10	-11.33
5136.00	1360.00	0.07	-11.22
5168.00	1360.00	0.04	-11.12
5200.00	1360.00	0.06	-11.09
5232.00	1360.00	0.17	-11.07
5264.00	1360.00	0.22	-10.98
5296.00	1360.00	0.17	-10.86
5328.00	1360.00	0.16	-10.70
5360.00	1360.00	0.16	-10.42
5392.00	1360.00	0.13	-10.09
5424.00	1360.00	0.06	-9.85
5456.00	1360.00	0.09	-9.80
5488.00	1360.00	0.10	-9.72
5520.00	1360.00	0.04	-9.51
5552.00	1360.00	-0.02	-9.34
5584.00	1360.00	-0.04	-9.37
5616.00	1360.00	-0.02	-9.50
5648.00	1360.00	-0.09	-9.45
5680.00	1360.00	-0.33	-9.02
5712.00	1360.00	-0.51	-8.56
5744.00	1360.00	-0.56	-8.43
5776.00	1360.00	-0.46	-8.71
5808.00	1360.00	-0.36	-9.04
5840.00	1360.00	-0.34	-9.24
5872.00	1360.00	-0.27	-9.21
5904.00	1360.00	-0.17	-9.01
5936.00	1360.00	0.01	-8.45
5968.00	1360.00	0.19	-7.58
6000.00	1360.00	0.26	-6.63
6032.00	1360.00	0.25	-5.54
6064.00	1360.00	0.27	-4.00
6096.00	1360.00	0.36	-2.12
6128.00	1360.00	0.41	-0.61
6160.00	1360.00	0.39	-0.10
6192.00	1360.00	0.50	-1.67
6224.00	1360.00	0.72	-3.68
6256.00	1360.00	0.96	-5.85
6288.00	1360.00	0.92	-6.93
6320.00	1360.00	0.68	-7.93
6352.00	1360.00	0.55	-8.59
6384.00	1360.00	0.78	-8.79
6416.00	1360.00	1.04	-8.92
6448.00	1360.00	1.07	-9.07
6480.00	1360.00	0.94	-9.10
6512.00	1360.00	0.91	-8.71
6544.00	1360.00	0.92	-8.29
6576.00	1360.00	0.89	-8.03
16.00	1392.00	0.03	-15.20
48.00	1392.00	0.08	-15.19
80.00	1392.00	0.17	-15.24
112.00	1392.00	0.16	-15.29
144.00	1392.00	0.11	-15.35
176.00	1392.00	0.02	-15.39
208.00	1392.00	0.01	-15.44
240.00	1392.00	0.08	-15.46
272.00	1392.00	0.21	-15.47
304.00	1392.00	0.29	-15.46
336.00	1392.00	0.26	-15.45
368.00	1392.00	0.23	-15.35
400.00	1392.00	0.26	-15.20
432.00	1392.00	0.29	-15.15
464.00	1392.00	0.29	-15.17
496.00	1392.00	0.25	-15.19
528.00	1392.00	0.21	-15.12
560.00	1392.00	0.09	-15.03
592.00	1392.00	-0.07	-15.02
624.00	1392.00	-0.05	-15.07
656.00	1392.00	0.12	-15.20
688.00	1392.00	0.30	-15.38
720.00	1392.00	0.38	-15.52
752.00	1392.00	0.34	-15.54
784.00	1392.00	0.32	-15.48
816.00	1392.00	0.31	-15.42
848.00	1392.00	0.35	-15.44
880.00	1392.00	0.34	-15.44
912.00	1392.00	0.25	-15.40
944.00	1392.00	0.14	-15.28
976.00	1392.00	0.07	-15.21
1008.00	1392.00	0.09	-15.21
1040.00	1392.00	0.13	-15.22
1072.00	1392.00	0.21	-15.22
1104.00	1392.00	0.28	-15.19
1136.00	1392.00	0.36	-15.19
1168.00	1392.00	0.37	-15.19
1200.00	1392.00	0.35	-15.15
1232.00	1392.00	0.30	-15.14
1264.00	1392.00	0.24	-15.14
1296.00	1392.00	0.04	-15.15
1328.00	1392.00	-0.12	-15.17
1360.00	1392.00	-0.08	-15.15
1392.00	1392.00	0.11	-15.14
1424.00	1392.00	0.28	-15.18
1456.00	1392.00	0.29	-15.25
1488.00	1392.00	0.32	-15.25
1520.00	1392.00	0.32	-15.14
1552.00	1392.00	0.34	-15.03
1584.00	1392.00	0.30	-15.05
1616.00	1392.00	0.28	-15.10
1648.00	1392.00	0.23	-15.09
1680.00	1392.00	0.17	-15.02
1712.00	1392.00	0.05	-14.89
1744.00	1392.00	-0.04	-14.79
1776.00	1392.00	-0.01	-14.74
1808.00	1392.00	0.12	-14.79
1840.00	1392.00	0.19	-14.80
1872.00	1392.00	0.18	-14.82
1904.00	1392.00	0.17	-14.83
1936.00	1392.00	0.14	-14.94
1968.00	1392.00	0.11	-15.04
2000.00	1392.00	0.07	-15.05
2032.00	1392.00	0.09	-15.04
2064.00	1392.00	0.04	-15.02
2096.00	1392.00	0.01	-15.03
2128.00	1392.00	0.00	-15.00
2160.00	1392.00	0.04	-14.91
2192.00	1392.00	0.06	-14.83
2224.00	1392.00	0.08	-14.83
2256.00	1392.00	0.07	-14.84
2288.00	1392.00	0.05	-14.82
2320.00	1392.00	0.00	-14.78
2352.00	1392.00	-0.04	-14.78
2384.00	1392.00	-0.03	-14.77
2416.00	1392.00	-0.06	-14.79
2448.00	1392.00	-0.09	-14.72
2480.00	1392.00	-0.18	-14.66
2512.00	1392.00	-0.09	-14.58
2544.00	1392.00	0.07	-14.59
2576.00	1392.00	0.17	-14.61
2608.00	1392.00	0.14	-14.54
2640.00	1392.00	0.04	-14.41
2672.00	1392.00	-0.01	-14.29
2704.00	1392.00	0.08	-14.30
2736.00	1392.00	0.21	-14.37
2768.00	1392.00	0.23	-14.29
2800.00	1392.00	0.08	-14.07
2832.00	1392.00	-0.16	-13.93
2864.00	1392.00	-0.28	-13.96
2896.00	1392.00	-0.28	-14.04
2928.00	1392.00	-0.18	-13.97
2960.00	1392.00	-0.19	-13.81
2992.00	1392.00	-0.37	-13.65
3024.00	1392.00	-0.55	-13.53
3056.00	1392.00	-0.62	-13.39
3088.00	1392.00	-0.55	-13.24
3120.00	1392.00	-0.56	-13.06
3152.00	1392.00	-0.73	-12.89
3184.00	1392.00	-0.89	-12.72
3216.00	1392.00	-0.97	-12.60
3248.00	1392.00	-0.94	-12.58
3280.00	1392.00	-0.94	-12.52
3312.00	1392.00	-0.96	-12.38
3344.00	1392.00	-0.99	-12.24
3376.00	1392.00	-1.07	-12.21
3408.00	1392.00	-1.18	-12.26
3440.00	1392.00	-1.24	-12.23
3472.00	1392.00	-1.21	-12.09
3504.00	1392.00	-1.14	-11.99
3536.00	1392.00	-0.98	-12.00
3568.00	1392.00	-0.83	-12.10
3600.00	1392.00	-0.70	-12.16
3632.00	1392.00	-0.67	-12.11
3664.00	1392.00	-0.69	-12.05
3696.00	1392.00	-0.66	-11.99
3728.00	1392.00	-0.53	-11.85
3760.00	1392.00	-0.33	-11.61
3792.00	1392.00	-0.20	-11.50
3824.00	1392.00	-0.16	-11.63
3856.00	1392.00	-0.20	-11.75
3888.00	1392.00	-0.23	-11.77
3920.00	1392.00	-0.20	-11.68
3952.00	1392.00	-0.18	-11.53
3984.00	1392.00	-0.16	-11.39
4016.00	1392.00	-0.08	-11.27
4048.00	1392.00	0.08	-11.20
4080.00	1392.00	0.15	-11.15
4112.00	1392.00	0.10	-11.13
4144.00	1392.00	0.08	-11.29
4176.00	1392.00	0.21	-11.32
4208.00	1392.00	0.37	-11.17
4240.00	1392.00	0.46	-10.88
4272.00	1392.00	0.39	-10.62
4304.00	1392.00	0.26	-10.45
4336.00	1392.00	0.14	-10.36
4368.00	1392.00	0.08	-10.34
4400.00	1392.00	-0.01	-10.30
4432.00	1392.00	-0.17	-10.18
4464.00	1392.00	-0.36	-10.07
4496.00	1392.00	-0.35	-10.14
4528.00	1392.00	-0.19	-10.33
4560.00	1392.00	-0.02	-10.52
4592.00	1392.00	-0.08	-10.71
4624.00	1392.00	-0.22	-10.88
4656.00	1392.00	-0.22	-10.94
4688.00	1392.00	-0.10	-10.88
4720.00	1392.00	0.01	-10.81
4752.00	1392.00	0.04	-10.82
4784.00	1392.00	0.00	-10.80
4816.00	1392.00	0.03	-10.73
4848.00	1392.00	0.03	-10.86
4880.00	1392.00	0.02	-11.17
4912.00	1392.00	0.05	-11.53
4944.00	1392.00	0.03	-11.69
4976.00	1392.00	-0.05	-11.65
5008.00	1392.00	-0.20	-11.57
5040.00	1392.00	-0.23	-11.53
5072.00	1392.00	-0.10	-11.50
5104.00	1392.00	0.05	-11.40
5136.00	1392.00	0.04	-11.20
5168.00	1392.00	-0.04	-11.02
5200.00	1392.00	-0.05	-10.96
5232.00	1392.00	0.07	-10.99
5264.00	1392.00	0.21	-10.93
5296.00	1392.00	0.19	-10.74
5328.00	1392.00	0.14	-10.46
5360.00	1392.00	0.04	-10.23
5392.00	1392.00	0.02	-10.06
5424.00	1392.00	0.04	-9.99
5456.00	1392.00	0.10	-9.89
5488.00	1392.00	0.05	-9.69
5520.00	1392.00	-0.09	-9.40
5552.00	1392.00	-0.17	-9.26
5584.00	1392.00	-0.17	-9.33
5616.00	1392.00	-0.12	-9.46
5648.00	1392.00	-0.15	-9.37
5680.00	1392.00	-0.30	-8.93
5712.00	1392.00	-0.44	-8.53
5744.00	1392.00	-0.49	-8.47
5776.00	1392.00	-0.37	-8.88
5808.00	1392.00	-0.24	-9.35
5840.00	1392.00	-0.11	-9.73
5872.00	1392.00	-0.09	-9.60
5904.00	1392.00	-0.11	-9.16
5936.00	1392.00	-0.05	-8.47
5968.00	1392.00	0.05	-7.69
6000.00	1392.00	0.13	-6.90
6032.00	1392.00	0.08	-5.68
6064.00	1392.00	0.12	-3.97
6096.00	1392.00	0.25	-2.00
6128.00	1392.00	0.35	-0.67
6160.00	1392.00	0.34	-0.49
6192.00	1392.00	0.44	-2.01
6224.00	1392.00	0.64	-3.85
6256.00	1392.00	0.91	-5.79
6288.00	1392.00	0.87	-6.94
6320.00	1392.00	0.76	-8.16
6352.00	1392.00	0.75	-8.86
6384.00	1392.00	1.00	-9.20
6416.00	1392.00	1.11	-9.21
6448.00	1392.00	0.95	-9.24
6480.00	1392.00	0.87	-9.08
6512.00	1392.00	1.01	-8.65
6544.00	1392.00	1.15	-8.27
6576.00	1392.00	1.16	-8.07
16.00	1424.00	0.09	-15.27
48.00	1424.00	0.14	-15.23
80.00	1424.00	0.21	-15.20
112.00	1424.00	0.16	-15.21
144.00	1424.00	0.09	-15.27
176.00	1424.00	0.02	-15.30
208.00	1424.00	0.07	-15.32
240.00	1424.00	0.19	-15.33
272.00	1424.00	0.29	-15.39
304.00	1424.00	0.30	-15.40
336.00	1424.00	0.26	-15.38
368.00	1424.00	0.25	-15.29
400.00	1424.00	0.30	-15.16
432.00	1424.00	0.35	-15.13
464.00	1424.00	0.38	-15.15
496.00	1424.00	0.34	-15.22
528.00	1424.00	0.19	-15.23
560.00	1424.00	0.01	-15.20
592.00	1424.00	-0.13	-15.15
624.00	1424.00	-0.07	-15.11
656.00	1424.00	0.06	-15.15
688.00	1424.00	0.19	-15.29
720.00	1424.00	0.26	-15.45
752.00	1424.00	0.29	-15.54
784.00	1424.00	0.29	-15.52
816.00	1424.00	0.26	-15.45
848.00	1424.00	0.25	-15.44
880.00	1424.00	0.27	-15.44
912.00	1424.00	0.22	-15.43
944.00	1424.00	0.23	-15.34
976.00	1424.00	0.22	-15.28
1008.00	1424.00	0.23	-15.24
1040.00	1424.00	0.21	-15.22
1072.00	1424.00	0.23	-15.17
1104.00	1424.00	0.31	-15.13
1136.00	1424.00	0.40	-15.13
1168.00	1424.00	0.42	-15.15
1200.00	1424.00	0.41	-15.15
1232.00	1424.00	0.33	-15.16
1264.00	1424.00	0.29	-15.20
1296.00	1424.00	0.13	-15.22
1328.00	1424.00	-0.03	-15.23
1360.00	1424.00	-0.02	-15.16
1392.00	1424.00	0.12	-15.11
1424.00	1424.00	0.27	-15.18
1456.00	1424.00	0.27	-15.29
1488.00	1424.00	0.30	-15.29
1520.00	1424.00	0.30	-15.16
1552.00	1424.00	0.33	-15.04
1584.00	1424.00	0.27	-15.03
1616.00	1424.00	0.18	-15.07
1648.00	1424.00	0.11	-15.07
1680.00	1424.00	0.12	-15.02
1712.00	1424.00	0.10	-14.91
1744.00	1424.00	0.02	-14.85
1776.00	1424.00	-0.01	-14.84
1808.00	1424.00	0.02	-14.90
1840.00	1424.00	0.10	-14.86
1872.00	1424.00	0.15	-14.84
1904.00	1424.00	0.22	-14.87
1936.00	1424.00	0.20	-15.02
1968.00	1424.00	0.13	-15.17
2000.00	1424.00	0.07	-15.13
2032.00	1424.00	0.11	-15.06
2064.00	1424.00	0.11	-15.02
2096.00	1424.00	0.09	-15.02
2128.00	1424.00	0.05	-14.96
2160.00	1424.00	0.05	-14.84
2192.00	1424.00	0.09	-14.77
2224.00	1424.00	0.16	-14.76
2256.00	1424.00	0.25	-14.74
2288.00	1424.00	0.30	-14.74
2320.00	1424.00	0.21	-14.75
2352.00	1424.00	0.07	-14.79
2384.00	1424.00	0.06	-14.73
2416.00	1424.00	0.08	-14.74
2448.00	1424.00	0.08	-14.72
2480.00	1424.00	-0.04	-14.77
2512.00	1424.00	-0.03	-14.78
2544.00	1424.00	0.08	-14.77
2576.00	1424.00	0.17	-14.73
2608.00	1424.00	0.18	-14.58
2640.00	1424.00	0.11	-14.42
2672.00	1424.00	0.08	-14.32
2704.00	1424.00	0.15	-14.32
2736.00	1424.00	0.32	-14.35
2768.00	1424.00	0.34	-14.21
2800.00	1424.00	0.16	-13.95
2832.00	1424.00	-0.11	-13.85
2864.00	1424.00	-0.20	-13.91
2896.00	1424.00	-0.16	-13.99
2928.00	1424.00	-0.11	-13.85
2960.00	1424.00	-0.17	-13.67
2992.00	1424.00	-0.33	-13.51
3024.00	1424.00	-0.52	-13.39
3056.00	1424.00	-0.63	-13.31
3088.00	1424.00	-0.60	-13.21
3120.00	1424.00	-0.52	-13.06
3152.00	1424.00	-0.68	-12.87
3184.00	1424.00	-0.82	-12.71
3216.00	1424.00	-0.89	-12.61
3248.00	1424.00	-0.85	-12.55
3280.00	1424.00	-0.97	-12.46
3312.00	1424.00	-1.07	-12.34
3344.00	1424.00	-1.08	-12.23
3376.00	1424.00	-1.07	-12.21
3408.00	1424.00	-1.14	-12.20
3440.00	1424.00	-1.16	-12.19
3472.00	1424.00	-1.17	-12.07
3504.00	1424.00	-1.14	-12.00
3536.00	1424.00	-1.01	-12.10
3568.00	1424.00	-0.83	-12.33
3600.00	1424.00	-0.66	-12.45
3632.00	1424.00	-0.63	-12.35
3664.00	1424.00	-0.61	-12.25
3696.00	1424.00	-0.55	-12.23
3728.00	1424.00	-0.41	-12.09
3760.00	1424.00	-0.24	-11.81
3792.00	1424.00	-0.20	-11.64
3824.00	1424.00	-0.18	-11.73
3856.00	1424.00	-0.19	-11.85
3888.00	1424.00	-0.11	-11.87
3920.00	1424.00	-0.07	-11.73
3952.00	1424.00	-0.14	-11.50
3984.00	1424.00	-0.14	-11.33
4016.00	1424.00	-0.05	-11.24
4048.00	1424.00	0.18	-11.19
4080.00	1424.00	0.23	-11.14
4112.00	1424.00	0.18	-11.18
4144.00	1424.00	0.11	-11.36
4176.00	1424.00	0.22	-11.35
4208.00	1424.00	0.34	-11.20
4240.00	1424.00	0.41	-10.99
4272.00	1424.00	0.39	-10.80
4304.00	1424.00	0.31	-10.57
4336.00	1424.00	0.21	-10.38
4368.00	1424.00	0.09	-10.29
4400.00	1424.00	0.00	-10.26
4432.00	1424.00	-0.09	-10.20
4464.00	1424.00	-0.18	-10.09
4496.00	1424.00	-0.14	-10.12
4528.00	1424.00	-0.04	-10.26
4560.00	1424.00	0.03	-10.46
4592.00	1424.00	-0.10	-10.66
4624.00	1424.00	-0.27	-10.87
4656.00	1424.00	-0.32	-10.94
4688.00	1424.00	-0.23	-10.88
4720.00	1424.00	-0.12	-10.78
4752.00	1424.00	-0.09	-10.80
4784.00	1424.00	-0.10	-10.83
4816.00	1424.00	0.03	-10.78
4848.00	1424.00	0.16	-10.86
4880.00	1424.00	0.15	-11.14
4912.00	1424.00	0.06	-11.47
4944.00	1424.00	-0.06	-11.66
4976.00	1424.00	-0.12	-11.63
5008.00	1424.00	-0.25	-11.55
5040.00	1424.00	-0.27	-11.51
5072.00	1424.00	-0.12	-11.48
5104.00	1424.00	0.03	-11.37
5136.00	1424.00	0.03	-11.13
5168.00	1424.00	-0.06	-10.93
5200.00	1424.00	-0.11	-10.89
5232.00	1424.00	0.01	-10.98
5264.00	1424.00	0.18	-10.96
5296.00	1424.00	0.24	-10.73
5328.00	1424.00	0.19	-10.42
5360.00	1424.00	0.04	-10.18
5392.00	1424.00	-0.00	-10.09
5424.00	1424.00	0.08	-10.06
5456.00	1424.00	0.18	-9.93
5488.00	1424.00	0.12	-9.67
5520.00	1424.00	-0.04	-9.36
5552.00	1424.00	-0.10	-9.20
5584.00	1424.00	-0.13	-9.20
5616.00	1424.00	-0.18	-9.23
5648.00	1424.00	-0.25	-9.14
5680.00	1424.00	-0.27	-8.84
5712.00	1424.00	-0.32	-8.59
5744.00	1424.00	-0.40	-8.62
5776.00	1424.00	-0.30	-9.19
5808.00	1424.00	-0.08	-9.87
5840.00	1424.00	0.19	-10.38
5872.00	1424.00	0.14	-10.12
5904.00	1424.00	-0.04	-9.43
5936.00	1424.00	-0.08	-8.66
5968.00	1424.00	0.04	-8.11
6000.00	1424.00	0.15	-7.40
6032.00	1424.00	0.02	-5.92
6064.00	1424.00	-0.00	-3.89
6096.00	1424.00	0.12	-1.85
6128.00	1424.00	0.24	-0.76
6160.00	1424.00	0.25	-0.89
6192.00	1424.00	0.26	-2.44
6224.00	1424.00	0.37	-4.22
6256.00	1424.00	0.60	-6.07
6288.00	1424.00	0.70	-7.22
6320.00	1424.00	0.81	-8.37
6352.00	1424.00	0.91	-8.90
6384.00	1424.00	1.07	-9.37
6416.00	1424.00	0.95	-9.41
6448.00	1424.00	0.68	-9.42
6480.00	1424.00	0.66	-9.16
6512.00	1424.00	0.93	-8.82
6544.00	1424.00	1.22	-8.54
6576.00	1424.00	1.31	-8.41
16.00	1456.00	0.20	-15.34
48.00	1456.00	0.19	-15.28
80.00	1456.00	0.18	-15.23
112.00	1456.00	0.13	-15.25
144.00	1456.00	0.11	-15.32
176.00	1456.00	0.13	-15.35
208.00	1456.00	0.23	-15.35
240.00	1456.00	0.31	-15.36
272.00	1456.00	0.35	-15.38
304.00	1456.00	0.36	-15.35
336.00	1456.00	0.35	-15.30
368.00	1456.00	0.35	-15.23
400.00	1456.00	0.35	-15.12
432.00	1456.00	0.39	-15.12
464.00	1456.00	0.45	-15.20
496.00	1456.00	0.40	-15.32
528.00	1456.00	0.18	-15.37
560.00	1456.00	-0.05	-15.37
592.00	1456.00	-0.14	-15.33
624.00	1456.00	-0.02	-15.26
656.00	1456.00	0.11	-15.24
688.00	1456.00	0.16	-15.27
720.00	1456.00	0.21	-15.34
752.00	1456.00	0.28	-15.38
784.00	1456.00	0.31	-15.41
816.00	1456.00	0.29	-15.40
848.00	1456.00	0.30	-15.43
880.00	1456.00	0.34	-15.44
912.00	1456.00	0.30	-15.42
944.00	1456.00	0.31	-15.35
976.00	1456.00	0.29	-15.30
1008.00	1456.00	0.30	-15.22
1040.00	1456.00	0.28	-15.11
1072.00	1456.00	0.27	-15.01
1104.00	1456.00	0.33	-14.97
1136.00	1456.00	0.39	-14.96
1168.00	1456.00	0.39	-15.01
1200.00	1456.00	0.35	-15.11
1232.00	1456.00	0.26	-15.22
1264.00	1456.00	0.26	-15.28
1296.00	1456.00	0.19	-15.34
1328.00	1456.00	0.10	-15.35
1360.00	1456.00	0.07	-15.28
1392.00	1456.00	0.14	-15.18
1424.00	1456.00	0.22	-15.18
1456.00	1456.00	0.22	-15.28
1488.00	1456.00	0.16	-15.33
1520.00	1456.00	0.10	-15.32
1552.00	1456.00	0.14	-15.25
1584.00	1456.00	0.13	-15.21
1616.00	1456.00	0.05	-15.19
1648.00	1456.00	-0.01	-15.15
1680.00	1456.00	0.10	-15.11
1712.00	1456.00	0.23	-15.04
1744.00	1456.00	0.22	-15.02
1776.00	1456.00	0.13	-15.03
1808.00	1456.00	0.06	-15.00
1840.00	1456.00	0.07	-14.91
1872.00	1456.00	0.08	-14.87
1904.00	1456.00	0.12	-14.92
1936.00	1456.00	0.12	-15.09
1968.00	1456.00	0.12	-15.20
2000.00	1456.00	0.10	-15.16
2032.00	1456.00	0.10	-15.05
2064.00	1456.00	0.11	-15.00
2096.00	1456.00	0.07	-15.00
2128.00	1456.00	0.02	-14.91
2160.00	1456.00	-0.03	-14.76
2192.00	1456.00	0.03	-14.67
2224.00	1456.00	0.15	-14.72
2256.00	1456.00	0.29	-14.71
2288.00	1456.00	0.39	-14.72
2320.00	1456.00	0.31	-14.73
2352.00	1456.00	0.14	-14.77
2384.00	1456.00	0.11	-14.71
2416.00	1456.00	0.17	-14.68
2448.00	1456.00	0.22	-14.67
2480.00	1456.00	0.11	-14.75
2512.00	1456.00	0.06	-14.77
2544.00	1456.00	0.14	-14.72
2576.00	1456.00	0.23	-14.66
2608.00	1456.00	0.26	-14.54
2640.00	1456.00	0.22	-14.41
2672.00	1456.00	0.20	-14.34
2704.00	1456.00	0.25	-14.32
2736.00	1456.00	0.38	-14.28
2768.00	1456.00	0.38	-14.09
2800.00	1456.00	0.22	-13.89
2832.00	1456.00	-0.02	-13.84
2864.00	1456.00	-0.08	-13.91
2896.00	1456.00	-0.04	-13.93
2928.00	1456.00	-0.02	-13.80
2960.00	1456.00	-0.04	-13.64
2992.00	1456.00	-0.13	-13.52
3024.00	1456.00	-0.33	-13.40
3056.00	1456.00	-0.58	-13.32
3088.00	1456.00	-0.64	-13.24
3120.00	1456.00	-0.54	-13.08
3152.00	1456.00	-0.64	-12.85
3184.00	1456.00	-0.73	-12.65
3216.00	1456.00	-0.81	-12.54
3248.00	1456.00	-0.78	-12.46
3280.00	1456.00	-1.01	-12.36
3312.00	1456.00	-1.23	-12.30
3344.00	1456.00	-1.21	-12.31
3376.00	1456.00	-1.05	-12.35
3408.00	1456.00	-0.95	-12.31
3440.00	1456.00	-0.93	-12.24
3472.00	1456.00	-1.03	-12.09
3504.00	1456.00	-1.09	-12.00
3536.00	1456.00	-1.03	-12.14
3568.00	1456.00	-0.85	-12.39
3600.00	1456.00	-0.68	-12.57
3632.00	1456.00	-0.63	-12.51
3664.00	1456.00	-0.57	-12.44
3696.00	1456.00	-0.43	-12.44
3728.00	1456.00	-0.28	-12.32
3760.00	1456.00	-0.11	-12.02
3792.00	1456.00	-0.15	-11.75
3824.00	1456.00	-0.16	-11.61
3856.00	1456.00	-0.16	-11.62
3888.00	1456.00	-0.00	-11.66
3920.00	1456.00	0.06	-11.53
3952.00	1456.00	-0.02	-11.31
3984.00	1456.00	-0.09	-11.14
4016.00	1456.00	-0.03	-11.15
4048.00	1456.00	0.14	-11.17
4080.00	1456.00	0.18	-11.16
4112.00	1456.00	0.11	-11.22
4144.00	1456.00	0.02	-11.31
4176.00	1456.00	0.08	-11.26
4208.00	1456.00	0.22	-11.11
4240.00	1456.00	0.35	-10.96
4272.00	1456.00	0.40	-10.90
4304.00	1456.00	0.35	-10.75
4336.00	1456.00	0.16	-10.53
4368.00	1456.00	0.02	-10.35
4400.00	1456.00	-0.07	-10.25
4432.00	1456.00	0.01	-10.22
4464.00	1456.00	0.05	-10.12
4496.00	1456.00	0.05	-10.10
4528.00	1456.00	-0.00	-10.21
4560.00	1456.00	-0.07	-10.40
4592.00	1456.00	-0.14	-10.67
4624.00	1456.00	-0.21	-10.87
4656.00	1456.00	-0.24	-10.95
4688.00	1456.00	-0.22	-10.85
4720.00	1456.00	-0.18	-10.76
4752.00	1456.00	-0.17	-10.78
4784.00	1456.00	-0.16	-10.86
4816.00	1456.00	0.01	-10.89
4848.00	1456.00	0.16	-11.03
4880.00	1456.00	0.20	-11.24
4912.00	1456.00	0.12	-11.49
4944.00	1456.00	0.02	-11.61
4976.00	1456.00	-0.08	-11.58
5008.00	1456.00	-0.20	-11.48
5040.00	1456.00	-0.22	-11.41
5072.00	1456.00	-0.10	-11.36
5104.00	1456.00	0.02	-11.25
5136.00	1456.00	0.03	-11.03
5168.00	1456.00	-0.02	-10.89
5200.00	1456.00	-0.03	-10.92
5232.00	1456.00	0.05	-11.06
5264.00	1456.00	0.17	-11.07
5296.00	1456.00	0.25	-10.87
5328.00	1456.00	0.24	-10.54
5360.00	1456.00	0.11	-10.24
5392.00	1456.00	0.00	-10.05
5424.00	1456.00	0.00	-9.91
5456.00	1456.00	0.14	-9.77
5488.00	1456.00	0.20	-9.59
5520.00	1456.00	0.14	-9.37
5552.00	1456.00	0.09	-9.24
5584.00	1456.00	-0.03	-9.12
5616.00	1456.00	-0.21	-9.00
5648.00	1456.00	-0.32	-8.88
5680.00	1456.00	-0.23	-8.78
5712.00	1456.00	-0.19	-8.71
5744.00	1456.00	-0.29	-8.81
5776.00	1456.00	-0.26	-9.47
5808.00	1456.00	-0.01	-10.28
5840.00	1456.00	0.34	-10.87
5872.00	1456.00	0.24	-10.65
5904.00	1456.00	-0.03	-9.77
5936.00	1456.00	-0.10	-8.72
5968.00	1456.00	0.04	-7.95
6000.00	1456.00	0.12	-7.17
6032.00	1456.00	-0.02	-5.70
6064.00	1456.00	-0.05	-3.60
6096.00	1456.00	0.07	-1.57
6128.00	1456.00	0.15	-0.72
6160.00	1456.00	0.15	-1.01
6192.00	1456.00	0.11	-2.53
6224.00	1456.00	0.13	-4.36
6256.00	1456.00	0.31	-6.18
6288.00	1456.00	0.53	-7.30
6320.00	1456.00	0.78	-8.26
6352.00	1456.00	0.85	-8.85
6384.00	1456.00	0.87	-9.39
6416.00	1456.00	0.67	-9.42
6448.00	1456.00	0.48	-9.31
6480.00	1456.00	0.52	-9.12
6512.00	1456.00	0.76	-8.96
6544.00	1456.00	1.02	-8.76
6576.00	1456.00	1.08	-8.65
16.00	1488.00	0.35	-15.30
48.00	1488.00	0.30	-15.25
80.00	1488.00	0.25	-15.23
112.00	1488.00	0.23	-15.28
144.00	1488.00	0.28	-15.35
176.00	1488.00	0.35	-15.42
208.00	1488.00	0.44	-15.45
240.00	1488.00	0.43	-15.47
272.00	1488.00	0.39	-15.43
304.00	1488.00	0.41	-15.35
336.00	1488.00	0.44	-15.26
368.00	1488.00	0.41	-15.18
400.00	1488.00	0.35	-15.12
432.00	1488.00	0.40	-15.19
464.00	1488.00	0.50	-15.33
496.00	1488.00	0.49	-15.43
528.00	1488.00	0.33	-15.36
560.00	1488.00	0.08	-15.37
592.00	1488.00	-0.01	-15.37
624.00	1488.00	0.07	-15.42
656.00	1488.00	0.20	-15.34
688.00	1488.00	0.23	-15.29
720.00	1488.00	0.25	-15.24
752.00	1488.00	0.31	-15.22
784.00	1488.00	0.38	-15.24
816.00	1488.00	0.38	-15.29
848.00	1488.00	0.40	-15.41
880.00	1488.00	0.42	-15.45
912.00	1488.00	0.38	-15.42
944.00	1488.00	0.35	-15.33
976.00	1488.00	0.30	-15.24
1008.00	1488.00	0.30	-15.15
1040.00	1488.00	0.29	-15.02
1072.00	1488.00	0.28	-14.94
1104.00	1488.00	0.34	-14.89
1136.00	1488.00	0.40	-14.86
1168.00	1488.00	0.37	-14.92
1200.00	1488.00	0.26	-15.06
1232.00	1488.00	0.13	-15.21
1264.00	1488.00	0.14	-15.28
1296.00	1488.00	0.17	-15.37
1328.00	1488.00	0.17	-15.40
1360.00	1488.00	0.16	-15.37
1392.00	1488.00	0.17	-15.24
1424.00	1488.00	0.22	-15.17
1456.00	1488.00	0.23	-15.21
1488.00	1488.00	0.14	-15.31
1520.00	1488.00	0.05	-15.41
1552.00	1488.00	0.06	-15.46
1584.00	1488.00	0.07	-15.41
1616.00	1488.00	0.06	-15.34
1648.00	1488.00	0.05	-15.28
1680.00	1488.00	0.17	-15.23
1712.00	1488.00	0.33	-15.16
1744.00	1488.00	0.32	-15.14
1776.00	1488.00	0.24	-15.17
1808.00	1488.00	0.13	-15.12
1840.00	1488.00	0.11	-15.00
1872.00	1488.00	0.11	-14.92
1904.00	1488.00	0.14	-14.96
1936.00	1488.00	0.20	-15.13
1968.00	1488.00	0.24	-15.22
2000.00	1488.00	0.25	-15.17
2032.00	1488.00	0.13	-14.99
2064.00	1488.00	0.11	-14.95
2096.00	1488.00	0.04	-14.96
2128.00	1488.00	0.01	-14.94
2160.00	1488.00	-0.08	-14.80
2192.00	1488.00	-0.05	-14.74
2224.00	1488.00	0.08	-14.79
2256.00	1488.00	0.25	-14.78
2288.00	1488.00	0.38	-14.74
2320.00	1488.00	0.35	-14.70
2352.00	1488.00	0.26	-14.71
2384.00	1488.00	0.22	-14.68
2416.00	1488.00	0.26	-14.63
2448.00	1488.00	0.28	-14.64
2480.00	1488.00	0.20	-14.67
2512.00	1488.00	0.15	-14.66
2544.00	1488.00	0.19	-14.65
2576.00	1488.00	0.24	-14.64
2608.00	1488.00	0.28	-14.58
2640.00	1488.00	0.24	-14.48
2672.00	1488.00	0.27	-14.41
2704.00	1488.00	0.23	-14.32
2736.00	1488.00	0.22	-14.18
2768.00	1488.00	0.16	-13.99
2800.00	1488.00	0.10	-13.91
2832.00	1488.00	0.01	-13.88
2864.00	1488.00	0.01	-13.88
2896.00	1488.00	0.05	-13.83
2928.00	1488.00	0.07	-13.77
2960.00	1488.00	0.09	-13.72
2992.00	1488.00	0.06	-13.63
3024.00	1488.00	-0.17	-13.50
3056.00	1488.00	-0.50	-13.38
3088.00	1488.00	-0.64	-13.28
3120.00	1488.00	-0.55	-13.11
3152.00	1488.00	-0.57	-12.85
3184.00	1488.00	-0.61	-12.64
3216.00	1488.00	-0.68	-12.58
3248.00	1488.00	-0.75	-12.57
3280.00	1488.00	-1.04	-12.51
3312.00	1488.00	-1.29	-12.43
3344.00	1488.00	-1.24	-12.40
3376.00	1488.00	-0.96	-12.45
3408.00	1488.00	-0.77	-12.46
3440.00	1488.00	-0.76	-12.41
3472.00	1488.00	-0.93	-12.28
3504.00	1488.00	-0.99	-12.22
3536.00	1488.00	-0.95	-12.33
3568.00	1488.00	-0.82	-12.49
3600.00	1488.00	-0.73	-12.61
3632.00	1488.00	-0.69	-12.61
3664.00	1488.00	-0.61	-12.57
3696.00	1488.00	-0.47	-12.57
3728.00	1488.00	-0.32	-12.49
3760.00	1488.00	-0.17	-12.35
3792.00	1488.00	-0.17	-12.08
3824.00	1488.00	-0.15	-11.77
3856.00	1488.00	-0.10	-11.54
3888.00	1488.00	0.07	-11.47
3920.00	1488.00	0.13	-11.35
3952.00	1488.00	0.05	-11.16
3984.00	1488.00	-0.01	-11.01
4016.00	1488.00	-0.01	-11.03
4048.00	1488.00	0.08	-11.09
4080.00	1488.00	0.11	-11.13
4112.00	1488.00	0.06	-11.24
4144.00	1488.00	-0.03	-11.27
4176.00	1488.00	-0.03	-11.18
4208.00	1488.00	0.10	-10.98
4240.00	1488.00	0.26	-10.83
4272.00	1488.00	0.34	-10.79
4304.00	1488.00	0.28	-10.72
4336.00	1488.00	0.04	-10.57
4368.00	1488.00	-0.12	-10.39
4400.00	1488.00	-0.19	-10.28
4432.00	1488.00	-0.01	-10.33
4464.00	1488.00	0.08	-10.30
4496.00	1488.00	0.05	-10.21
4528.00	1488.00	-0.02	-10.16
4560.00	1488.00	-0.05	-10.25
4592.00	1488.00	-0.00	-10.56
4624.00	1488.00	-0.03	-10.79
4656.00	1488.00	-0.07	-10.89
4688.00	1488.00	-0.11	-10.80
4720.00	1488.00	-0.10	-10.72
4752.00	1488.00	-0.12	-10.77
4784.00	1488.00	-0.12	-10.90
4816.00	1488.00	-0.05	-11.15
4848.00	1488.00	0.06	-11.44
4880.00	1488.00	0.19	-11.60
4912.00	1488.00	0.22	-11.65
4944.00	1488.00	0.17	-11.59
4976.00	1488.00	0.03	-11.51
5008.00	1488.00	-0.09	-11.35
5040.00	1488.00	-0.09	-11.16
5072.00	1488.00	-0.02	-11.03
5104.00	1488.00	0.07	-11.01
5136.00	1488.00	0.08	-10.92
5168.00	1488.00	0.11	-10.89
5200.00	1488.00	0.14	-10.96
5232.00	1488.00	0.12	-11.17
5264.00	1488.00	0.14	-11.23
5296.00	1488.00	0.24	-11.03
5328.00	1488.00	0.35	-10.66
5360.00	1488.00	0.26	-10.27
5392.00	1488.00	0.01	-9.94
5424.00	1488.00	-0.14	-9.69
5456.00	1488.00	-0.05	-9.56
5488.00	1488.00	0.15	-9.48
5520.00	1488.00	0.22	-9.41
5552.00	1488.00	0.20	-9.35
5584.00	1488.00	0.04	-9.20
5616.00	1488.00	-0.16	-9.00
5648.00	1488.00	-0.25	-8.87
5680.00	1488.00	-0.11	-8.89
5712.00	1488.00	-0.03	-8.94
5744.00	1488.00	-0.11	-9.02
5776.00	1488.00	-0.14	-9.53
5808.00	1488.00	0.04	-10.11
5840.00	1488.00	0.28	-10.57
5872.00	1488.00	0.12	-10.45
5904.00	1488.00	-0.11	-9.82
5936.00	1488.00	-0.20	-8.68
5968.00	1488.00	-0.04	-7.47
6000.00	1488.00	0.11	-6.32
6032.00	1488.00	0.08	-4.90
6064.00	1488.00	0.06	-3.16
6096.00	1488.00	0.10	-1.39
6128.00	1488.00	0.12	-0.76
6160.00	1488.00	0.11	-1.00
6192.00	1488.00	0.04	-2.42
6224.00	1488.00	0.06	-4.01
6256.00	1488.00	0.27	-5.74
6288.00	1488.00	0.54	-7.03
6320.00	1488.00	0.72	-8.22
6352.00	1488.00	0.69	-9.04
6384.00	1488.00	0.58	-9.55
6416.00	1488.00	0.48	-9.51
6448.00	1488.00	0.49	-9.29
6480.00	1488.00	0.75	-9.12
6512.00	1488.00	0.84	-8.95
6544.00	1488.00	0.87	-8.76
6576.00	1488.00	0.70	-8.59
16.00	1520.00	0.41	-15.21
48.00	1520.00	0.37	-15.19
80.00	1520.00	0.33	-15.22
112.00	1520.00	0.35	-15.29
144.00	1520.00	0.41	-15.36
176.00	1520.00	0.48	-15.44
208.00	1520.00	0.54	-15.48
240.00	1520.00	0.43	-15.48
272.00	1520.00	0.36	-15.39
304.00	1520.00	0.39	-15.31
336.00	1520.00	0.44	-15.25
368.00	1520.00	0.39	-15.21
400.00	1520.00	0.32	-15.18
432.00	1520.00	0.40	-15.26
464.00	1520.00	0.51	-15.39
496.00	1520.00	0.56	-15.42
528.00	1520.00	0.49	-15.28
560.00	1520.00	0.24	-15.24
592.00	1520.00	0.07	-15.29
624.00	1520.00	0.10	-15.45
656.00	1520.00	0.27	-15.43
688.00	1520.00	0.32	-15.35
720.00	1520.00	0.29	-15.20
752.00	1520.00	0.34	-15.12
784.00	1520.00	0.42	-15.12
816.00	1520.00	0.43	-15.20
848.00	1520.00	0.44	-15.35
880.00	1520.00	0.46	-15.39
912.00	1520.00	0.41	-15.37
944.00	1520.00	0.34	-15.27
976.00	1520.00	0.24	-15.22
1008.00	1520.00	0.23	-15.17
1040.00	1520.00	0.24	-15.10
1072.00	1520.00	0.24	-15.03
1104.00	1520.00	0.31	-14.97
1136.00	1520.00	0.41	-14.89
1168.00	1520.00	0.40	-14.92
1200.00	1520.00	0.29	-15.05
1232.00	1520.00	0.16	-15.22
1264.00	1520.00	0.18	-15.25
1296.00	1520.00	0.26	-15.27
1328.00	1520.00	0.28	-15.25
1360.00	1520.00	0.23	-15.26
1392.00	1520.00	0.21	-15.19
1424.00	1520.00	0.23	-15.11
1456.00	1520.00	0.28	-15.13
1488.00	1520.00	0.21	-15.23
1520.00	1520.00	0.08	-15.41
1552.00	1520.00	0.05	-15.53
1584.00	1520.00	0.07	-15.48
1616.00	1520.00	0.11	-15.37
1648.00	1520.00	0.11	-15.29
1680.00	1520.00	0.21	-15.25
1712.00	1520.00	0.35	-15.21
1744.00	1520.00	0.37	-15.16
1776.00	1520.00	0.31	-15.23
1808.00	1520.00	0.22	-15.20
1840.00	1520.00	0.19	-15.11
1872.00	1520.00	0.18	-15.00
1904.00	1520.00	0.18	-15.02
1936.00	1520.00	0.23	-15.14
1968.00	1520.00	0.30	-15.16
2000.00	1520.00	0.31	-15.08
2032.00	1520.00	0.14	-14.92
2064.00	1520.00	0.07	-14.91
2096.00	1520.00	0.05	-14.94
2128.00	1520.00	0.08	-14.96
2160.00	1520.00	-0.02	-14.87
2192.00	1520.00	-0.05	-14.83
2224.00	1520.00	0.05	-14.87
2256.00	1520.00	0.23	-14.88
2288.00	1520.00	0.38	-14.82
2320.00	1520.00	0.40	-14.75
2352.00	1520.00	0.34	-14.74
2384.00	1520.00	0.32	-14.74
2416.00	1520.00	0.37	-14.68
2448.00	1520.00	0.40	-14.61
2480.00	1520.00	0.34	-14.56
2512.00	1520.00	0.25	-14.53
2544.00	1520.00	0.26	-14.54
2576.00	1520.00	0.25	-14.57
2608.00	1520.00	0.27	-14.56
2640.00	1520.00	0.25	-14.49
2672.00	1520.00	0.33	-14.47
2704.00	1520.00	0.24	-14.39
2736.00	1520.00	0.12	-14.22
2768.00	1520.00	0.00	-14.08
2800.00	1520.00	0.03	-14.05
2832.00	1520.00	0.04	-14.01
2864.00	1520.00	0.05	-13.87
2896.00	1520.00	0.08	-13.76
2928.00	1520.00	0.13	-13.79
2960.00	1520.00	0.18	-13.84
2992.00	1520.00	0.14	-13.75
3024.00	1520.00	-0.12	-13.56
3056.00	1520.00	-0.43	-13.36
3088.00	1520.00	-0.60	-13.24
3120.00	1520.00	-0.59	-13.11
3152.00	1520.00	-0.60	-12.90
3184.00	1520.00	-0.61	-12.69
3216.00	1520.00	-0.63	-12.61
3248.00	1520.00	-0.72	-12.64
3280.00	1520.00	-0.95	-12.65
3312.00	1520.00	-1.12	-12.56
3344.00	1520.00	-1.05	-12.47
3376.00	1520.00	-0.80	-12.49
3408.00	1520.00	-0.60	-12.56
3440.00	1520.00	-0.64	-12.55
3472.00	1520.00	-0.80	-12.50
3504.00	1520.00	-0.83	-12.51
3536.00	1520.00	-0.72	-12.58
3568.00	1520.00	-0.62	-12.57
3600.00	1520.00	-0.62	-12.55
3632.00	1520.00	-0.63	-12.56
3664.00	1520.00	-0.56	-12.62
3696.00	1520.00	-0.48	-12.64
3728.00	1520.00	-0.39	-12.63
3760.00	1520.00	-0.27	-12.61
3792.00	1520.00	-0.20	-12.40
3824.00	1520.00	-0.13	-12.07
3856.00	1520.00	-0.02	-11.75
3888.00	1520.00	0.14	-11.52
3920.00	1520.00	0.24	-11.35
3952.00	1520.00	0.20	-11.17
3984.00	1520.00	0.11	-11.07
4016.00	1520.00	0.06	-11.07
4048.00	1520.00	0.07	-11.10
4080.00	1520.00	0.10	-11.14
4112.00	1520.00	0.05	-11.20
4144.00	1520.00	-0.03	-11.22
4176.00	1520.00	-0.04	-11.17
4208.00	1520.00	0.04	-10.99
4240.00	1520.00	0.19	-10.81
4272.00	1520.00	0.24	-10.72
4304.00	1520.00	0.18	-10.67
4336.00	1520.00	-0.09	-10.58
4368.00	1520.00	-0.28	-10.45
4400.00	1520.00	-0.32	-10.38
4432.00	1520.00	-0.10	-10.48
4464.00	1520.00	0.03	-10.49
4496.00	1520.00	0.01	-10.36
4528.00	1520.00	-0.02	-10.20
4560.00	1520.00	-0.01	-10.16
4592.00	1520.00	0.08	-10.39
4624.00	1520.00	0.08	-10.58
4656.00	1520.00	0.08	-10.73
4688.00	1520.00	0.06	-10.76
4720.00	1520.00	0.05	-10.81
4752.00	1520.00	0.00	-10.91
4784.00	1520.00	-0.04	-11.05
4816.00	1520.00	-0.04	-11.33
4848.00	1520.00	-0.00	-11.66
4880.00	1520.00	0.12	-11.78
4912.00	1520.00	0.15	-11.75
4944.00	1520.00	0.19	-11.58
4976.00	1520.00	0.10	-11.44
5008.00	1520.00	0.03	-11.23
5040.00	1520.00	-0.02	-10.97
5072.00	1520.00	0.01	-10.82
5104.00	1520.00	0.08	-10.86
5136.00	1520.00	0.10	-10.80
5168.00	1520.00	0.20	-10.80
5200.00	1520.00	0.26	-10.84
5232.00	1520.00	0.20	-11.08
5264.00	1520.00	0.15	-11.18
5296.00	1520.00	0.24	-11.06
5328.00	1520.00	0.41	-10.75
5360.00	1520.00	0.31	-10.39
5392.00	1520.00	-0.04	-10.06
5424.00	1520.00	-0.31	-9.83
5456.00	1520.00	-0.25	-9.69
5488.00	1520.00	0.02	-9.63
5520.00	1520.00	0.15	-9.60
5552.00	1520.00	0.11	-9.51
5584.00	1520.00	-0.07	-9.33
5616.00	1520.00	-0.23	-9.13
5648.00	1520.00	-0.23	-9.06
5680.00	1520.00	-0.04	-9.18
5712.00	1520.00	0.06	-9.32
5744.00	1520.00	0.03	-9.42
5776.00	1520.00	0.04	-9.64
5808.00	1520.00	0.15	-9.89
5840.00	1520.00	0.21	-10.12
5872.00	1520.00	0.03	-10.11
5904.00	1520.00	-0.16	-9.76
5936.00	1520.00	-0.24	-8.63
5968.00	1520.00	-0.12	-7.06
6000.00	1520.00	0.03	-5.52
6032.00	1520.00	0.09	-4.10
6064.00	1520.00	0.08	-2.78
6096.00	1520.00	0.09	-1.26
6128.00	1520.00	0.12	-0.77
6160.00	1520.00	0.11	-0.96
6192.00	1520.00	0.06	-2.27
6224.00	1520.00	0.10	-3.51
6256.00	1520.00	0.32	-5.14
6288.00	1520.00	0.61	-6.65
6320.00	1520.00	0.69	-8.24
6352.00	1520.00	0.56	-9.35
6384.00	1520.00	0.42	-9.84
6416.00	1520.00	0.56	-9.73
6448.00	1520.00	0.85	-9.36
6480.00	1520.00	1.15	-9.09
6512.00	1520.00	1.05	-8.92
6544.00	1520.00	0.67	-8.70
6576.00	1520.00	0.31	-8.54
16.00	1552.00	0.33	-15.12
48.00	1552.00	0.34	-15.15
80.00	1552.00	0.32	-15.22
112.00	1552.00	0.37	-15.35
144.00	1552.00	0.40	-15.39
176.00	1552.00	0.43	-15.40
208.00	1552.00	0.44	-15.41
240.00	1552.00	0.31	-15.40
272.00	1552.00	0.26	-15.34
304.00	1552.00	0.30	-15.29
336.00	1552.00	0.36	-15.26
368.00	1552.00	0.36	-15.25
400.00	1552.00	0.35	-15.25
432.00	1552.00	0.44	-15.30
464.00	1552.00	0.49	-15.34
496.00	1552.00	0.55	-15.30
528.00	1552.00	0.56	-15.12
560.00	1552.00	0.40	-15.07
592.00	1552.00	0.20	-15.13
624.00	1552.00	0.18	-15.36
656.00	1552.00	0.32	-15.38
688.00	1552.00	0.37	-15.32
720.00	1552.00	0.31	-15.16
752.00	1552.00	0.29	-15.10
784.00	1552.00	0.35	-15.09
816.00	1552.00	0.40	-15.16
848.00	1552.00	0.44	-15.28
880.00	1552.00	0.47	-15.31
912.00	1552.00	0.41	-15.31
944.00	1552.00	0.33	-15.21
976.00	1552.00	0.21	-15.18
1008.00	1552.00	0.17	-15.18
1040.00	1552.00	0.16	-15.20
1072.00	1552.00	0.16	-15.15
1104.00	1552.00	0.23	-15.05
1136.00	1552.00	0.38	-14.96
1168.00	1552.00	0.45	-14.98
1200.00	1552.00	0.38	-15.12
1232.00	1552.00	0.27	-15.26
1264.00	1552.00	0.28	-15.27
1296.00	1552.00	0.38	-15.20
1328.00	1552.00	0.41	-15.11
1360.00	1552.00	0.35	-15.10
1392.00	1552.00	0.26	-15.10
1424.00	1552.00	0.26	-15.10
1456.00	1552.00	0.31	-15.14
1488.00	1552.00	0.28	-15.24
1520.00	1552.00	0.17	-15.37
1552.00	1552.00	0.12	-15.47
1584.00	1552.00	0.16	-15.39
1616.00	1552.00	0.20	-15.25
1648.00	1552.00	0.22	-15.18
1680.00	1552.00	0.25	-15.20
1712.00	1552.00	0.32	-15.20
1744.00	1552.00	0.32	-15.13
1776.00	1552.00	0.30	-15.19
1808.00	1552.00	0.23	-15.25
1840.00	1552.00	0.21	-15.23
1872.00	1552.00	0.24	-15.08
1904.00	1552.00	0.24	-15.05
1936.00	1552.00	0.25	-15.13
1968.00	1552.00	0.23	-15.14
2000.00	1552.00	0.23	-15.04
2032.00	1552.00	0.09	-14.88
2064.00	1552.00	0.02	-14.85
2096.00	1552.00	0.05	-14.87
2128.00	1552.00	0.18	-14.92
2160.00	1552.00	0.17	-14.90
2192.00	1552.00	0.10	-14.89
2224.00	1552.00	0.14	-14.91
2256.00	1552.00	0.27	-14.95
2288.00	1552.00	0.41	-14.92
2320.00	1552.00	0.43	-14.82
2352.00	1552.00	0.37	-14.79
2384.00	1552.00	0.35	-14.78
2416.00	1552.00	0.38	-14.75
2448.00	1552.00	0.44	-14.66
2480.00	1552.00	0.42	-14.60
2512.00	1552.00	0.39	-14.57
2544.00	1552.00	0.41	-14.57
2576.00	1552.00	0.37	-14.57
2608.00	1552.00	0.33	-14.50
2640.00	1552.00	0.24	-14.43
2672.00	1552.00	0.31	-14.44
2704.00	1552.00	0.21	-14.39
2736.00	1552.00	0.11	-14.28
2768.00	1552.00	0.01	-14.21
2800.00	1552.00	0.05	-14.23
2832.00	1552.00	0.11	-14.17
2864.00	1552.00	0.11	-13.94
2896.00	1552.00	0.18	-13.78
2928.00	1552.00	0.22	-13.80
2960.00	1552.00	0.23	-13.85
2992.00	1552.00	0.16	-13.76
3024.00	1552.00	-0.07	-13.52
3056.00	1552.00	-0.30	-13.24
3088.00	1552.00	-0.49	-13.12
3120.00	1552.00	-0.53	-13.07
3152.00	1552.00	-0.57	-12.99
3184.00	1552.00	-0.59	-12.83
3216.00	1552.00	-0.62	-12.70
3248.00	1552.00	-0.70	-12.68
3280.00	1552.00	-0.82	-12.68
3312.00	1552.00	-0.84	-12.68
3344.00	1552.00	-0.78	-12.63
3376.00	1552.00	-0.65	-12.64
3408.00	1552.00	-0.56	-12.67
3440.00	1552.00	-0.61	-12.70
3472.00	1552.00	-0.72	-12.69
3504.00	1552.00	-0.72	-12.70
3536.00	1552.00	-0.56	-12.72
3568.00	1552.00	-0.47	-12.62
3600.00	1552.00	-0.50	-12.54
3632.00	1552.00	-0.55	-12.54
3664.00	1552.00	-0.52	-12.62
3696.00	1552.00	-0.49	-12.65
3728.00	1552.00	-0.46	-12.65
3760.00	1552.00	-0.38	-12.73
3792.00	1552.00	-0.29	-12.63
3824.00	1552.00	-0.19	-12.38
3856.00	1552.00	-0.04	-12.00
3888.00	1552.00	0.12	-11.67
3920.00	1552.00	0.23	-11.42
3952.00	1552.00	0.20	-11.29
3984.00	1552.00	0.15	-11.25
4016.00	1552.00	0.10	-11.24
4048.00	1552.00	0.11	-11.18
4080.00	1552.00	0.15	-11.17
4112.00	1552.00	0.12	-11.16
4144.00	1552.00	0.04	-11.14
4176.00	1552.00	-0.04	-11.14
4208.00	1552.00	-0.05	-11.03
4240.00	1552.00	0.03	-10.88
4272.00	1552.00	0.07	-10.71
4304.00	1552.00	0.00	-10.60
4336.00	1552.00	-0.21	-10.57
4368.00	1552.00	-0.43	-10.57
4400.00	1552.00	-0.46	-10.60
4432.00	1552.00	-0.27	-10.66
4464.00	1552.00	-0.05	-10.61
4496.00	1552.00	0.04	-10.51
4528.00	1552.00	0.09	-10.39
4560.00	1552.00	0.07	-10.28
4592.00	1552.00	0.07	-10.32
4624.00	1552.00	0.05	-10.42
4656.00	1552.00	0.14	-10.63
4688.00	1552.00	0.17	-10.83
4720.00	1552.00	0.15	-11.01
4752.00	1552.00	0.08	-11.18
4784.00	1552.00	0.04	-11.33
4816.00	1552.00	-0.01	-11.54
4848.00	1552.00	-0.02	-11.72
4880.00	1552.00	0.00	-11.73
4912.00	1552.00	-0.00	-11.65
4944.00	1552.00	0.08	-11.51
4976.00	1552.00	0.08	-11.38
5008.00	1552.00	0.04	-11.14
5040.00	1552.00	-0.10	-10.85
5072.00	1552.00	-0.12	-10.71
5104.00	1552.00	-0.04	-10.81
5136.00	1552.00	0.03	-10.76
5168.00	1552.00	0.18	-10.69
5200.00	1552.00	0.23	-10.61
5232.00	1552.00	0.15	-10.84
5264.00	1552.00	0.06	-11.00
5296.00	1552.00	0.11	-10.98
5328.00	1552.00	0.29	-10.79
5360.00	1552.00	0.23	-10.55
5392.00	1552.00	-0.07	-10.34
5424.00	1552.00	-0.34	-10.17
5456.00	1552.00	-0.33	-10.04
5488.00	1552.00	-0.12	-9.95
5520.00	1552.00	0.04	-9.85
5552.00	1552.00	0.02	-9.72
5584.00	1552.00	-0.15	-9.54
5616.00	1552.00	-0.32	-9.36
5648.00	1552.00	-0.31	-9.30
5680.00	1552.00	-0.12	-9.43
5712.00	1552.00	-0.03	-9.71
5744.00	1552.00	0.00	-9.88
5776.00	1552.00	0.04	-9.75
5808.00	1552.00	0.09	-9.50
5840.00	1552.00	0.05	-9.41
5872.00	1552.00	-0.14	-9.43
5904.00	1552.00	-0.23	-9.43
5936.00	1552.00	-0.23	-8.67
5968.00	1552.00	-0.11	-7.16
6000.00	1552.00	-0.01	-5.49
6032.00	1552.00	-0.01	-4.16
6064.00	1552.00	-0.02	-2.94
6096.00	1552.00	0.04	-1.48
6128.00	1552.00	0.16	-0.76
6160.00	1552.00	0.17	-1.01
6192.00	1552.00	0.10	-2.17
6224.00	1552.00	0.10	-3.34
6256.00	1552.00	0.32	-5.11
6288.00	1552.00	0.61	-6.90
6320.00	1552.00	0.68	-8.54
6352.00	1552.00	0.59	-9.36
6384.00	1552.00	0.58	-9.66
6416.00	1552.00	0.83	-9.54
6448.00	1552.00	1.23	-9.37
6480.00	1552.00	1.51	-9.28
6512.00	1552.00	1.34	-9.27
6544.00	1552.00	0.72	-9.25
6576.00	1552.00	0.27	-9.18
16.00	1584.00	0.19	-15.12
48.00	1584.00	0.27	-15.18
80.00	1584.00	0.29	-15.31
112.00	1584.00	0.32	-15.48
144.00	1584.00	0.28	-15.49
176.00	1584.00	0.24	-15.40
208.00	1584.00	0.24	-15.33
240.00	1584.00	0.17	-15.30
272.00	1584.00	0.20	-15.28
304.00	1584.00	0.26	-15.27
336.00	1584.00	0.34	-15.28
368.00	1584.00	0.35	-15.33
400.00	1584.00	0.36	-15.35
432.00	1584.00	0.40	-15.35
464.00	1584.00	0.41	-15.34
496.00	1584.00	0.46	-15.29
528.00	1584.00	0.47	-15.19
560.00	1584.00	0.38	-15.06
592.00	1584.00	0.27	-15.07
624.00	1584.00	0.28	-15.25
656.00	1584.00	0.40	-15.36
688.00	1584.00	0.42	-15.33
720.00	1584.00	0.32	-15.16
752.00	1584.00	0.23	-15.07
784.00	1584.00	0.26	-15.05
816.00	1584.00	0.37	-15.13
848.00	1584.00	0.43	-15.24
880.00	1584.00	0.46	-15.26
912.00	1584.00	0.38	-15.25
944.00	1584.00	0.31	-15.21
976.00	1584.00	0.21	-15.23
1008.00	1584.00	0.14	-15.27
1040.00	1584.00	0.10	-15.26
1072.00	1584.00	0.08	-15.19
1104.00	1584.00	0.11	-15.13
1136.00	1584.00	0.24	-15.10
1168.00	1584.00	0.35	-15.15
1200.00	1584.00	0.38	-15.24
1232.00	1584.00	0.34	-15.35
1264.00	1584.00	0.35	-15.32
1296.00	1584.00	0.42	-15.16
1328.00	1584.00	0.47	-15.02
1360.00	1584.00	0.47	-14.98
1392.00	1584.00	0.44	-15.01
1424.00	1584.00	0.42	-15.05
1456.00	1584.00	0.41	-15.14
1488.00	1584.00	0.33	-15.26
1520.00	1584.00	0.23	-15.32
1552.00	1584.00	0.18	-15.31
1584.00	1584.00	0.22	-15.18
1616.00	1584.00	0.25	-15.08
1648.00	1584.00	0.28	-15.08
1680.00	1584.00	0.30	-15.17
1712.00	1584.00	0.32	-15.19
1744.00	1584.00	0.29	-15.12
1776.00	1584.00	0.29	-15.12
1808.00	1584.00	0.21	-15.16
1840.00	1584.00	0.18	-15.18
1872.00	1584.00	0.23	-15.07
1904.00	1584.00	0.27	-15.05
1936.00	1584.00	0.25	-15.09
1968.00	1584.00	0.20	-15.07
2000.00	1584.00	0.21	-14.95
2032.00	1584.00	0.18	-14.79
2064.00	1584.00	0.14	-14.73
2096.00	1584.00	0.21	-14.74
2128.00	1584.00	0.36	-14.80
2160.00	1584.00	0.37	-14.84
2192.00	1584.00	0.29	-14.83
2224.00	1584.00	0.25	-14.86
2256.00	1584.00	0.32	-14.95
2288.00	1584.00	0.40	-14.99
2320.00	1584.00	0.38	-14.92
2352.00	1584.00	0.33	-14.83
2384.00	1584.00	0.34	-14.80
2416.00	1584.00	0.40	-14.78
2448.00	1584.00	0.47	-14.72
2480.00	1584.00	0.47	-14.65
2512.00	1584.00	0.50	-14.61
2544.00	1584.00	0.56	-14.55
2576.00	1584.00	0.57	-14.48
2608.00	1584.00	0.46	-14.39
2640.00	1584.00	0.30	-14.39
2672.00	1584.00	0.28	-14.44
2704.00	1584.00	0.25	-14.43
2736.00	1584.00	0.25	-14.34
2768.00	1584.00	0.23	-14.31
2800.00	1584.00	0.25	-14.34
2832.00	1584.00	0.24	-14.34
2864.00	1584.00	0.18	-14.17
2896.00	1584.00	0.25	-13.99
2928.00	1584.00	0.30	-13.87
2960.00	1584.00	0.31	-13.78
2992.00	1584.00	0.24	-13.67
3024.00	1584.00	0.07	-13.47
3056.00	1584.00	-0.10	-13.19
3088.00	1584.00	-0.29	-13.05
3120.00	1584.00	-0.36	-13.04
3152.00	1584.00	-0.38	-13.04
3184.00	1584.00	-0.44	-12.92
3216.00	1584.00	-0.53	-12.72
3248.00	1584.00	-0.65	-12.62
3280.00	1584.00	-0.67	-12.56
3312.00	1584.00	-0.58	-12.59
3344.00	1584.00	-0.48	-12.61
3376.00	1584.00	-0.44	-12.66
3408.00	1584.00	-0.44	-12.67
3440.00	1584.00	-0.50	-12.70
3472.00	1584.00	-0.58	-12.69
3504.00	1584.00	-0.59	-12.73
3536.00	1584.00	-0.47	-12.77
3568.00	1584.00	-0.40	-12.72
3600.00	1584.00	-0.42	-12.66
3632.00	1584.00	-0.46	-12.63
3664.00	1584.00	-0.45	-12.63
3696.00	1584.00	-0.42	-12.60
3728.00	1584.00	-0.42	-12.56
3760.00	1584.00	-0.36	-12.63
3792.00	1584.00	-0.28	-12.62
3824.00	1584.00	-0.21	-12.42
3856.00	1584.00	-0.10	-12.09
3888.00	1584.00	0.04	-11.73
3920.00	1584.00	0.14	-11.50
3952.00	1584.00	0.14	-11.41
3984.00	1584.00	0.10	-11.40
4016.00	1584.00	0.11	-11.35
4048.00	1584.00	0.14	-11.22
4080.00	1584.00	0.15	-11.14
4112.00	1584.00	0.14	-11.06
4144.00	1584.00	0.06	-11.03
4176.00	1584.00	-0.07	-11.03
4208.00	1584.00	-0.16	-11.02
4240.00	1584.00	-0.19	-10.89
4272.00	1584.00	-0.16	-10.71
4304.00	1584.00	-0.15	-10.60
4336.00	1584.00	-0.16	-10.64
4368.00	1584.00	-0.29	-10.76
4400.00	1584.00	-0.33	-10.83
4432.00	1584.00	-0.21	-10.81
4464.00	1584.00	0.07	-10.67
4496.00	1584.00	0.22	-10.55
4528.00	1584.00	0.24	-10.46
4560.00	1584.00	0.10	-10.40
4592.00	1584.00	0.01	-10.42
4624.00	1584.00	-0.00	-10.52
4656.00	1584.00	0.13	-10.76
4688.00	1584.00	0.16	-11.02
4720.00	1584.00	0.09	-11.25
4752.00	1584.00	0.03	-11.45
4784.00	1584.00	0.05	-11.55
4816.00	1584.00	0.05	-11.63
4848.00	1584.00	0.02	-11.61
4880.00	1584.00	-0.07	-11.55
4912.00	1584.00	-0.15	-11.52
4944.00	1584.00	-0.09	-11.49
4976.00	1584.00	-0.02	-11.38
5008.00	1584.00	-0.05	-11.12
5040.00	1584.00	-0.26	-10.80
5072.00	1584.00	-0.33	-10.66
5104.00	1584.00	-0.28	-10.75
5136.00	1584.00	-0.20	-10.74
5168.00	1584.00	-0.07	-10.67
5200.00	1584.00	0.07	-10.55
5232.00	1584.00	0.09	-10.69
5264.00	1584.00	0.05	-10.85
5296.00	1584.00	-0.02	-10.81
5328.00	1584.00	0.04	-10.69
5360.00	1584.00	-0.03	-10.54
5392.00	1584.00	-0.14	-10.43
5424.00	1584.00	-0.24	-10.29
5456.00	1584.00	-0.21	-10.15
5488.00	1584.00	-0.08	-10.07
5520.00	1584.00	0.04	-9.97
5552.00	1584.00	-0.04	-9.86
5584.00	1584.00	-0.27	-9.66
5616.00	1584.00	-0.49	-9.48
5648.00	1584.00	-0.44	-9.46
5680.00	1584.00	-0.28	-9.64
5712.00	1584.00	-0.24	-9.97
5744.00	1584.00	-0.20	-10.17
5776.00	1584.00	-0.16	-9.84
5808.00	1584.00	-0.12	-9.38
5840.00	1584.00	-0.13	-9.08
5872.00	1584.00	-0.22	-9.13
5904.00	1584.00	-0.17	-9.25
5936.00	1584.00	-0.12	-8.68
5968.00	1584.00	-0.05	-7.40
6000.00	1584.00	-0.09	-5.85
6032.00	1584.00	-0.13	-4.73
6064.00	1584.00	-0.11	-3.32
6096.00	1584.00	0.03	-1.71
6128.00	1584.00	0.18	-0.68
6160.00	1584.00	0.27	-1.21
6192.00	1584.00	0.16	-2.39
6224.00	1584.00	0.16	-3.96
6256.00	1584.00	0.28	-5.80
6288.00	1584.00	0.57	-7.73
6320.00	1584.00	0.64	-8.89
6352.00	1584.00	0.56	-9.29
6384.00	1584.00	0.64	-9.30
6416.00	1584.00	0.97	-9.17
6448.00	1584.00	1.42	-9.18
6480.00	1584.00	1.54	-9.39
6512.00	1584.00	1.29	-9.74
6544.00	1584.00	0.56	-10.04
6576.00	1584.00	0.16	-10.18
16.00	1616.00	0.12	-15.19
48.00	1616.00	0.22	-15.21
80.00	1616.00	0.26	-15.28
112.00	1616.00	0.28	-15.39
144.00	1616.00	0.21	-15.39
176.00	1616.00	0.17	-15.30
208.00	1616.00	0.18	-15.23
240.00	1616.00	0.15	-15.22
272.00	1616.00	0.20	-15.25
304.00	1616.00	0.31	-15.27
336.00	1616.00	0.38	-15.33
368.00	1616.00	0.39	-15.41
400.00	1616.00	0.33	-15.44
432.00	1616.00	0.31	-15.42
464.00	1616.00	0.31	-15.41
496.00	1616.00	0.34	-15.39
528.00	1616.00	0.39	-15.32
560.00	1616.00	0.40	-15.16
592.00	1616.00	0.37	-15.10
624.00	1616.00	0.35	-15.22
656.00	1616.00	0.37	-15.33
688.00	1616.00	0.35	-15.30
720.00	1616.00	0.25	-15.15
752.00	1616.00	0.14	-15.03
784.00	1616.00	0.19	-15.02
816.00	1616.00	0.34	-15.13
848.00	1616.00	0.41	-15.25
880.00	1616.00	0.40	-15.32
912.00	1616.00	0.31	-15.28
944.00	1616.00	0.28	-15.28
976.00	1616.00	0.22	-15.31
1008.00	1616.00	0.17	-15.36
1040.00	1616.00	0.11	-15.32
1072.00	1616.00	0.08	-15.25
1104.00	1616.00	0.09	-15.24
1136.00	1616.00	0.17	-15.23
1168.00	1616.00	0.27	-15.28
1200.00	1616.00	0.32	-15.34
1232.00	1616.00	0.31	-15.42
1264.00	1616.00	0.26	-15.36
1296.00	1616.00	0.27	-15.25
1328.00	1616.00	0.37	-15.15
1360.00	1616.00	0.48	-15.10
1392.00	1616.00	0.55	-15.07
1424.00	1616.00	0.53	-15.10
1456.00	1616.00	0.44	-15.21
1488.00	1616.00	0.32	-15.33
1520.00	1616.00	0.23	-15.33
1552.00	1616.00	0.20	-15.20
1584.00	1616.00	0.26	-15.01
1616.00	1616.00	0.32	-14.94
1648.00	1616.00	0.34	-15.02
1680.00	1616.00	0.33	-15.18
1712.00	1616.00	0.31	-15.23
1744.00	1616.00	0.29	-15.15
1776.00	1616.00	0.30	-15.08
1808.00	1616.00	0.19	-15.09
1840.00	1616.00	0.18	-15.12
1872.00	1616.00	0.26	-15.08
1904.00	1616.00	0.32	-15.06
1936.00	1616.00	0.30	-15.06
1968.00	1616.00	0.25	-15.04
2000.00	1616.00	0.31	-14.93
2032.00	1616.00	0.35	-14.74
2064.00	1616.00	0.37	-14.65
2096.00	1616.00	0.40	-14.64
2128.00	1616.00	0.45	-14.71
2160.00	1616.00	0.41	-14.76
2192.00	1616.00	0.32	-14.76
2224.00	1616.00	0.28	-14.76
2256.00	1616.00	0.33	-14.85
2288.00	1616.00	0.37	-14.93
2320.00	1616.00	0.34	-14.95
2352.00	1616.00	0.28	-14.86
2384.00	1616.00	0.35	-14.79
2416.00	1616.00	0.46	-14.76
2448.00	1616.00	0.49	-14.71
2480.00	1616.00	0.45	-14.68
2512.00	1616.00	0.45	-14.63
2544.00	1616.00	0.57	-14.50
2576.00	1616.00	0.65	-14.37
2608.00	1616.00	0.55	-14.27
2640.00	1616.00	0.34	-14.33
2672.00	1616.00	0.24	-14.41
2704.00	1616.00	0.29	-14.45
2736.00	1616.00	0.42	-14.36
2768.00	1616.00	0.51	-14.28
2800.00	1616.00	0.52	-14.24
2832.00	1616.00	0.43	-14.29
2864.00	1616.00	0.30	-14.26
2896.00	1616.00	0.35	-14.11
2928.00	1616.00	0.48	-13.88
2960.00	1616.00	0.55	-13.66
2992.00	1616.00	0.49	-13.52
3024.00	1616.00	0.32	-13.38
3056.00	1616.00	0.13	-13.19
3088.00	1616.00	-0.03	-13.05
3120.00	1616.00	-0.08	-12.99
3152.00	1616.00	-0.08	-12.97
3184.00	1616.00	-0.16	-12.85
3216.00	1616.00	-0.33	-12.67
3248.00	1616.00	-0.48	-12.52
3280.00	1616.00	-0.52	-12.41
3312.00	1616.00	-0.42	-12.47
3344.00	1616.00	-0.29	-12.58
3376.00	1616.00	-0.30	-12.71
3408.00	1616.00	-0.36	-12.72
3440.00	1616.00	-0.46	-12.70
3472.00	1616.00	-0.52	-12.66
3504.00	1616.00	-0.56	-12.68
3536.00	1616.00	-0.56	-12.74
3568.00	1616.00	-0.53	-12.81
3600.00	1616.00	-0.54	-12.81
3632.00	1616.00	-0.50	-12.78
3664.00	1616.00	-0.46	-12.69
3696.00	1616.00	-0.40	-12.62
3728.00	1616.00	-0.39	-12.57
3760.00	1616.00	-0.34	-12.60
3792.00	1616.00	-0.26	-12.57
3824.00	1616.00	-0.22	-12.36
3856.00	1616.00	-0.16	-12.02
3888.00	1616.00	-0.07	-11.73
3920.00	1616.00	0.01	-11.52
3952.00	1616.00	0.01	-11.47
3984.00	1616.00	-0.04	-11.37
4016.00	1616.00	0.00	-11.29
4048.00	1616.00	0.03	-11.16
4080.00	1616.00	0.05	-11.09
4112.00	1616.00	0.05	-11.04
4144.00	1616.00	0.01	-10.99
4176.00	1616.00	-0.13	-10.95
4208.00	1616.00	-0.25	-10.93
4240.00	1616.00	-0.44	-10.82
4272.00	1616.00	-0.42	-10.67
4304.00	1616.00	-0.37	-10.57
4336.00	1616.00	-0.20	-10.66
4368.00	1616.00	-0.20	-10.86
4400.00	1616.00	-0.19	-10.94
4432.00	1616.00	-0.08	-10.88
4464.00	1616.00	0.17	-10.67
4496.00	1616.00	0.27	-10.49
4528.00	1616.00	0.26	-10.36
4560.00	1616.00	0.11	-10.38
4592.00	1616.00	-0.01	-10.51
4624.00	1616.00	-0.01	-10.72
4656.00	1616.00	0.09	-10.96
4688.00	1616.00	0.08	-11.13
4720.00	1616.00	-0.06	-11.24
4752.00	1616.00	-0.16	-11.39
4784.00	1616.00	-0.09	-11.50
4816.00	1616.00	0.01	-11.59
4848.00	1616.00	0.06	-11.52
4880.00	1616.00	-0.03	-11.47
4912.00	1616.00	-0.12	-11.46
4944.00	1616.00	-0.13	-11.46
4976.00	1616.00	-0.10	-11.40
5008.00	1616.00	-0.20	-11.18
5040.00	1616.00	-0.39	-10.82
5072.00	1616.00	-0.49	-10.52
5104.00	1616.00	-0.52	-10.56
5136.00	1616.00	-0.49	-10.68
5168.00	1616.00	-0.37	-10.73
5200.00	1616.00	-0.14	-10.66
5232.00	1616.00	-0.03	-10.77
5264.00	1616.00	-0.08	-10.85
5296.00	1616.00	-0.27	-10.69
5328.00	1616.00	-0.36	-10.48
5360.00	1616.00	-0.39	-10.38
5392.00	1616.00	-0.30	-10.34
5424.00	1616.00	-0.20	-10.24
5456.00	1616.00	-0.10	-10.08
5488.00	1616.00	-0.05	-9.98
5520.00	1616.00	0.00	-9.89
5552.00	1616.00	-0.08	-9.86
5584.00	1616.00	-0.24	-9.77
5616.00	1616.00	-0.41	-9.61
5648.00	1616.00	-0.51	-9.52
5680.00	1616.00	-0.47	-9.65
5712.00	1616.00	-0.43	-9.99
5744.00	1616.00	-0.27	-10.28
5776.00	1616.00	-0.27	-9.98
5808.00	1616.00	-0.22	-9.55
5840.00	1616.00	-0.23	-9.16
5872.00	1616.00	-0.17	-9.14
5904.00	1616.00	-0.10	-9.09
5936.00	1616.00	-0.04	-8.43
5968.00	1616.00	-0.03	-7.25
6000.00	1616.00	-0.20	-5.89
6032.00	1616.00	-0.29	-4.90
6064.00	1616.00	-0.21	-3.28
6096.00	1616.00	0.01	-1.61
6128.00	1616.00	0.18	-0.59
6160.00	1616.00	0.30	-1.39
6192.00	1616.00	0.26	-2.95
6224.00	1616.00	0.30	-4.87
6256.00	1616.00	0.38	-6.55
6288.00	1616.00	0.59	-8.00
6320.00	1616.00	0.61	-8.77
6352.00	1616.00	0.43	-9.09
6384.00	1616.00	0.50	-9.03
6416.00	1616.00	0.88	-8.80
6448.00	1616.00	1.40	-8.94
6480.00	1616.00	1.51	-9.41
6512.00	1616.00	1.17	-9.99
6544.00	1616.00	0.54	-10.47
6576.00	1616.00	0.20	-10.68
16.00	1648.00	0.13	-15.26
48.00	1648.00	0.22	-15.24
80.00	1648.00	0.27	-15.21
112.00	1648.00	0.27	-15.22
144.00	1648.00	0.23	-15.23
176.00	1648.00	0.24	-15.25
208.00	1648.00	0.27	-15.27
240.00	1648.00	0.23	-15.29
272.00	1648.00	0.23	-15.30
304.00	1648.00	0.30	-15.32
336.00	1648.00	0.36	-15.39
368.00	1648.00	0.36	-15.50
400.00	1648.00	0.28	-15.53
432.00	1648.00	0.21	-15.48
464.00	1648.00	0.19	-15.44
496.00	1648.00	0.22	-15.42
528.00	1648.00	0.34	-15.39
560.00	1648.00	0.44	-15.26
592.00	1648.00	0.47	-15.20
624.00	1648.00	0.37	-15.28
656.00	1648.00	0.28	-15.38
688.00	1648.00	0.21	-15.29
720.00	1648.00	0.13	-15.15
752.00	1648.00	0.07	-15.01
784.00	1648.00	0.17	-15.06
816.00	1648.00	0.33	-15.16
848.00	1648.00	0.36	-15.28
880.00	1648.00	0.29	-15.36
912.00	1648.00	0.18	-15.33
944.00	1648.00	0.19	-15.35
976.00	1648.00	0.19	-15.41
1008.00	1648.00	0.23	-15.42
1040.00	1648.00	0.22	-15.35
1072.00	1648.00	0.19	-15.29
1104.00	1648.00	0.19	-15.34
1136.00	1648.00	0.22	-15.32
1168.00	1648.00	0.27	-15.31
1200.00	1648.00	0.30	-15.33
1232.00	1648.00	0.31	-15.40
1264.00	1648.00	0.22	-15.33
1296.00	1648.00	0.16	-15.25
1328.00	1648.00	0.25	-15.22
1360.00	1648.00	0.37	-15.25
1392.00	1648.00	0.47	-15.25
1424.00	1648.00	0.41	-15.26
1456.00	1648.00	0.31	-15.30
1488.00	1648.00	0.20	-15.33
1520.00	1648.00	0.18	-15.29
1552.00	1648.00	0.22	-15.15
1584.00	1648.00	0.31	-14.98
1616.00	1648.00	0.40	-14.95
1648.00	1648.00	0.40	-15.07
1680.00	1648.00	0.37	-15.24
1712.00	1648.00	0.31	-15.26
1744.00	1648.00	0.29	-15.18
1776.00	1648.00	0.26	-15.07
1808.00	1648.00	0.19	-15.03
1840.00	1648.00	0.24	-15.09
1872.00	1648.00	0.35	-15.13
1904.00	1648.00	0.39	-15.11
1936.00	1648.00	0.37	-15.07
1968.00	1648.00	0.37	-14.94
2000.00	1648.00	0.47	-14.82
2032.00	1648.00	0.49	-14.64
2064.00	1648.00	0.46	-14.62
2096.00	1648.00	0.45	-14.64
2128.00	1648.00	0.44	-14.70
2160.00	1648.00	0.33	-14.74
2192.00	1648.00	0.24	-14.73
2224.00	1648.00	0.21	-14.72
2256.00	1648.00	0.32	-14.77
2288.00	1648.00	0.36	-14.84
2320.00	1648.00	0.31	-14.89
2352.00	1648.00	0.26	-14.85
2384.00	1648.00	0.37	-14.80
2416.00	1648.00	0.52	-14.76
2448.00	1648.00	0.49	-14.68
2480.00	1648.00	0.39	-14.63
2512.00	1648.00	0.39	-14.57
2544.00	1648.00	0.56	-14.40
2576.00	1648.00	0.68	-14.24
2608.00	1648.00	0.60	-14.19
2640.00	1648.00	0.38	-14.34
2672.00	1648.00	0.26	-14.51
2704.00	1648.00	0.42	-14.57
2736.00	1648.00	0.63	-14.40
2768.00	1648.00	0.77	-14.20
2800.00	1648.00	0.80	-14.04
2832.00	1648.00	0.71	-14.09
2864.00	1648.00	0.57	-14.16
2896.00	1648.00	0.57	-14.15
2928.00	1648.00	0.76	-13.95
2960.00	1648.00	0.89	-13.70
2992.00	1648.00	0.82	-13.54
3024.00	1648.00	0.61	-13.42
3056.00	1648.00	0.39	-13.27
3088.00	1648.00	0.28	-13.13
3120.00	1648.00	0.24	-12.99
3152.00	1648.00	0.26	-12.87
3184.00	1648.00	0.19	-12.67
3216.00	1648.00	0.04	-12.52
3248.00	1648.00	-0.14	-12.43
3280.00	1648.00	-0.22	-12.40
3312.00	1648.00	-0.19	-12.49
3344.00	1648.00	-0.10	-12.63
3376.00	1648.00	-0.18	-12.71
3408.00	1648.00	-0.35	-12.70
3440.00	1648.00	-0.52	-12.64
3472.00	1648.00	-0.56	-12.59
3504.00	1648.00	-0.55	-12.67
3536.00	1648.00	-0.54	-12.82
3568.00	1648.00	-0.54	-12.98
3600.00	1648.00	-0.57	-12.99
3632.00	1648.00	-0.50	-12.95
3664.00	1648.00	-0.42	-12.82
3696.00	1648.00	-0.35	-12.76
3728.00	1648.00	-0.32	-12.74
3760.00	1648.00	-0.28	-12.72
3792.00	1648.00	-0.22	-12.59
3824.00	1648.00	-0.21	-12.28
3856.00	1648.00	-0.19	-11.95
3888.00	1648.00	-0.15	-11.72
3920.00	1648.00	-0.12	-11.56
3952.00	1648.00	-0.12	-11.45
3984.00	1648.00	-0.14	-11.26
4016.00	1648.00	-0.05	-11.14
4048.00	1648.00	-0.03	-11.09
4080.00	1648.00	-0.02	-11.10
4112.00	1648.00	-0.03	-11.09
4144.00	1648.00	-0.05	-10.99
4176.00	1648.00	-0.21	-10.86
4208.00	1648.00	-0.36	-10.80
4240.00	1648.00	-0.55	-10.67
4272.00	1648.00	-0.50	-10.56
4304.00	1648.00	-0.44	-10.47
4336.00	1648.00	-0.22	-10.57
4368.00	1648.00	-0.11	-10.73
4400.00	1648.00	-0.02	-10.81
4432.00	1648.00	0.07	-10.86
4464.00	1648.00	0.20	-10.77
4496.00	1648.00	0.18	-10.60
4528.00	1648.00	0.12	-10.37
4560.00	1648.00	0.07	-10.31
4592.00	1648.00	0.01	-10.50
4624.00	1648.00	0.03	-10.84
4656.00	1648.00	0.04	-11.11
4688.00	1648.00	0.01	-11.21
4720.00	1648.00	-0.16	-11.16
4752.00	1648.00	-0.33	-11.23
4784.00	1648.00	-0.29	-11.32
4816.00	1648.00	-0.17	-11.43
4848.00	1648.00	-0.10	-11.41
4880.00	1648.00	-0.11	-11.42
4912.00	1648.00	-0.18	-11.44
4944.00	1648.00	-0.21	-11.43
4976.00	1648.00	-0.27	-11.38
5008.00	1648.00	-0.36	-11.34
5040.00	1648.00	-0.57	-10.99
5072.00	1648.00	-0.68	-10.60
5104.00	1648.00	-0.76	-10.50
5136.00	1648.00	-0.67	-10.76
5168.00	1648.00	-0.50	-10.91
5200.00	1648.00	-0.29	-10.87
5232.00	1648.00	-0.19	-10.85
5264.00	1648.00	-0.26	-10.88
5296.00	1648.00	-0.48	-10.66
5328.00	1648.00	-0.62	-10.38
5360.00	1648.00	-0.62	-10.28
5392.00	1648.00	-0.46	-10.29
5424.00	1648.00	-0.30	-10.26
5456.00	1648.00	-0.19	-10.06
5488.00	1648.00	-0.17	-9.88
5520.00	1648.00	-0.15	-9.78
5552.00	1648.00	-0.18	-9.78
5584.00	1648.00	-0.18	-9.74
5616.00	1648.00	-0.26	-9.63
5648.00	1648.00	-0.41	-9.52
5680.00	1648.00	-0.51	-9.71
5712.00	1648.00	-0.45	-10.01
5744.00	1648.00	-0.23	-10.29
5776.00	1648.00	-0.21	-10.00
5808.00	1648.00	-0.19	-9.63
5840.00	1648.00	-0.18	-9.23
5872.00	1648.00	0.01	-9.26
5904.00	1648.00	0.09	-9.21
5936.00	1648.00	0.08	-8.61
5968.00	1648.00	-0.05	-7.40
6000.00	1648.00	-0.26	-6.01
6032.00	1648.00	-0.31	-4.81
6064.00	1648.00	-0.20	-3.09
6096.00	1648.00	0.02	-1.42
6128.00	1648.00	0.18	-0.55
6160.00	1648.00	0.32	-1.47
6192.00	1648.00	0.38	-3.38
6224.00	1648.00	0.47	-5.45
6256.00	1648.00	0.49	-6.70
6288.00	1648.00	0.55	-7.72
6320.00	1648.00	0.49	-8.55
6352.00	1648.00	0.36	-9.25
6384.00	1648.00	0.30	-9.42
6416.00	1648.00	0.54	-9.09
6448.00	1648.00	1.04	-9.17
6480.00	1648.00	1.19	-9.50
6512.00	1648.00	0.96	-9.89
6544.00	1648.00	0.49	-10.13
6576.00	1648.00	0.32	-10.15
16.00	1680.00	0.13	-15.25
48.00	1680.00	0.12	-15.19
80.00	1680.00	0.14	-15.07
112.00	1680.00	0.18	-15.02
144.00	1680.00	0.26	-15.09
176.00	1680.00	0.35	-15.22
208.00	1680.00	0.33	-15.33
240.00	1680.00	0.24	-15.33
272.00	1680.00	0.18	-15.33
304.00	1680.00	0.22	-15.36
336.00	1680.00	0.31	-15.47
368.00	1680.00	0.34	-15.54
400.00	1680.00	0.31	-15.49
432.00	1680.00	0.24	-15.36
464.00	1680.00	0.14	-15.28
496.00	1680.00	0.08	-15.28
528.00	1680.00	0.21	-15.30
560.00	1680.00	0.40	-15.28
592.00	1680.00	0.53	-15.27
624.00	1680.00	0.40	-15.30
656.00	1680.00	0.23	-15.38
688.00	1680.00	0.11	-15.31
720.00	1680.00	0.08	-15.24
752.00	1680.00	0.06	-15.17
784.00	1680.00	0.18	-15.22
816.00	1680.00	0.30	-15.24
848.00	1680.00	0.27	-15.29
880.00	1680.00	0.15	-15.34
912.00	1680.00	0.07	-15.34
944.00	1680.00	0.10	-15.38
976.00	1680.00	0.14	-15.42
1008.00	1680.00	0.23	-15.40
1040.00	1680.00	0.24	-15.33
1072.00	1680.00	0.23	-15.27
1104.00	1680.00	0.22	-15.32
1136.00	1680.00	0.25	-15.26
1168.00	1680.00	0.31	-15.23
1200.00	1680.00	0.33	-15.29
1232.00	1680.00	0.34	-15.38
1264.00	1680.00	0.29	-15.38
1296.00	1680.00	0.17	-15.28
1328.00	1680.00	0.17	-15.23
1360.00	1680.00	0.24	-15.27
1392.00	1680.00	0.33	-15.34
1424.00	1680.00	0.28	-15.39
1456.00	1680.00	0.18	-15.34
1488.00	1680.00	0.09	-15.27
1520.00	1680.00	0.11	-15.18
1552.00	1680.00	0.20	-15.13
1584.00	1680.00	0.31	-15.03
1616.00	1680.00	0.43	-14.96
1648.00	1680.00	0.40	-14.98
1680.00	1680.00	0.38	-15.15
1712.00	1680.00	0.30	-15.25
1744.00	1680.00	0.26	-15.24
1776.00	1680.00	0.20	-15.13
1808.00	1680.00	0.19	-15.11
1840.00	1680.00	0.29	-15.18
1872.00	1680.00	0.35	-15.19
1904.00	1680.00	0.32	-15.13
1936.00	1680.00	0.26	-15.07
1968.00	1680.00	0.37	-14.99
2000.00	1680.00	0.49	-14.89
2032.00	1680.00	0.46	-14.80
2064.00	1680.00	0.37	-14.79
2096.00	1680.00	0.36	-14.82
2128.00	1680.00	0.34	-14.83
2160.00	1680.00	0.22	-14.82
2192.00	1680.00	0.12	-14.79
2224.00	1680.00	0.14	-14.76
2256.00	1680.00	0.30	-14.74
2288.00	1680.00	0.35	-14.71
2320.00	1680.00	0.32	-14.73
2352.00	1680.00	0.24	-14.73
2384.00	1680.00	0.32	-14.79
2416.00	1680.00	0.44	-14.77
2448.00	1680.00	0.43	-14.69
2480.00	1680.00	0.34	-14.62
2512.00	1680.00	0.34	-14.54
2544.00	1680.00	0.50	-14.40
2576.00	1680.00	0.68	-14.23
2608.00	1680.00	0.65	-14.16
2640.00	1680.00	0.46	-14.32
2672.00	1680.00	0.31	-14.52
2704.00	1680.00	0.48	-14.60
2736.00	1680.00	0.72	-14.43
2768.00	1680.00	0.87	-14.21
2800.00	1680.00	0.97	-14.00
2832.00	1680.00	0.97	-13.96
2864.00	1680.00	0.88	-13.96
2896.00	1680.00	0.83	-14.03
2928.00	1680.00	0.97	-13.97
2960.00	1680.00	1.12	-13.84
2992.00	1680.00	1.05	-13.71
3024.00	1680.00	0.80	-13.54
3056.00	1680.00	0.54	-13.30
3088.00	1680.00	0.46	-13.15
3120.00	1680.00	0.47	-12.96
3152.00	1680.00	0.53	-12.84
3184.00	1680.00	0.49	-12.62
3216.00	1680.00	0.36	-12.53
3248.00	1680.00	0.19	-12.46
3280.00	1680.00	0.09	-12.46
3312.00	1680.00	0.08	-12.60
3344.00	1680.00	0.08	-12.77
3376.00	1680.00	-0.10	-12.80
3408.00	1680.00	-0.35	-12.76
3440.00	1680.00	-0.56	-12.68
3472.00	1680.00	-0.61	-12.61
3504.00	1680.00	-0.58	-12.65
3536.00	1680.00	-0.52	-12.83
3568.00	1680.00	-0.49	-13.04
3600.00	1680.00	-0.49	-13.09
3632.00	1680.00	-0.49	-13.01
3664.00	1680.00	-0.44	-12.91
3696.00	1680.00	-0.39	-12.92
3728.00	1680.00	-0.35	-12.97
3760.00	1680.00	-0.33	-12.91
3792.00	1680.00	-0.31	-12.63
3824.00	1680.00	-0.25	-12.20
3856.00	1680.00	-0.21	-11.90
3888.00	1680.00	-0.21	-11.78
3920.00	1680.00	-0.25	-11.71
3952.00	1680.00	-0.26	-11.56
3984.00	1680.00	-0.21	-11.27
4016.00	1680.00	-0.09	-11.09
4048.00	1680.00	-0.08	-11.04
4080.00	1680.00	-0.06	-11.09
4112.00	1680.00	-0.05	-11.10
4144.00	1680.00	-0.09	-11.01
4176.00	1680.00	-0.27	-10.86
4208.00	1680.00	-0.39	-10.77
4240.00	1680.00	-0.43	-10.67
4272.00	1680.00	-0.33	-10.57
4304.00	1680.00	-0.33	-10.50
4336.00	1680.00	-0.24	-10.52
4368.00	1680.00	-0.16	-10.61
4400.00	1680.00	-0.05	-10.72
4432.00	1680.00	0.06	-10.84
4464.00	1680.00	0.09	-10.89
4496.00	1680.00	-0.04	-10.75
4528.00	1680.00	-0.12	-10.52
4560.00	1680.00	-0.10	-10.39
4592.00	1680.00	-0.05	-10.53
4624.00	1680.00	0.01	-10.90
4656.00	1680.00	-0.02	-11.21
4688.00	1680.00	-0.06	-11.31
4720.00	1680.00	-0.20	-11.21
4752.00	1680.00	-0.38	-11.20
4784.00	1680.00	-0.40	-11.25
4816.00	1680.00	-0.36	-11.34
4848.00	1680.00	-0.29	-11.35
4880.00	1680.00	-0.25	-11.39
4912.00	1680.00	-0.28	-11.39
4944.00	1680.00	-0.31	-11.32
4976.00	1680.00	-0.40	-11.23
5008.00	1680.00	-0.50	-11.25
5040.00	1680.00	-0.69	-10.99
5072.00	1680.00	-0.80	-10.62
5104.00	1680.00	-0.87	-10.49
5136.00	1680.00	-0.71	-10.77
5168.00	1680.00	-0.50	-10.97
5200.00	1680.00	-0.31	-10.95
5232.00	1680.00	-0.24	-10.88
5264.00	1680.00	-0.36	-10.91
5296.00	1680.00	-0.52	-10.80
5328.00	1680.00	-0.61	-10.59
5360.00	1680.00	-0.54	-10.60
5392.00	1680.00	-0.46	-10.58
5424.00	1680.00	-0.40	-10.52
5456.00	1680.00	-0.37	-10.19
5488.00	1680.00	-0.33	-9.89
5520.00	1680.00	-0.29	-9.66
5552.00	1680.00	-0.28	-9.55
5584.00	1680.00	-0.27	-9.46
5616.00	1680.00	-0.30	-9.38
5648.00	1680.00	-0.44	-9.39
5680.00	1680.00	-0.45	-9.87
5712.00	1680.00	-0.30	-10.26
5744.00	1680.00	-0.06	-10.46
5776.00	1680.00	-0.11	-9.94
5808.00	1680.00	-0.16	-9.53
5840.00	1680.00	-0.18	-9.03
5872.00	1680.00	0.08	-9.15
5904.00	1680.00	0.11	-9.14
5936.00	1680.00	0.08	-8.84
5968.00	1680.00	-0.08	-7.83
6000.00	1680.00	-0.22	-6.51
6032.00	1680.00	-0.20	-4.97
6064.00	1680.00	-0.10	-3.04
6096.00	1680.00	0.05	-1.26
6128.00	1680.00	0.16	-0.55
6160.00	1680.00	0.25	-1.27
6192.00	1680.00	0.44	-3.51
6224.00	1680.00	0.55	-5.40
6256.00	1680.00	0.58	-6.58
6288.00	1680.00	0.49	-7.26
6320.00	1680.00	0.42	-8.28
6352.00	1680.00	0.33	-9.12
6384.00	1680.00	0.24	-9.27
6416.00	1680.00	0.30	-8.99
6448.00	1680.00	0.68	-9.10
6480.00	1680.00	0.86	-9.29
6512.00	1680.00	0.83	-9.41
6544.00	1680.00	0.63	-9.36
6576.00	1680.00	0.61	-9.23
16.00	1712.00	0.13	-15.16
48.00	1712.00	0.05	-15.12
80.00	1712.00	-0.01	-15.03
112.00	1712.00	0.03	-15.06
144.00	1712.00	0.18	-15.25
176.00	1712.00	0.29	-15.45
208.00	1712.00	0.26	-15.54
240.00	1712.00	0.16	-15.43
272.00	1712.00	0.09	-15.33
304.00	1712.00	0.17	-15.32
336.00	1712.00	0.29	-15.43
368.00	1712.00	0.39	-15.49
400.00	1712.00	0.42	-15.41
432.00	1712.00	0.33	-15.26
464.00	1712.00	0.17	-15.15
496.00	1712.00	0.03	-15.14
528.00	1712.00	0.13	-15.20
560.00	1712.00	0.38	-15.29
592.00	1712.00	0.57	-15.32
624.00	1712.00	0.50	-15.33
656.00	1712.00	0.34	-15.37
688.00	1712.00	0.23	-15.34
720.00	1712.00	0.18	-15.33
752.00	1712.00	0.14	-15.28
784.00	1712.00	0.19	-15.33
816.00	1712.00	0.25	-15.31
848.00	1712.00	0.19	-15.30
880.00	1712.00	0.08	-15.30
912.00	1712.00	0.07	-15.29
944.00	1712.00	0.13	-15.34
976.00	1712.00	0.18	-15.38
1008.00	1712.00	0.23	-15.37
1040.00	1712.00	0.20	-15.29
1072.00	1712.00	0.17	-15.23
1104.00	1712.00	0.17	-15.25
1136.00	1712.00	0.23	-15.21
1168.00	1712.00	0.31	-15.18
1200.00	1712.00	0.31	-15.22
1232.00	1712.00	0.34	-15.28
1264.00	1712.00	0.36	-15.31
1296.00	1712.00	0.25	-15.22
1328.00	1712.00	0.10	-15.17
1360.00	1712.00	0.10	-15.22
1392.00	1712.00	0.19	-15.33
1424.00	1712.00	0.23	-15.41
1456.00	1712.00	0.13	-15.34
1488.00	1712.00	0.04	-15.18
1520.00	1712.00	0.07	-15.05
1552.00	1712.00	0.19	-15.08
1584.00	1712.00	0.32	-15.10
1616.00	1712.00	0.44	-15.04
1648.00	1712.00	0.39	-14.95
1680.00	1712.00	0.32	-15.09
1712.00	1712.00	0.24	-15.23
1744.00	1712.00	0.22	-15.28
1776.00	1712.00	0.19	-15.17
1808.00	1712.00	0.19	-15.15
1840.00	1712.00	0.29	-15.21
1872.00	1712.00	0.32	-15.16
1904.00	1712.00	0.25	-15.06
1936.00	1712.00	0.16	-15.00
1968.00	1712.00	0.33	-14.99
2000.00	1712.00	0.47	-14.97
2032.00	1712.00	0.42	-14.93
2064.00	1712.00	0.30	-14.93
2096.00	1712.00	0.25	-14.94
2128.00	1712.00	0.28	-14.94
2160.00	1712.00	0.19	-14.93
2192.00	1712.00	0.13	-14.89
2224.00	1712.00	0.14	-14.85
2256.00	1712.00	0.29	-14.80
2288.00	1712.00	0.33	-14.72
2320.00	1712.00	0.31	-14.64
2352.00	1712.00	0.22	-14.65
2384.00	1712.00	0.26	-14.74
2416.00	1712.00	0.36	-14.81
2448.00	1712.00	0.41	-14.75
2480.00	1712.00	0.40	-14.65
2512.00	1712.00	0.45	-14.58
2544.00	1712.00	0.54	-14.50
2576.00	1712.00	0.66	-14.38
2608.00	1712.00	0.61	-14.29
2640.00	1712.00	0.49	-14.39
2672.00	1712.00	0.41	-14.57
2704.00	1712.00	0.58	-14.63
2736.00	1712.00	0.74	-14.48
2768.00	1712.00	0.84	-14.31
2800.00	1712.00	0.95	-14.14
2832.00	1712.00	1.05	-14.06
2864.00	1712.00	1.06	-14.02
2896.00	1712.00	1.02	-14.08
2928.00	1712.00	1.04	-14.08
2960.00	1712.00	1.12	-14.03
2992.00	1712.00	1.07	-13.94
3024.00	1712.00	0.87	-13.75
3056.00	1712.00	0.61	-13.46
3088.00	1712.00	0.47	-13.20
3120.00	1712.00	0.51	-12.94
3152.00	1712.00	0.63	-12.81
3184.00	1712.00	0.66	-12.70
3216.00	1712.00	0.58	-12.67
3248.00	1712.00	0.43	-12.63
3280.00	1712.00	0.33	-12.63
3312.00	1712.00	0.31	-12.74
3344.00	1712.00	0.25	-12.84
3376.00	1712.00	0.05	-12.80
3408.00	1712.00	-0.20	-12.74
3440.00	1712.00	-0.40	-12.70
3472.00	1712.00	-0.46	-12.68
3504.00	1712.00	-0.42	-12.73
3536.00	1712.00	-0.34	-12.90
3568.00	1712.00	-0.34	-13.09
3600.00	1712.00	-0.37	-13.12
3632.00	1712.00	-0.41	-13.04
3664.00	1712.00	-0.42	-12.99
3696.00	1712.00	-0.40	-13.08
3728.00	1712.00	-0.38	-13.15
3760.00	1712.00	-0.41	-13.04
3792.00	1712.00	-0.44	-12.71
3824.00	1712.00	-0.37	-12.28
3856.00	1712.00	-0.29	-12.04
3888.00	1712.00	-0.29	-12.01
3920.00	1712.00	-0.36	-11.97
3952.00	1712.00	-0.35	-11.75
3984.00	1712.00	-0.22	-11.36
4016.00	1712.00	-0.13	-11.14
4048.00	1712.00	-0.12	-11.08
4080.00	1712.00	-0.08	-11.11
4112.00	1712.00	-0.05	-11.07
4144.00	1712.00	-0.13	-10.94
4176.00	1712.00	-0.29	-10.82
4208.00	1712.00	-0.35	-10.78
4240.00	1712.00	-0.22	-10.76
4272.00	1712.00	-0.12	-10.68
4304.00	1712.00	-0.13	-10.58
4336.00	1712.00	-0.17	-10.53
4368.00	1712.00	-0.14	-10.53
4400.00	1712.00	-0.07	-10.66
4432.00	1712.00	-0.03	-10.84
4464.00	1712.00	-0.06	-10.96
4496.00	1712.00	-0.20	-10.88
4528.00	1712.00	-0.27	-10.70
4560.00	1712.00	-0.28	-10.56
4592.00	1712.00	-0.18	-10.63
4624.00	1712.00	-0.05	-10.91
4656.00	1712.00	-0.05	-11.26
4688.00	1712.00	-0.12	-11.44
4720.00	1712.00	-0.28	-11.41
4752.00	1712.00	-0.40	-11.34
4784.00	1712.00	-0.39	-11.32
4816.00	1712.00	-0.35	-11.34
4848.00	1712.00	-0.32	-11.34
4880.00	1712.00	-0.35	-11.38
4912.00	1712.00	-0.40	-11.36
4944.00	1712.00	-0.44	-11.28
4976.00	1712.00	-0.54	-11.10
5008.00	1712.00	-0.65	-11.06
5040.00	1712.00	-0.83	-10.86
5072.00	1712.00	-0.93	-10.62
5104.00	1712.00	-0.96	-10.54
5136.00	1712.00	-0.74	-10.78
5168.00	1712.00	-0.49	-10.94
5200.00	1712.00	-0.31	-10.88
5232.00	1712.00	-0.27	-10.75
5264.00	1712.00	-0.34	-10.83
5296.00	1712.00	-0.47	-10.88
5328.00	1712.00	-0.50	-10.88
5360.00	1712.00	-0.43	-10.89
5392.00	1712.00	-0.35	-10.84
5424.00	1712.00	-0.39	-10.68
5456.00	1712.00	-0.47	-10.28
5488.00	1712.00	-0.46	-9.92
5520.00	1712.00	-0.43	-9.62
5552.00	1712.00	-0.48	-9.40
5584.00	1712.00	-0.52	-9.23
5616.00	1712.00	-0.51	-9.15
5648.00	1712.00	-0.42	-9.30
5680.00	1712.00	-0.30	-9.90
5712.00	1712.00	-0.12	-10.34
5744.00	1712.00	-0.02	-10.46
5776.00	1712.00	-0.14	-9.65
5808.00	1712.00	-0.29	-8.98
5840.00	1712.00	-0.31	-8.48
5872.00	1712.00	-0.05	-8.96
5904.00	1712.00	0.04	-9.23
5936.00	1712.00	0.03	-9.23
5968.00	1712.00	-0.06	-8.44
6000.00	1712.00	-0.09	-7.25
6032.00	1712.00	-0.03	-5.57
6064.00	1712.00	0.03	-3.41
6096.00	1712.00	0.10	-1.44
6128.00	1712.00	0.14	-0.60
6160.00	1712.00	0.21	-1.11
6192.00	1712.00	0.41	-3.31
6224.00	1712.00	0.56	-5.19
6256.00	1712.00	0.59	-6.62
6288.00	1712.00	0.47	-7.34
6320.00	1712.00	0.40	-8.25
6352.00	1712.00	0.42	-8.69
6384.00	1712.00	0.49	-8.64
6416.00	1712.00	0.55	-8.60
6448.00	1712.00	0.79	-8.92
6480.00	1712.00	0.93	-9.07
6512.00	1712.00	0.88	-9.04
6544.00	1712.00	0.72	-9.02
6576.00	1712.00	0.64	-9.04
16.00	1744.00	0.19	-15.09
48.00	1744.00	0.04	-15.07
80.00	1744.00	-0.09	-15.04
112.00	1744.00	-0.07	-15.12
144.00	1744.00	0.10	-15.36
176.00	1744.00	0.18	-15.60
208.00	1744.00	0.14	-15.64
240.00	1744.00	0.10	-15.42
272.00	1744.00	0.06	-15.25
304.00	1744.00	0.16	-15.30
336.00	1744.00	0.27	-15.46
368.00	1744.00	0.45	-15.46
400.00	1744.00	0.56	-15.33
432.00	1744.00	0.49	-15.20
464.00	1744.00	0.33	-15.17
496.00	1744.00	0.14	-15.18
528.00	1744.00	0.18	-15.25
560.00	1744.00	0.35	-15.32
592.00	1744.00	0.50	-15.34
624.00	1744.00	0.51	-15.34
656.00	1744.00	0.47	-15.38
688.00	1744.00	0.44	-15.39
720.00	1744.00	0.37	-15.34
752.00	1744.00	0.25	-15.29
784.00	1744.00	0.20	-15.31
816.00	1744.00	0.20	-15.32
848.00	1744.00	0.14	-15.34
880.00	1744.00	0.06	-15.33
912.00	1744.00	0.13	-15.29
944.00	1744.00	0.23	-15.28
976.00	1744.00	0.30	-15.34
1008.00	1744.00	0.28	-15.38
1040.00	1744.00	0.21	-15.30
1072.00	1744.00	0.13	-15.22
1104.00	1744.00	0.05	-15.24
1136.00	1744.00	0.11	-15.29
1168.00	1744.00	0.18	-15.30
1200.00	1744.00	0.24	-15.27
1232.00	1744.00	0.30	-15.23
1264.00	1744.00	0.38	-15.22
1296.00	1744.00	0.30	-15.14
1328.00	1744.00	0.16	-15.08
1360.00	1744.00	0.16	-15.10
1392.00	1744.00	0.29	-15.21
1424.00	1744.00	0.34	-15.33
1456.00	1744.00	0.25	-15.30
1488.00	1744.00	0.14	-15.16
1520.00	1744.00	0.13	-15.01
1552.00	1744.00	0.23	-15.06
1584.00	1744.00	0.37	-15.14
1616.00	1744.00	0.48	-15.14
1648.00	1744.00	0.39	-15.01
1680.00	1744.00	0.23	-15.11
1712.00	1744.00	0.16	-15.25
1744.00	1744.00	0.22	-15.30
1776.00	1744.00	0.26	-15.19
1808.00	1744.00	0.23	-15.13
1840.00	1744.00	0.29	-15.14
1872.00	1744.00	0.27	-15.05
1904.00	1744.00	0.23	-14.97
1936.00	1744.00	0.12	-14.96
1968.00	1744.00	0.25	-15.04
2000.00	1744.00	0.37	-15.05
2032.00	1744.00	0.35	-15.02
2064.00	1744.00	0.28	-14.98
2096.00	1744.00	0.28	-15.01
2128.00	1744.00	0.31	-15.03
2160.00	1744.00	0.24	-15.02
2192.00	1744.00	0.18	-14.95
2224.00	1744.00	0.18	-14.89
2256.00	1744.00	0.33	-14.88
2288.00	1744.00	0.38	-14.83
2320.00	1744.00	0.37	-14.75
2352.00	1744.00	0.27	-14.73
2384.00	1744.00	0.24	-14.81
2416.00	1744.00	0.32	-14.89
2448.00	1744.00	0.45	-14.84
2480.00	1744.00	0.49	-14.74
2512.00	1744.00	0.51	-14.70
2544.00	1744.00	0.53	-14.68
2576.00	1744.00	0.61	-14.59
2608.00	1744.00	0.58	-14.44
2640.00	1744.00	0.56	-14.42
2672.00	1744.00	0.59	-14.52
2704.00	1744.00	0.70	-14.60
2736.00	1744.00	0.74	-14.62
2768.00	1744.00	0.73	-14.58
2800.00	1744.00	0.79	-14.45
2832.00	1744.00	0.94	-14.32
2864.00	1744.00	1.05	-14.22
2896.00	1744.00	1.06	-14.20
2928.00	1744.00	0.99	-14.13
2960.00	1744.00	1.00	-14.04
2992.00	1744.00	0.94	-13.95
3024.00	1744.00	0.82	-13.82
3056.00	1744.00	0.60	-13.60
3088.00	1744.00	0.48	-13.33
3120.00	1744.00	0.52	-13.02
3152.00	1744.00	0.68	-12.87
3184.00	1744.00	0.77	-12.85
3216.00	1744.00	0.70	-12.87
3248.00	1744.00	0.54	-12.85
3280.00	1744.00	0.45	-12.79
3312.00	1744.00	0.44	-12.80
3344.00	1744.00	0.38	-12.80
3376.00	1744.00	0.23	-12.77
3408.00	1744.00	0.05	-12.76
3440.00	1744.00	-0.12	-12.77
3472.00	1744.00	-0.19	-12.76
3504.00	1744.00	-0.19	-12.79
3536.00	1744.00	-0.16	-12.93
3568.00	1744.00	-0.23	-13.09
3600.00	1744.00	-0.27	-13.14
3632.00	1744.00	-0.34	-13.09
3664.00	1744.00	-0.39	-13.12
3696.00	1744.00	-0.41	-13.26
3728.00	1744.00	-0.37	-13.31
3760.00	1744.00	-0.40	-13.16
3792.00	1744.00	-0.47	-12.85
3824.00	1744.00	-0.43	-12.52
3856.00	1744.00	-0.34	-12.35
3888.00	1744.00	-0.35	-12.33
3920.00	1744.00	-0.44	-12.22
3952.00	1744.00	-0.40	-11.93
3984.00	1744.00	-0.25	-11.53
4016.00	1744.00	-0.19	-11.29
4048.00	1744.00	-0.19	-11.16
4080.00	1744.00	-0.19	-11.12
4112.00	1744.00	-0.19	-11.02
4144.00	1744.00	-0.25	-10.92
4176.00	1744.00	-0.28	-10.89
4208.00	1744.00	-0.26	-10.93
4240.00	1744.00	-0.14	-10.95
4272.00	1744.00	-0.13	-10.81
4304.00	1744.00	-0.15	-10.66
4336.00	1744.00	-0.18	-10.56
4368.00	1744.00	-0.13	-10.58
4400.00	1744.00	-0.10	-10.69
4432.00	1744.00	-0.15	-10.79
4464.00	1744.00	-0.21	-10.84
4496.00	1744.00	-0.31	-10.82
4528.00	1744.00	-0.36	-10.79
4560.00	1744.00	-0.43	-10.75
4592.00	1744.00	-0.33	-10.80
4624.00	1744.00	-0.18	-10.99
4656.00	1744.00	-0.17	-11.26
4688.00	1744.00	-0.28	-11.47
4720.00	1744.00	-0.44	-11.51
4752.00	1744.00	-0.48	-11.46
4784.00	1744.00	-0.42	-11.43
4816.00	1744.00	-0.34	-11.46
4848.00	1744.00	-0.29	-11.50
4880.00	1744.00	-0.33	-11.51
4912.00	1744.00	-0.44	-11.43
4944.00	1744.00	-0.54	-11.29
4976.00	1744.00	-0.67	-11.04
5008.00	1744.00	-0.81	-10.79
5040.00	1744.00	-0.89	-10.54
5072.00	1744.00	-0.94	-10.37
5104.00	1744.00	-0.91	-10.39
5136.00	1744.00	-0.69	-10.60
5168.00	1744.00	-0.44	-10.81
5200.00	1744.00	-0.26	-10.81
5232.00	1744.00	-0.23	-10.74
5264.00	1744.00	-0.28	-10.77
5296.00	1744.00	-0.40	-10.85
5328.00	1744.00	-0.52	-10.99
5360.00	1744.00	-0.47	-10.96
5392.00	1744.00	-0.29	-10.84
5424.00	1744.00	-0.26	-10.54
5456.00	1744.00	-0.46	-10.22
5488.00	1744.00	-0.59	-9.89
5520.00	1744.00	-0.55	-9.61
5552.00	1744.00	-0.52	-9.37
5584.00	1744.00	-0.59	-9.13
5616.00	1744.00	-0.65	-8.97
5648.00	1744.00	-0.48	-9.10
5680.00	1744.00	-0.24	-9.68
5712.00	1744.00	-0.04	-10.17
5744.00	1744.00	-0.03	-10.30
5776.00	1744.00	-0.19	-9.59
5808.00	1744.00	-0.34	-8.91
5840.00	1744.00	-0.44	-8.35
5872.00	1744.00	-0.33	-8.67
5904.00	1744.00	-0.23	-8.95
5936.00	1744.00	-0.11	-9.08
5968.00	1744.00	-0.04	-8.49
6000.00	1744.00	0.03	-7.42
6032.00	1744.00	0.07	-5.85
6064.00	1744.00	0.09	-3.75
6096.00	1744.00	0.08	-1.70
6128.00	1744.00	0.11	-0.67
6160.00	1744.00	0.18	-1.03
6192.00	1744.00	0.38	-3.24
6224.00	1744.00	0.54	-5.30
6256.00	1744.00	0.63	-7.07
6288.00	1744.00	0.59	-7.79
6320.00	1744.00	0.54	-8.28
6352.00	1744.00	0.55	-8.24
6384.00	1744.00	0.77	-7.86
6416.00	1744.00	0.98	-7.94
6448.00	1744.00	1.11	-8.41
6480.00	1744.00	1.00	-8.88
6512.00	1744.00	0.75	-9.07
6544.00	1744.00	0.59	-9.15
6576.00	1744.00	0.49	-9.25
16.00	1776.00	0.27	-15.08
48.00	1776.00	0.15	-15.09
80.00	1776.00	0.01	-15.13
112.00	1776.00	-0.03	-15.22
144.00	1776.00	0.06	-15.43
176.00	1776.00	0.12	-15.65
208.00	1776.00	0.12	-15.63
240.00	1776.00	0.15	-15.40
272.00	1776.00	0.13	-15.18
304.00	1776.00	0.22	-15.23
336.00	1776.00	0.27	-15.41
368.00	1776.00	0.43	-15.44
400.00	1776.00	0.58	-15.35
432.00	1776.00	0.58	-15.27
464.00	1776.00	0.50	-15.27
496.00	1776.00	0.36	-15.31
528.00	1776.00	0.33	-15.36
560.00	1776.00	0.37	-15.37
592.00	1776.00	0.39	-15.35
624.00	1776.00	0.44	-15.32
656.00	1776.00	0.48	-15.40
688.00	1776.00	0.49	-15.43
720.00	1776.00	0.40	-15.36
752.00	1776.00	0.28	-15.28
784.00	1776.00	0.21	-15.29
816.00	1776.00	0.21	-15.34
848.00	1776.00	0.19	-15.39
880.00	1776.00	0.13	-15.38
912.00	1776.00	0.23	-15.31
944.00	1776.00	0.31	-15.25
976.00	1776.00	0.39	-15.30
1008.00	1776.00	0.35	-15.37
1040.00	1776.00	0.30	-15.32
1072.00	1776.00	0.20	-15.24
1104.00	1776.00	0.09	-15.26
1136.00	1776.00	0.11	-15.36
1168.00	1776.00	0.21	-15.41
1200.00	1776.00	0.30	-15.35
1232.00	1776.00	0.31	-15.23
1264.00	1776.00	0.30	-15.15
1296.00	1776.00	0.24	-15.09
1328.00	1776.00	0.24	-15.09
1360.00	1776.00	0.27	-15.13
1392.00	1776.00	0.32	-15.18
1424.00	1776.00	0.29	-15.29
1456.00	1776.00	0.22	-15.30
1488.00	1776.00	0.19	-15.19
1520.00	1776.00	0.20	-15.04
1552.00	1776.00	0.31	-15.07
1584.00	1776.00	0.48	-15.21
1616.00	1776.00	0.60	-15.27
1648.00	1776.00	0.44	-15.22
1680.00	1776.00	0.14	-15.24
1712.00	1776.00	0.08	-15.28
1744.00	1776.00	0.25	-15.25
1776.00	1776.00	0.41	-15.13
1808.00	1776.00	0.32	-15.07
1840.00	1776.00	0.26	-15.08
1872.00	1776.00	0.22	-15.02
1904.00	1776.00	0.23	-14.96
1936.00	1776.00	0.19	-14.93
1968.00	1776.00	0.27	-14.95
2000.00	1776.00	0.33	-14.95
2032.00	1776.00	0.27	-14.93
2064.00	1776.00	0.19	-14.92
2096.00	1776.00	0.20	-14.97
2128.00	1776.00	0.25	-15.01
2160.00	1776.00	0.21	-15.00
2192.00	1776.00	0.18	-14.90
2224.00	1776.00	0.23	-14.83
2256.00	1776.00	0.39	-14.85
2288.00	1776.00	0.48	-14.90
2320.00	1776.00	0.45	-14.88
2352.00	1776.00	0.35	-14.87
2384.00	1776.00	0.32	-14.88
2416.00	1776.00	0.46	-14.93
2448.00	1776.00	0.61	-14.87
2480.00	1776.00	0.59	-14.73
2512.00	1776.00	0.52	-14.71
2544.00	1776.00	0.50	-14.73
2576.00	1776.00	0.56	-14.70
2608.00	1776.00	0.59	-14.55
2640.00	1776.00	0.64	-14.45
2672.00	1776.00	0.74	-14.49
2704.00	1776.00	0.80	-14.61
2736.00	1776.00	0.72	-14.72
2768.00	1776.00	0.63	-14.75
2800.00	1776.00	0.60	-14.63
2832.00	1776.00	0.74	-14.50
2864.00	1776.00	0.93	-14.39
2896.00	1776.00	1.05	-14.28
2928.00	1776.00	1.05	-14.11
2960.00	1776.00	1.00	-13.94
2992.00	1776.00	0.89	-13.76
3024.00	1776.00	0.81	-13.72
3056.00	1776.00	0.68	-13.69
3088.00	1776.00	0.64	-13.54
3120.00	1776.00	0.66	-13.23
3152.00	1776.00	0.78	-12.98
3184.00	1776.00	0.90	-12.97
3216.00	1776.00	0.86	-12.98
3248.00	1776.00	0.67	-12.98
3280.00	1776.00	0.56	-12.92
3312.00	1776.00	0.53	-12.89
3344.00	1776.00	0.51	-12.86
3376.00	1776.00	0.44	-12.85
3408.00	1776.00	0.27	-12.84
3440.00	1776.00	0.08	-12.80
3472.00	1776.00	-0.03	-12.78
3504.00	1776.00	-0.00	-12.82
3536.00	1776.00	0.01	-12.92
3568.00	1776.00	-0.12	-13.01
3600.00	1776.00	-0.22	-13.05
3632.00	1776.00	-0.24	-13.08
3664.00	1776.00	-0.30	-13.19
3696.00	1776.00	-0.36	-13.35
3728.00	1776.00	-0.33	-13.42
3760.00	1776.00	-0.35	-13.29
3792.00	1776.00	-0.42	-13.09
3824.00	1776.00	-0.44	-12.89
3856.00	1776.00	-0.35	-12.74
3888.00	1776.00	-0.39	-12.63
3920.00	1776.00	-0.46	-12.35
3952.00	1776.00	-0.42	-11.98
3984.00	1776.00	-0.27	-11.58
4016.00	1776.00	-0.25	-11.37
4048.00	1776.00	-0.29	-11.25
4080.00	1776.00	-0.32	-11.17
4112.00	1776.00	-0.33	-11.11
4144.00	1776.00	-0.30	-11.09
4176.00	1776.00	-0.21	-11.15
4208.00	1776.00	-0.17	-11.19
4240.00	1776.00	-0.17	-11.12
4272.00	1776.00	-0.28	-10.91
4304.00	1776.00	-0.30	-10.69
4336.00	1776.00	-0.29	-10.53
4368.00	1776.00	-0.21	-10.53
4400.00	1776.00	-0.21	-10.56
4432.00	1776.00	-0.25	-10.63
4464.00	1776.00	-0.28	-10.65
4496.00	1776.00	-0.32	-10.73
4528.00	1776.00	-0.38	-10.81
4560.00	1776.00	-0.50	-10.86
4592.00	1776.00	-0.44	-10.92
4624.00	1776.00	-0.29	-11.04
4656.00	1776.00	-0.30	-11.23
4688.00	1776.00	-0.45	-11.39
4720.00	1776.00	-0.64	-11.44
4752.00	1776.00	-0.65	-11.43
4784.00	1776.00	-0.58	-11.45
4816.00	1776.00	-0.46	-11.53
4848.00	1776.00	-0.42	-11.58
4880.00	1776.00	-0.41	-11.57
4912.00	1776.00	-0.55	-11.43
4944.00	1776.00	-0.76	-11.21
4976.00	1776.00	-0.94	-10.90
5008.00	1776.00	-1.06	-10.52
5040.00	1776.00	-0.95	-10.23
5072.00	1776.00	-0.87	-10.20
5104.00	1776.00	-0.71	-10.33
5136.00	1776.00	-0.55	-10.53
5168.00	1776.00	-0.37	-10.63
5200.00	1776.00	-0.30	-10.67
5232.00	1776.00	-0.30	-10.64
5264.00	1776.00	-0.37	-10.55
5296.00	1776.00	-0.57	-10.50
5328.00	1776.00	-0.74	-10.57
5360.00	1776.00	-0.68	-10.51
5392.00	1776.00	-0.30	-10.50
5424.00	1776.00	-0.15	-10.32
5456.00	1776.00	-0.40	-10.15
5488.00	1776.00	-0.62	-9.89
5520.00	1776.00	-0.57	-9.71
5552.00	1776.00	-0.41	-9.64
5584.00	1776.00	-0.44	-9.43
5616.00	1776.00	-0.57	-9.12
5648.00	1776.00	-0.45	-9.00
5680.00	1776.00	-0.25	-9.29
5712.00	1776.00	-0.08	-9.79
5744.00	1776.00	-0.04	-10.07
5776.00	1776.00	-0.12	-9.70
5808.00	1776.00	-0.21	-9.13
5840.00	1776.00	-0.34	-8.69
5872.00	1776.00	-0.37	-8.83
5904.00	1776.00	-0.26	-9.15
5936.00	1776.00	-0.10	-8.96
5968.00	1776.00	0.04	-8.27
6000.00	1776.00	0.09	-7.09
6032.00	1776.00	0.10	-5.80
6064.00	1776.00	0.08	-3.93
6096.00	1776.00	0.05	-1.90
6128.00	1776.00	0.08	-0.77
6160.00	1776.00	0.19	-1.12
6192.00	1776.00	0.40	-3.16
6224.00	1776.00	0.54	-5.29
6256.00	1776.00	0.63	-7.18
6288.00	1776.00	0.64	-8.14
6320.00	1776.00	0.66	-8.58
6352.00	1776.00	0.67	-8.45
6384.00	1776.00	0.82	-8.02
6416.00	1776.00	1.09	-8.14
6448.00	1776.00	1.12	-8.72
6480.00	1776.00	0.92	-9.25
6512.00	1776.00	0.55	-9.42
6544.00	1776.00	0.41	-9.29
6576.00	1776.00	0.34	-9.33
16.00	1808.00	0.32	-15.14
48.00	1808.00	0.25	-15.16
80.00	1808.00	0.17	-15.20
112.00	1808.00	0.12	-15.26
144.00	1808.00	0.15	-15.35
176.00	1808.00	0.17	-15.47
208.00	1808.00	0.19	-15.44
240.00	1808.00	0.26	-15.29
272.00	1808.00	0.26	-15.14
304.00	1808.00	0.30	-15.22
336.00	1808.00	0.26	-15.40
368.00	1808.00	0.34	-15.47
400.00	1808.00	0.49	-15.44
432.00	1808.00	0.55	-15.37
464.00	1808.00	0.55	-15.34
496.00	1808.00	0.41	-15.36
528.00	1808.00	0.36	-15.44
560.00	1808.00	0.33	-15.43
592.00	1808.00	0.32	-15.34
624.00	1808.00	0.37	-15.27
656.00	1808.00	0.41	-15.37
688.00	1808.00	0.40	-15.42
720.00	1808.00	0.33	-15.39
752.00	1808.00	0.25	-15.29
784.00	1808.00	0.23	-15.28
816.00	1808.00	0.28	-15.32
848.00	1808.00	0.28	-15.40
880.00	1808.00	0.25	-15.39
912.00	1808.00	0.29	-15.34
944.00	1808.00	0.33	-15.28
976.00	1808.00	0.38	-15.31
1008.00	1808.00	0.40	-15.36
1040.00	1808.00	0.41	-15.31
1072.00	1808.00	0.35	-15.26
1104.00	1808.00	0.19	-15.28
1136.00	1808.00	0.17	-15.34
1168.00	1808.00	0.24	-15.39
1200.00	1808.00	0.34	-15.33
1232.00	1808.00	0.23	-15.25
1264.00	1808.00	0.11	-15.19
1296.00	1808.00	0.10	-15.16
1328.00	1808.00	0.32	-15.18
1360.00	1808.00	0.37	-15.21
1392.00	1808.00	0.29	-15.22
1424.00	1808.00	0.15	-15.30
1456.00	1808.00	0.13	-15.33
1488.00	1808.00	0.15	-15.31
1520.00	1808.00	0.20	-15.19
1552.00	1808.00	0.38	-15.16
1584.00	1808.00	0.61	-15.24
1616.00	1808.00	0.72	-15.32
1648.00	1808.00	0.51	-15.36
1680.00	1808.00	0.15	-15.34
1712.00	1808.00	-0.01	-15.30
1744.00	1808.00	0.14	-15.21
1776.00	1808.00	0.37	-15.10
1808.00	1808.00	0.42	-15.04
1840.00	1808.00	0.39	-15.03
1872.00	1808.00	0.32	-15.03
1904.00	1808.00	0.31	-15.03
1936.00	1808.00	0.30	-15.04
1968.00	1808.00	0.34	-15.01
2000.00	1808.00	0.31	-14.97
2032.00	1808.00	0.19	-14.93
2064.00	1808.00	0.08	-14.92
2096.00	1808.00	0.11	-14.96
2128.00	1808.00	0.19	-14.98
2160.00	1808.00	0.21	-14.98
2192.00	1808.00	0.24	-14.90
2224.00	1808.00	0.33	-14.83
2256.00	1808.00	0.45	-14.81
2288.00	1808.00	0.51	-14.86
2320.00	1808.00	0.47	-14.89
2352.00	1808.00	0.41	-14.95
2384.00	1808.00	0.43	-15.01
2416.00	1808.00	0.56	-15.03
2448.00	1808.00	0.69	-14.95
2480.00	1808.00	0.60	-14.73
2512.00	1808.00	0.48	-14.68
2544.00	1808.00	0.46	-14.70
2576.00	1808.00	0.60	-14.73
2608.00	1808.00	0.71	-14.60
2640.00	1808.00	0.80	-14.44
2672.00	1808.00	0.85	-14.38
2704.00	1808.00	0.82	-14.52
2736.00	1808.00	0.66	-14.74
2768.00	1808.00	0.51	-14.87
2800.00	1808.00	0.49	-14.76
2832.00	1808.00	0.64	-14.62
2864.00	1808.00	0.86	-14.48
2896.00	1808.00	1.03	-14.31
2928.00	1808.00	1.11	-14.08
2960.00	1808.00	1.09	-13.86
2992.00	1808.00	0.94	-13.64
3024.00	1808.00	0.83	-13.60
3056.00	1808.00	0.75	-13.64
3088.00	1808.00	0.81	-13.63
3120.00	1808.00	0.88	-13.43
3152.00	1808.00	0.96	-13.13
3184.00	1808.00	1.04	-13.02
3216.00	1808.00	0.96	-12.98
3248.00	1808.00	0.77	-13.00
3280.00	1808.00	0.63	-12.97
3312.00	1808.00	0.61	-12.91
3344.00	1808.00	0.59	-12.92
3376.00	1808.00	0.53	-12.98
3408.00	1808.00	0.34	-12.96
3440.00	1808.00	0.09	-12.85
3472.00	1808.00	-0.08	-12.73
3504.00	1808.00	-0.04	-12.73
3536.00	1808.00	0.07	-12.79
3568.00	1808.00	-0.00	-12.88
3600.00	1808.00	-0.12	-12.98
3632.00	1808.00	-0.21	-13.08
3664.00	1808.00	-0.29	-13.18
3696.00	1808.00	-0.35	-13.28
3728.00	1808.00	-0.33	-13.38
3760.00	1808.00	-0.33	-13.37
3792.00	1808.00	-0.38	-13.31
3824.00	1808.00	-0.41	-13.14
3856.00	1808.00	-0.36	-12.93
3888.00	1808.00	-0.43	-12.67
3920.00	1808.00	-0.52	-12.33
3952.00	1808.00	-0.50	-11.99
3984.00	1808.00	-0.35	-11.66
4016.00	1808.00	-0.30	-11.46
4048.00	1808.00	-0.37	-11.34
4080.00	1808.00	-0.43	-11.31
4112.00	1808.00	-0.41	-11.36
4144.00	1808.00	-0.28	-11.52
4176.00	1808.00	-0.13	-11.57
4208.00	1808.00	-0.12	-11.46
4240.00	1808.00	-0.24	-11.20
4272.00	1808.00	-0.39	-10.92
4304.00	1808.00	-0.38	-10.68
4336.00	1808.00	-0.32	-10.50
4368.00	1808.00	-0.23	-10.47
4400.00	1808.00	-0.26	-10.46
4432.00	1808.00	-0.31	-10.49
4464.00	1808.00	-0.29	-10.51
4496.00	1808.00	-0.29	-10.61
4528.00	1808.00	-0.35	-10.77
4560.00	1808.00	-0.44	-10.89
4592.00	1808.00	-0.41	-11.02
4624.00	1808.00	-0.33	-11.12
4656.00	1808.00	-0.42	-11.20
4688.00	1808.00	-0.65	-11.28
4720.00	1808.00	-0.84	-11.33
4752.00	1808.00	-0.82	-11.38
4784.00	1808.00	-0.73	-11.44
4816.00	1808.00	-0.63	-11.52
4848.00	1808.00	-0.61	-11.62
4880.00	1808.00	-0.57	-11.63
4912.00	1808.00	-0.70	-11.51
4944.00	1808.00	-0.90	-11.15
4976.00	1808.00	-1.12	-10.72
5008.00	1808.00	-1.23	-10.25
5040.00	1808.00	-1.05	-9.99
5072.00	1808.00	-0.84	-10.07
5104.00	1808.00	-0.55	-10.25
5136.00	1808.00	-0.45	-10.37
5168.00	1808.00	-0.37	-10.39
5200.00	1808.00	-0.40	-10.46
5232.00	1808.00	-0.49	-10.45
5264.00	1808.00	-0.57	-10.29
5296.00	1808.00	-0.80	-10.08
5328.00	1808.00	-0.96	-10.05
5360.00	1808.00	-0.84	-10.05
5392.00	1808.00	-0.39	-10.12
5424.00	1808.00	-0.08	-10.11
5456.00	1808.00	-0.34	-10.03
5488.00	1808.00	-0.56	-9.90
5520.00	1808.00	-0.53	-9.81
5552.00	1808.00	-0.23	-9.93
5584.00	1808.00	-0.27	-9.71
5616.00	1808.00	-0.46	-9.24
5648.00	1808.00	-0.43	-8.96
5680.00	1808.00	-0.27	-9.18
5712.00	1808.00	-0.08	-9.73
5744.00	1808.00	0.00	-10.02
5776.00	1808.00	0.04	-9.90
5808.00	1808.00	0.03	-9.53
5840.00	1808.00	-0.11	-9.18
5872.00	1808.00	-0.22	-9.09
5904.00	1808.00	-0.16	-9.27
5936.00	1808.00	-0.06	-8.76
5968.00	1808.00	0.12	-7.77
6000.00	1808.00	0.15	-6.37
6032.00	1808.00	0.13	-5.32
6064.00	1808.00	0.07	-3.83
6096.00	1808.00	0.07	-2.01
6128.00	1808.00	0.12	-0.84
6160.00	1808.00	0.25	-1.17
6192.00	1808.00	0.41	-2.77
6224.00	1808.00	0.49	-4.67
6256.00	1808.00	0.55	-6.53
6288.00	1808.00	0.63	-8.07
6320.00	1808.00	0.72	-8.99
6352.00	1808.00	0.76	-9.19
6384.00	1808.00	0.74	-8.94
6416.00	1808.00	0.75	-8.94
6448.00	1808.00	0.64	-9.38
6480.00	1808.00	0.44	-9.78
6512.00	1808.00	0.29	-9.77
6544.00	1808.00	0.32	-9.44
6576.00	1808.00	0.39	-9.27
16.00	1840.00	0.32	-15.22
48.00	1840.00	0.32	-15.24
80.00	1840.00	0.30	-15.27
112.00	1840.00	0.26	-15.28
144.00	1840.00	0.23	-15.27
176.00	1840.00	0.22	-15.27
208.00	1840.00	0.22	-15.22
240.00	1840.00	0.27	-15.16
272.00	1840.00	0.31	-15.12
304.00	1840.00	0.37	-15.21
336.00	1840.00	0.31	-15.34
368.00	1840.00	0.27	-15.42
400.00	1840.00	0.33	-15.41
432.00	1840.00	0.39	-15.32
464.00	1840.00	0.42	-15.27
496.00	1840.00	0.37	-15.31
528.00	1840.00	0.33	-15.44
560.00	1840.00	0.31	-15.42
592.00	1840.00	0.33	-15.31
624.00	1840.00	0.39	-15.19
656.00	1840.00	0.41	-15.23
688.00	1840.00	0.35	-15.33
720.00	1840.00	0.25	-15.35
752.00	1840.00	0.21	-15.29
784.00	1840.00	0.25	-15.26
816.00	1840.00	0.32	-15.27
848.00	1840.00	0.35	-15.33
880.00	1840.00	0.37	-15.31
912.00	1840.00	0.36	-15.31
944.00	1840.00	0.32	-15.34
976.00	1840.00	0.30	-15.37
1008.00	1840.00	0.33	-15.37
1040.00	1840.00	0.37	-15.29
1072.00	1840.00	0.34	-15.23
1104.00	1840.00	0.24	-15.18
1136.00	1840.00	0.21	-15.11
1168.00	1840.00	0.27	-15.13
1200.00	1840.00	0.33	-15.15
1232.00	1840.00	0.18	-15.23
1264.00	1840.00	0.01	-15.26
1296.00	1840.00	-0.02	-15.31
1328.00	1840.00	0.23	-15.37
1360.00	1840.00	0.29	-15.38
1392.00	1840.00	0.15	-15.35
1424.00	1840.00	-0.00	-15.38
1456.00	1840.00	-0.03	-15.43
1488.00	1840.00	0.06	-15.44
1520.00	1840.00	0.18	-15.30
1552.00	1840.00	0.41	-15.18
1584.00	1840.00	0.65	-15.19
1616.00	1840.00	0.71	-15.28
1648.00	1840.00	0.48	-15.35
1680.00	1840.00	0.18	-15.32
1712.00	1840.00	-0.01	-15.19
1744.00	1840.00	0.07	-15.11
1776.00	1840.00	0.33	-15.07
1808.00	1840.00	0.51	-15.12
1840.00	1840.00	0.52	-15.12
1872.00	1840.00	0.42	-15.12
1904.00	1840.00	0.38	-15.15
1936.00	1840.00	0.37	-15.14
1968.00	1840.00	0.42	-15.10
2000.00	1840.00	0.35	-15.05
2032.00	1840.00	0.23	-15.01
2064.00	1840.00	0.05	-14.98
2096.00	1840.00	0.06	-14.99
2128.00	1840.00	0.16	-15.00
2160.00	1840.00	0.23	-15.01
2192.00	1840.00	0.31	-14.94
2224.00	1840.00	0.40	-14.86
2256.00	1840.00	0.47	-14.77
2288.00	1840.00	0.47	-14.76
2320.00	1840.00	0.41	-14.82
2352.00	1840.00	0.39	-14.95
2384.00	1840.00	0.48	-15.09
2416.00	1840.00	0.63	-15.12
2448.00	1840.00	0.73	-15.01
2480.00	1840.00	0.62	-14.76
2512.00	1840.00	0.49	-14.70
2544.00	1840.00	0.44	-14.72
2576.00	1840.00	0.57	-14.77
2608.00	1840.00	0.74	-14.67
2640.00	1840.00	0.84	-14.44
2672.00	1840.00	0.82	-14.28
2704.00	1840.00	0.73	-14.36
2736.00	1840.00	0.59	-14.60
2768.00	1840.00	0.50	-14.80
2800.00	1840.00	0.54	-14.77
2832.00	1840.00	0.70	-14.66
2864.00	1840.00	0.90	-14.47
2896.00	1840.00	1.06	-14.25
2928.00	1840.00	1.19	-14.04
2960.00	1840.00	1.19	-13.86
2992.00	1840.00	1.05	-13.66
3024.00	1840.00	0.86	-13.59
3056.00	1840.00	0.77	-13.59
3088.00	1840.00	0.82	-13.60
3120.00	1840.00	0.93	-13.49
3152.00	1840.00	1.02	-13.28
3184.00	1840.00	1.08	-13.18
3216.00	1840.00	0.98	-13.07
3248.00	1840.00	0.81	-12.97
3280.00	1840.00	0.61	-12.85
3312.00	1840.00	0.55	-12.79
3344.00	1840.00	0.53	-12.89
3376.00	1840.00	0.50	-13.02
3408.00	1840.00	0.35	-13.02
3440.00	1840.00	0.08	-12.86
3472.00	1840.00	-0.09	-12.71
3504.00	1840.00	-0.03	-12.69
3536.00	1840.00	0.16	-12.77
3568.00	1840.00	0.16	-12.89
3600.00	1840.00	-0.03	-13.00
3632.00	1840.00	-0.23	-13.10
3664.00	1840.00	-0.34	-13.15
3696.00	1840.00	-0.38	-13.19
3728.00	1840.00	-0.38	-13.30
3760.00	1840.00	-0.38	-13.36
3792.00	1840.00	-0.40	-13.39
3824.00	1840.00	-0.39	-13.25
3856.00	1840.00	-0.39	-12.99
3888.00	1840.00	-0.50	-12.65
3920.00	1840.00	-0.64	-12.30
3952.00	1840.00	-0.62	-12.03
3984.00	1840.00	-0.48	-11.78
4016.00	1840.00	-0.40	-11.57
4048.00	1840.00	-0.47	-11.43
4080.00	1840.00	-0.49	-11.44
4112.00	1840.00	-0.40	-11.56
4144.00	1840.00	-0.24	-11.77
4176.00	1840.00	-0.14	-11.71
4208.00	1840.00	-0.19	-11.49
4240.00	1840.00	-0.30	-11.14
4272.00	1840.00	-0.39	-10.92
4304.00	1840.00	-0.31	-10.77
4336.00	1840.00	-0.23	-10.61
4368.00	1840.00	-0.22	-10.53
4400.00	1840.00	-0.31	-10.52
4432.00	1840.00	-0.35	-10.54
4464.00	1840.00	-0.27	-10.57
4496.00	1840.00	-0.19	-10.60
4528.00	1840.00	-0.26	-10.70
4560.00	1840.00	-0.37	-10.86
4592.00	1840.00	-0.37	-11.04
4624.00	1840.00	-0.33	-11.17
4656.00	1840.00	-0.44	-11.22
4688.00	1840.00	-0.76	-11.28
4720.00	1840.00	-0.98	-11.32
4752.00	1840.00	-0.93	-11.37
4784.00	1840.00	-0.74	-11.41
4816.00	1840.00	-0.60	-11.47
4848.00	1840.00	-0.69	-11.62
4880.00	1840.00	-0.76	-11.71
4912.00	1840.00	-0.87	-11.62
4944.00	1840.00	-0.99	-11.21
4976.00	1840.00	-1.13	-10.67
5008.00	1840.00	-1.22	-10.16
5040.00	1840.00	-1.05	-9.90
5072.00	1840.00	-0.82	-10.02
5104.00	1840.00	-0.56	-10.20
5136.00	1840.00	-0.58	-10.22
5168.00	1840.00	-0.61	-10.11
5200.00	1840.00	-0.66	-10.14
5232.00	1840.00	-0.66	-10.17
5264.00	1840.00	-0.67	-10.08
5296.00	1840.00	-0.90	-9.83
5328.00	1840.00	-1.02	-9.67
5360.00	1840.00	-0.97	-9.66
5392.00	1840.00	-0.62	-9.78
5424.00	1840.00	-0.34	-9.98
5456.00	1840.00	-0.37	-10.09
5488.00	1840.00	-0.37	-10.14
5520.00	1840.00	-0.37	-10.03
5552.00	1840.00	-0.29	-10.01
5584.00	1840.00	-0.42	-9.70
5616.00	1840.00	-0.53	-9.32
5648.00	1840.00	-0.41	-9.15
5680.00	1840.00	-0.23	-9.37
5712.00	1840.00	-0.01	-9.82
5744.00	1840.00	0.11	-10.04
5776.00	1840.00	0.18	-10.04
5808.00	1840.00	0.20	-9.96
5840.00	1840.00	0.08	-9.80
5872.00	1840.00	0.01	-9.71
5904.00	1840.00	0.03	-9.63
5936.00	1840.00	0.05	-8.66
5968.00	1840.00	0.14	-7.23
6000.00	1840.00	0.13	-5.60
6032.00	1840.00	0.12	-4.63
6064.00	1840.00	0.06	-3.38
6096.00	1840.00	0.08	-1.82
6128.00	1840.00	0.15	-0.83
6160.00	1840.00	0.25	-1.16
6192.00	1840.00	0.35	-2.45
6224.00	1840.00	0.38	-3.41
6256.00	1840.00	0.44	-5.01
6288.00	1840.00	0.50	-6.77
6320.00	1840.00	0.64	-8.90
6352.00	1840.00	0.72	-9.53
6384.00	1840.00	0.67	-9.54
6416.00	1840.00	0.50	-9.49
6448.00	1840.00	0.26	-9.88
6480.00	1840.00	0.15	-10.05
6512.00	1840.00	0.16	-9.79
6544.00	1840.00	0.30	-9.41
6576.00	1840.00	0.36	-9.30
16.00	1872.00	0.31	-15.30
48.00	1872.00	0.33	-15.31
80.00	1872.00	0.37	-15.33
112.00	1872.00	0.35	-15.34
144.00	1872.00	0.27	-15.30
176.00	1872.00	0.19	-15.22
208.00	1872.00	0.11	-15.13
240.00	1872.00	0.15	-15.11
272.00	1872.00	0.24	-15.15
304.00	1872.00	0.33	-15.25
336.00	1872.00	0.29	-15.31
368.00	1872.00	0.23	-15.30
400.00	1872.00	0.21	-15.26
432.00	1872.00	0.26	-15.16
464.00	1872.00	0.28	-15.16
496.00	1872.00	0.28	-15.24
528.00	1872.00	0.30	-15.41
560.00	1872.00	0.31	-15.39
592.00	1872.00	0.37	-15.29
624.00	1872.00	0.43	-15.19
656.00	1872.00	0.47	-15.20
688.00	1872.00	0.40	-15.24
720.00	1872.00	0.29	-15.22
752.00	1872.00	0.24	-15.18
784.00	1872.00	0.24	-15.18
816.00	1872.00	0.28	-15.23
848.00	1872.00	0.32	-15.29
880.00	1872.00	0.38	-15.28
912.00	1872.00	0.36	-15.29
944.00	1872.00	0.28	-15.38
976.00	1872.00	0.24	-15.42
1008.00	1872.00	0.29	-15.39
1040.00	1872.00	0.31	-15.29
1072.00	1872.00	0.31	-15.23
1104.00	1872.00	0.24	-15.18
1136.00	1872.00	0.20	-15.05
1168.00	1872.00	0.14	-14.95
1200.00	1872.00	0.17	-14.92
1232.00	1872.00	0.16	-15.06
1264.00	1872.00	0.18	-15.21
1296.00	1872.00	0.14	-15.39
1328.00	1872.00	0.25	-15.48
1360.00	1872.00	0.25	-15.49
1392.00	1872.00	0.14	-15.44
1424.00	1872.00	-0.01	-15.44
1456.00	1872.00	-0.08	-15.48
1488.00	1872.00	-0.02	-15.48
1520.00	1872.00	0.14	-15.35
1552.00	1872.00	0.35	-15.22
1584.00	1872.00	0.53	-15.17
1616.00	1872.00	0.49	-15.24
1648.00	1872.00	0.35	-15.30
1680.00	1872.00	0.20	-15.27
1712.00	1872.00	0.06	-15.12
1744.00	1872.00	0.06	-15.06
1776.00	1872.00	0.27	-15.11
1808.00	1872.00	0.54	-15.23
1840.00	1872.00	0.63	-15.26
1872.00	1872.00	0.57	-15.27
1904.00	1872.00	0.52	-15.26
1936.00	1872.00	0.44	-15.22
1968.00	1872.00	0.42	-15.14
2000.00	1872.00	0.35	-15.07
2032.00	1872.00	0.31	-15.03
2064.00	1872.00	0.23	-15.03
2096.00	1872.00	0.25	-15.04
2128.00	1872.00	0.34	-15.06
2160.00	1872.00	0.33	-15.07
2192.00	1872.00	0.33	-15.03
2224.00	1872.00	0.35	-14.94
2256.00	1872.00	0.37	-14.78
2288.00	1872.00	0.30	-14.67
2320.00	1872.00	0.27	-14.75
2352.00	1872.00	0.32	-14.99
2384.00	1872.00	0.50	-15.21
2416.00	1872.00	0.68	-15.21
2448.00	1872.00	0.77	-15.06
2480.00	1872.00	0.70	-14.82
2512.00	1872.00	0.61	-14.78
2544.00	1872.00	0.54	-14.82
2576.00	1872.00	0.59	-14.87
2608.00	1872.00	0.69	-14.76
2640.00	1872.00	0.74	-14.52
2672.00	1872.00	0.70	-14.30
2704.00	1872.00	0.65	-14.29
2736.00	1872.00	0.64	-14.48
2768.00	1872.00	0.66	-14.69
2800.00	1872.00	0.72	-14.70
2832.00	1872.00	0.82	-14.58
2864.00	1872.00	0.95	-14.39
2896.00	1872.00	1.05	-14.21
2928.00	1872.00	1.15	-14.08
2960.00	1872.00	1.14	-13.98
2992.00	1872.00	1.05	-13.83
3024.00	1872.00	0.89	-13.67
3056.00	1872.00	0.82	-13.57
3088.00	1872.00	0.84	-13.50
3120.00	1872.00	0.95	-13.43
3152.00	1872.00	1.03	-13.31
3184.00	1872.00	1.02	-13.23
3216.00	1872.00	0.89	-13.07
3248.00	1872.00	0.76	-12.88
3280.00	1872.00	0.60	-12.72
3312.00	1872.00	0.54	-12.67
3344.00	1872.00	0.47	-12.78
3376.00	1872.00	0.45	-12.90
3408.00	1872.00	0.37	-12.88
3440.00	1872.00	0.16	-12.77
3472.00	1872.00	0.03	-12.67
3504.00	1872.00	0.06	-12.69
3536.00	1872.00	0.24	-12.82
3568.00	1872.00	0.26	-12.99
3600.00	1872.00	0.03	-13.10
3632.00	1872.00	-0.27	-13.15
3664.00	1872.00	-0.42	-13.14
3696.00	1872.00	-0.45	-13.15
3728.00	1872.00	-0.43	-13.22
3760.00	1872.00	-0.42	-13.26
3792.00	1872.00	-0.41	-13.28
3824.00	1872.00	-0.39	-13.17
3856.00	1872.00	-0.46	-12.95
3888.00	1872.00	-0.61	-12.66
3920.00	1872.00	-0.76	-12.41
3952.00	1872.00	-0.74	-12.23
3984.00	1872.00	-0.62	-12.03
4016.00	1872.00	-0.50	-11.74
4048.00	1872.00	-0.50	-11.52
4080.00	1872.00	-0.47	-11.44
4112.00	1872.00	-0.38	-11.42
4144.00	1872.00	-0.27	-11.57
4176.00	1872.00	-0.23	-11.50
4208.00	1872.00	-0.28	-11.39
4240.00	1872.00	-0.32	-11.13
4272.00	1872.00	-0.26	-11.04
4304.00	1872.00	-0.14	-10.93
4336.00	1872.00	-0.10	-10.80
4368.00	1872.00	-0.20	-10.69
4400.00	1872.00	-0.39	-10.71
4432.00	1872.00	-0.41	-10.75
4464.00	1872.00	-0.28	-10.73
4496.00	1872.00	-0.12	-10.63
4528.00	1872.00	-0.19	-10.59
4560.00	1872.00	-0.31	-10.72
4592.00	1872.00	-0.34	-10.95
4624.00	1872.00	-0.32	-11.14
4656.00	1872.00	-0.45	-11.23
4688.00	1872.00	-0.82	-11.31
4720.00	1872.00	-1.07	-11.37
4752.00	1872.00	-0.96	-11.41
4784.00	1872.00	-0.64	-11.40
4816.00	1872.00	-0.48	-11.41
4848.00	1872.00	-0.64	-11.57
4880.00	1872.00	-0.86	-11.71
4912.00	1872.00	-0.92	-11.68
4944.00	1872.00	-0.87	-11.32
4976.00	1872.00	-0.88	-10.82
5008.00	1872.00	-0.99	-10.37
5040.00	1872.00	-1.03	-10.14
5072.00	1872.00	-0.92	-10.16
5104.00	1872.00	-0.78	-10.25
5136.00	1872.00	-0.89	-10.10
5168.00	1872.00	-0.94	-9.95
5200.00	1872.00	-0.94	-9.94
5232.00	1872.00	-0.81	-10.05
5264.00	1872.00	-0.72	-10.06
5296.00	1872.00	-0.86	-9.85
5328.00	1872.00	-1.01	-9.64
5360.00	1872.00	-1.08	-9.54
5392.00	1872.00	-0.98	-9.54
5424.00	1872.00	-0.77	-9.71
5456.00	1872.00	-0.57	-10.01
5488.00	1872.00	-0.38	-10.17
5520.00	1872.00	-0.42	-9.99
5552.00	1872.00	-0.56	-9.64
5584.00	1872.00	-0.76	-9.31
5616.00	1872.00	-0.72	-9.17
5648.00	1872.00	-0.44	-9.38
5680.00	1872.00	-0.13	-9.72
5712.00	1872.00	0.09	-10.00
5744.00	1872.00	0.12	-10.05
5776.00	1872.00	0.17	-10.18
5808.00	1872.00	0.22	-10.33
5840.00	1872.00	0.17	-10.31
5872.00	1872.00	0.12	-10.17
5904.00	1872.00	0.09	-9.74
5936.00	1872.00	0.06	-8.41
5968.00	1872.00	0.05	-6.55
6000.00	1872.00	0.04	-4.98
6032.00	1872.00	0.07	-4.11
6064.00	1872.00	0.08	-3.07
6096.00	1872.00	0.11	-1.61
6128.00	1872.00	0.16	-0.74
6160.00	1872.00	0.21	-1.16
6192.00	1872.00	0.23	-2.39
6224.00	1872.00	0.22	-2.94
6256.00	1872.00	0.26	-4.04
6288.00	1872.00	0.28	-5.73
6320.00	1872.00	0.43	-8.43
6352.00	1872.00	0.56	-9.82
6384.00	1872.00	0.59	-10.12
6416.00	1872.00	0.40	-10.02
6448.00	1872.00	0.15	-10.05
6480.00	1872.00	0.08	-10.09
6512.00	1872.00	0.16	-9.79
6544.00	1872.00	0.27	-9.63
6576.00	1872.00	0.32	-9.64
16.00	1904.00	0.33	-15.32
48.00	1904.00	0.35	-15.33
80.00	1904.00	0.41	-15.35
112.00	1904.00	0.39	-15.38
144.00	1904.00	0.28	-15.37
176.00	1904.00	0.16	-15.32
208.00	1904.00	0.04	-15.21
240.00	1904.00	0.07	-15.23
272.00	1904.00	0.17	-15.28
304.00	1904.00	0.26	-15.35
336.00	1904.00	0.26	-15.31
368.00	1904.00	0.27	-15.19
400.00	1904.00	0.28	-15.07
432.00	1904.00	0.33	-14.96
464.00	1904.00	0.31	-15.07
496.00	1904.00	0.31	-15.25
528.00	1904.00	0.33	-15.43
560.00	1904.00	0.35	-15.36
592.00	1904.00	0.37	-15.26
624.00	1904.00	0.43	-15.17
656.00	1904.00	0.45	-15.19
688.00	1904.00	0.47	-15.20
720.00	1904.00	0.41	-15.13
752.00	1904.00	0.34	-15.10
784.00	1904.00	0.24	-15.18
816.00	1904.00	0.19	-15.30
848.00	1904.00	0.21	-15.35
880.00	1904.00	0.30	-15.27
912.00	1904.00	0.33	-15.26
944.00	1904.00	0.27	-15.35
976.00	1904.00	0.24	-15.41
1008.00	1904.00	0.27	-15.37
1040.00	1904.00	0.29	-15.26
1072.00	1904.00	0.30	-15.21
1104.00	1904.00	0.28	-15.17
1136.00	1904.00	0.19	-15.08
1168.00	1904.00	0.05	-14.93
1200.00	1904.00	0.07	-14.83
1232.00	1904.00	0.28	-14.94
1264.00	1904.00	0.48	-15.12
1296.00	1904.00	0.40	-15.33
1328.00	1904.00	0.35	-15.41
1360.00	1904.00	0.33	-15.43
1392.00	1904.00	0.29	-15.41
1424.00	1904.00	0.15	-15.41
1456.00	1904.00	0.05	-15.43
1488.00	1904.00	0.07	-15.42
1520.00	1904.00	0.20	-15.32
1552.00	1904.00	0.30	-15.22
1584.00	1904.00	0.37	-15.22
1616.00	1904.00	0.29	-15.28
1648.00	1904.00	0.24	-15.31
1680.00	1904.00	0.23	-15.22
1712.00	1904.00	0.27	-15.07
1744.00	1904.00	0.28	-15.07
1776.00	1904.00	0.40	-15.18
1808.00	1904.00	0.50	-15.36
1840.00	1904.00	0.54	-15.44
1872.00	1904.00	0.51	-15.43
1904.00	1904.00	0.52	-15.34
1936.00	1904.00	0.43	-15.20
1968.00	1904.00	0.37	-15.06
2000.00	1904.00	0.34	-15.00
2032.00	1904.00	0.40	-15.02
2064.00	1904.00	0.40	-15.10
2096.00	1904.00	0.48	-15.12
2128.00	1904.00	0.54	-15.12
2160.00	1904.00	0.42	-15.08
2192.00	1904.00	0.31	-15.06
2224.00	1904.00	0.27	-14.97
2256.00	1904.00	0.31	-14.82
2288.00	1904.00	0.24	-14.73
2320.00	1904.00	0.24	-14.84
2352.00	1904.00	0.36	-15.10
2384.00	1904.00	0.59	-15.29
2416.00	1904.00	0.78	-15.22
2448.00	1904.00	0.85	-15.05
2480.00	1904.00	0.80	-14.88
2512.00	1904.00	0.68	-14.87
2544.00	1904.00	0.58	-14.89
2576.00	1904.00	0.54	-14.89
2608.00	1904.00	0.60	-14.79
2640.00	1904.00	0.61	-14.61
2672.00	1904.00	0.58	-14.46
2704.00	1904.00	0.61	-14.38
2736.00	1904.00	0.72	-14.46
2768.00	1904.00	0.81	-14.57
2800.00	1904.00	0.83	-14.58
2832.00	1904.00	0.84	-14.44
2864.00	1904.00	0.92	-14.30
2896.00	1904.00	1.00	-14.19
2928.00	1904.00	1.11	-14.17
2960.00	1904.00	1.06	-14.15
2992.00	1904.00	1.02	-13.99
3024.00	1904.00	0.95	-13.79
3056.00	1904.00	0.96	-13.59
3088.00	1904.00	0.94	-13.45
3120.00	1904.00	0.96	-13.36
3152.00	1904.00	1.00	-13.32
3184.00	1904.00	0.94	-13.23
3216.00	1904.00	0.79	-13.02
3248.00	1904.00	0.68	-12.76
3280.00	1904.00	0.61	-12.63
3312.00	1904.00	0.60	-12.69
3344.00	1904.00	0.51	-12.78
3376.00	1904.00	0.52	-12.85
3408.00	1904.00	0.48	-12.79
3440.00	1904.00	0.38	-12.70
3472.00	1904.00	0.27	-12.66
3504.00	1904.00	0.24	-12.72
3536.00	1904.00	0.29	-12.87
3568.00	1904.00	0.26	-13.03
3600.00	1904.00	0.05	-13.09
3632.00	1904.00	-0.21	-13.07
3664.00	1904.00	-0.39	-13.06
3696.00	1904.00	-0.43	-13.10
3728.00	1904.00	-0.42	-13.16
3760.00	1904.00	-0.40	-13.15
3792.00	1904.00	-0.39	-13.10
3824.00	1904.00	-0.41	-12.99
3856.00	1904.00	-0.57	-12.81
3888.00	1904.00	-0.75	-12.62
3920.00	1904.00	-0.87	-12.51
3952.00	1904.00	-0.75	-12.47
3984.00	1904.00	-0.63	-12.33
4016.00	1904.00	-0.51	-11.99
4048.00	1904.00	-0.50	-11.65
4080.00	1904.00	-0.43	-11.41
4112.00	1904.00	-0.36	-11.24
4144.00	1904.00	-0.30	-11.22
4176.00	1904.00	-0.25	-11.17
4208.00	1904.00	-0.27	-11.19
4240.00	1904.00	-0.28	-11.10
4272.00	1904.00	-0.20	-11.15
4304.00	1904.00	-0.06	-11.14
4336.00	1904.00	-0.04	-11.03
4368.00	1904.00	-0.15	-10.90
4400.00	1904.00	-0.36	-10.88
4432.00	1904.00	-0.38	-10.91
4464.00	1904.00	-0.25	-10.84
4496.00	1904.00	-0.10	-10.68
4528.00	1904.00	-0.16	-10.59
4560.00	1904.00	-0.35	-10.72
4592.00	1904.00	-0.43	-10.96
4624.00	1904.00	-0.41	-11.18
4656.00	1904.00	-0.53	-11.26
4688.00	1904.00	-0.85	-11.32
4720.00	1904.00	-1.03	-11.41
4752.00	1904.00	-0.88	-11.44
4784.00	1904.00	-0.59	-11.40
4816.00	1904.00	-0.54	-11.35
4848.00	1904.00	-0.77	-11.47
4880.00	1904.00	-1.02	-11.65
4912.00	1904.00	-1.02	-11.67
4944.00	1904.00	-0.88	-11.44
4976.00	1904.00	-0.79	-11.04
5008.00	1904.00	-0.85	-10.64
5040.00	1904.00	-0.94	-10.39
5072.00	1904.00	-0.93	-10.37
5104.00	1904.00	-0.86	-10.44
5136.00	1904.00	-0.98	-10.23
5168.00	1904.00	-0.99	-10.01
5200.00	1904.00	-0.95	-10.01
5232.00	1904.00	-0.69	-10.23
5264.00	1904.00	-0.63	-10.29
5296.00	1904.00	-0.76	-10.03
5328.00	1904.00	-0.93	-9.77
5360.00	1904.00	-1.02	-9.60
5392.00	1904.00	-1.06	-9.44
5424.00	1904.00	-1.02	-9.42
5456.00	1904.00	-0.72	-9.81
5488.00	1904.00	-0.52	-9.97
5520.00	1904.00	-0.53	-9.69
5552.00	1904.00	-0.85	-9.05
5584.00	1904.00	-1.14	-8.65
5616.00	1904.00	-0.98	-8.92
5648.00	1904.00	-0.55	-9.48
5680.00	1904.00	-0.01	-10.03
5712.00	1904.00	0.18	-10.13
5744.00	1904.00	0.13	-10.09
5776.00	1904.00	0.18	-10.33
5808.00	1904.00	0.27	-10.57
5840.00	1904.00	0.29	-10.61
5872.00	1904.00	0.28	-10.41
5904.00	1904.00	0.26	-9.82
5936.00	1904.00	0.16	-8.26
5968.00	1904.00	0.03	-6.59
6000.00	1904.00	0.01	-5.29
6032.00	1904.00	0.14	-4.58
6064.00	1904.00	0.20	-3.25
6096.00	1904.00	0.20	-1.56
6128.00	1904.00	0.18	-0.79
6160.00	1904.00	0.18	-1.51
6192.00	1904.00	0.18	-3.25
6224.00	1904.00	0.09	-3.67
6256.00	1904.00	0.08	-4.43
6288.00	1904.00	-0.02	-5.59
6320.00	1904.00	0.06	-8.23
6352.00	1904.00	0.09	-9.66
6384.00	1904.00	0.23	-10.01
6416.00	1904.00	0.24	-9.91
6448.00	1904.00	0.18	-9.93
6480.00	1904.00	0.13	-9.98
6512.00	1904.00	0.11	-9.83
6544.00	1904.00	0.16	-9.73
6576.00	1904.00	0.17	-9.76
16.00	1936.00	0.33	-15.32
48.00	1936.00	0.34	-15.33
80.00	1936.00	0.34	-15.34
112.00	1936.00	0.27	-15.43
144.00	1936.00	0.15	-15.46
176.00	1936.00	0.08	-15.44
208.00	1936.00	0.02	-15.33
240.00	1936.00	0.08	-15.35
272.00	1936.00	0.17	-15.38
304.00	1936.00	0.24	-15.42
336.00	1936.00	0.25	-15.34
368.00	1936.00	0.32	-15.20
400.00	1936.00	0.37	-15.06
432.00	1936.00	0.39	-14.96
464.00	1936.00	0.33	-15.09
496.00	1936.00	0.27	-15.27
528.00	1936.00	0.27	-15.40
560.00	1936.00	0.30	-15.30
592.00	1936.00	0.34	-15.21
624.00	1936.00	0.39	-15.20
656.00	1936.00	0.39	-15.28
688.00	1936.00	0.44	-15.27
720.00	1936.00	0.43	-15.21
752.00	1936.00	0.35	-15.18
784.00	1936.00	0.19	-15.30
816.00	1936.00	0.08	-15.41
848.00	1936.00	0.09	-15.40
880.00	1936.00	0.19	-15.27
912.00	1936.00	0.29	-15.24
944.00	1936.00	0.31	-15.33
976.00	1936.00	0.29	-15.41
1008.00	1936.00	0.29	-15.37
1040.00	1936.00	0.33	-15.27
1072.00	1936.00	0.37	-15.22
1104.00	1936.00	0.39	-15.20
1136.00	1936.00	0.32	-15.19
1168.00	1936.00	0.18	-15.05
1200.00	1936.00	0.18	-14.93
1232.00	1936.00	0.38	-14.97
1264.00	1936.00	0.60	-15.10
1296.00	1936.00	0.52	-15.27
1328.00	1936.00	0.43	-15.30
1360.00	1936.00	0.39	-15.32
1392.00	1936.00	0.38	-15.30
1424.00	1936.00	0.28	-15.31
1456.00	1936.00	0.24	-15.30
1488.00	1936.00	0.23	-15.30
1520.00	1936.00	0.30	-15.23
1552.00	1936.00	0.27	-15.18
1584.00	1936.00	0.27	-15.26
1616.00	1936.00	0.21	-15.33
1648.00	1936.00	0.24	-15.35
1680.00	1936.00	0.31	-15.24
1712.00	1936.00	0.43	-15.15
1744.00	1936.00	0.47	-15.16
1776.00	1936.00	0.51	-15.23
1808.00	1936.00	0.45	-15.37
1840.00	1936.00	0.38	-15.48
1872.00	1936.00	0.38	-15.49
1904.00	1936.00	0.46	-15.39
1936.00	1936.00	0.45	-15.18
1968.00	1936.00	0.40	-14.98
2000.00	1936.00	0.38	-14.93
2032.00	1936.00	0.43	-15.01
2064.00	1936.00	0.48	-15.11
2096.00	1936.00	0.58	-15.13
2128.00	1936.00	0.61	-15.10
2160.00	1936.00	0.46	-15.07
2192.00	1936.00	0.33	-15.04
2224.00	1936.00	0.30	-14.95
2256.00	1936.00	0.36	-14.83
2288.00	1936.00	0.32	-14.77
2320.00	1936.00	0.37	-14.88
2352.00	1936.00	0.49	-15.08
2384.00	1936.00	0.70	-15.22
2416.00	1936.00	0.84	-15.14
2448.00	1936.00	0.85	-15.01
2480.00	1936.00	0.75	-14.90
2512.00	1936.00	0.60	-14.91
2544.00	1936.00	0.53	-14.93
2576.00	1936.00	0.54	-14.92
2608.00	1936.00	0.57	-14.83
2640.00	1936.00	0.53	-14.75
2672.00	1936.00	0.49	-14.67
2704.00	1936.00	0.58	-14.61
2736.00	1936.00	0.76	-14.56
2768.00	1936.00	0.89	-14.57
2800.00	1936.00	0.84	-14.56
2832.00	1936.00	0.79	-14.49
2864.00	1936.00	0.77	-14.38
2896.00	1936.00	0.86	-14.30
2928.00	1936.00	0.96	-14.29
2960.00	1936.00	0.97	-14.21
2992.00	1936.00	1.00	-14.03
3024.00	1936.00	1.04	-13.81
3056.00	1936.00	1.13	-13.62
3088.00	1936.00	1.08	-13.45
3120.00	1936.00	1.04	-13.32
3152.00	1936.00	1.05	-13.22
3184.00	1936.00	0.96	-13.07
3216.00	1936.00	0.80	-12.88
3248.00	1936.00	0.68	-12.72
3280.00	1936.00	0.68	-12.72
3312.00	1936.00	0.67	-12.78
3344.00	1936.00	0.57	-12.82
3376.00	1936.00	0.60	-12.83
3408.00	1936.00	0.63	-12.77
3440.00	1936.00	0.62	-12.73
3472.00	1936.00	0.46	-12.74
3504.00	1936.00	0.34	-12.81
3536.00	1936.00	0.27	-12.91
3568.00	1936.00	0.21	-13.00
3600.00	1936.00	0.04	-13.02
3632.00	1936.00	-0.15	-12.97
3664.00	1936.00	-0.26	-12.96
3696.00	1936.00	-0.27	-13.03
3728.00	1936.00	-0.34	-13.10
3760.00	1936.00	-0.41	-13.08
3792.00	1936.00	-0.45	-13.00
3824.00	1936.00	-0.49	-12.88
3856.00	1936.00	-0.67	-12.72
3888.00	1936.00	-0.81	-12.62
3920.00	1936.00	-0.84	-12.63
3952.00	1936.00	-0.67	-12.63
3984.00	1936.00	-0.58	-12.49
4016.00	1936.00	-0.51	-12.12
4048.00	1936.00	-0.51	-11.76
4080.00	1936.00	-0.43	-11.47
4112.00	1936.00	-0.34	-11.26
4144.00	1936.00	-0.27	-11.16
4176.00	1936.00	-0.21	-11.09
4208.00	1936.00	-0.20	-11.12
4240.00	1936.00	-0.24	-11.10
4272.00	1936.00	-0.20	-11.21
4304.00	1936.00	-0.11	-11.23
4336.00	1936.00	-0.11	-11.15
4368.00	1936.00	-0.17	-11.01
4400.00	1936.00	-0.31	-10.95
4432.00	1936.00	-0.36	-10.95
4464.00	1936.00	-0.28	-10.85
4496.00	1936.00	-0.19	-10.69
4528.00	1936.00	-0.26	-10.61
4560.00	1936.00	-0.44	-10.79
4592.00	1936.00	-0.55	-11.04
4624.00	1936.00	-0.53	-11.24
4656.00	1936.00	-0.64	-11.27
4688.00	1936.00	-0.87	-11.30
4720.00	1936.00	-0.95	-11.40
4752.00	1936.00	-0.85	-11.43
4784.00	1936.00	-0.67	-11.37
4816.00	1936.00	-0.72	-11.28
4848.00	1936.00	-0.90	-11.35
4880.00	1936.00	-1.08	-11.50
4912.00	1936.00	-1.07	-11.56
4944.00	1936.00	-0.96	-11.44
4976.00	1936.00	-0.82	-11.13
5008.00	1936.00	-0.77	-10.79
5040.00	1936.00	-0.79	-10.60
5072.00	1936.00	-0.84	-10.60
5104.00	1936.00	-0.83	-10.60
5136.00	1936.00	-0.87	-10.39
5168.00	1936.00	-0.80	-10.18
5200.00	1936.00	-0.71	-10.28
5232.00	1936.00	-0.55	-10.51
5264.00	1936.00	-0.59	-10.52
5296.00	1936.00	-0.76	-10.22
5328.00	1936.00	-0.88	-10.03
5360.00	1936.00	-0.88	-9.80
5392.00	1936.00	-0.91	-9.41
5424.00	1936.00	-0.92	-9.03
5456.00	1936.00	-0.68	-9.32
5488.00	1936.00	-0.54	-9.45
5520.00	1936.00	-0.57	-9.20
5552.00	1936.00	-0.87	-8.72
5584.00	1936.00	-1.28	-8.34
5616.00	1936.00	-1.08	-8.90
5648.00	1936.00	-0.61	-9.59
5680.00	1936.00	0.12	-10.42
5712.00	1936.00	0.26	-10.46
5744.00	1936.00	0.13	-10.25
5776.00	1936.00	0.14	-10.38
5808.00	1936.00	0.24	-10.51
5840.00	1936.00	0.35	-10.52
5872.00	1936.00	0.43	-10.35
5904.00	1936.00	0.44	-9.88
5936.00	1936.00	0.30	-8.26
5968.00	1936.00	0.11	-6.81
6000.00	1936.00	0.05	-5.68
6032.00	1936.00	0.16	-5.10
6064.00	1936.00	0.26	-3.54
6096.00	1936.00	0.29	-1.59
6128.00	1936.00	0.26	-0.93
6160.00	1936.00	0.23	-2.53
6192.00	1936.00	0.17	-4.80
6224.00	1936.00	0.06	-5.82
6256.00	1936.00	0.01	-5.70
6288.00	1936.00	-0.11	-6.64
6320.00	1936.00	-0.12	-8.52
6352.00	1936.00	-0.14	-10.03
6384.00	1936.00	-0.08	-10.20
6416.00	1936.00	0.06	-10.02
6448.00	1936.00	0.13	-9.93
6480.00	1936.00	0.23	-9.88
6512.00	1936.00	0.18	-9.89
6544.00	1936.00	0.12	-9.87
6576.00	1936.00	0.08	-9.92
16.00	1968.00	0.23	-15.38
48.00	1968.00	0.22	-15.34
80.00	1968.00	0.15	-15.29
112.00	1968.00	0.06	-15.39
144.00	1968.00	-0.02	-15.44
176.00	1968.00	-0.02	-15.45
208.00	1968.00	-0.00	-15.40
240.00	1968.00	0.12	-15.39
272.00	1968.00	0.26	-15.37
304.00	1968.00	0.34	-15.37
336.00	1968.00	0.33	-15.36
368.00	1968.00	0.37	-15.31
400.00	1968.00	0.42	-15.19
432.00	1968.00	0.40	-15.09
464.00	1968.00	0.32	-15.16
496.00	1968.00	0.22	-15.28
528.00	1968.00	0.19	-15.34
560.00	1968.00	0.23	-15.24
592.00	1968.00	0.28	-15.19
624.00	1968.00	0.33	-15.19
656.00	1968.00	0.31	-15.26
688.00	1968.00	0.38	-15.25
720.00	1968.00	0.38	-15.26
752.00	1968.00	0.32	-15.30
784.00	1968.00	0.19	-15.44
816.00	1968.00	0.09	-15.48
848.00	1968.00	0.11	-15.42
880.00	1968.00	0.19	-15.29
912.00	1968.00	0.33	-15.30
944.00	1968.00	0.40	-15.37
976.00	1968.00	0.36	-15.42
1008.00	1968.00	0.28	-15.39
1040.00	1968.00	0.36	-15.37
1072.00	1968.00	0.46	-15.27
1104.00	1968.00	0.53	-15.17
1136.00	1968.00	0.44	-15.13
1168.00	1968.00	0.38	-15.08
1200.00	1968.00	0.39	-15.07
1232.00	1968.00	0.47	-15.10
1264.00	1968.00	0.51	-15.19
1296.00	1968.00	0.41	-15.30
1328.00	1968.00	0.36	-15.32
1360.00	1968.00	0.36	-15.33
1392.00	1968.00	0.38	-15.30
1424.00	1968.00	0.34	-15.30
1456.00	1968.00	0.38	-15.28
1488.00	1968.00	0.39	-15.29
1520.00	1968.00	0.39	-15.23
1552.00	1968.00	0.29	-15.18
1584.00	1968.00	0.27	-15.28
1616.00	1968.00	0.27	-15.32
1648.00	1968.00	0.37	-15.35
1680.00	1968.00	0.50	-15.26
1712.00	1968.00	0.61	-15.23
1744.00	1968.00	0.64	-15.24
1776.00	1968.00	0.60	-15.27
1808.00	1968.00	0.52	-15.36
1840.00	1968.00	0.36	-15.48
1872.00	1968.00	0.33	-15.51
1904.00	1968.00	0.38	-15.39
1936.00	1968.00	0.45	-15.17
1968.00	1968.00	0.45	-15.00
2000.00	1968.00	0.44	-14.99
2032.00	1968.00	0.45	-15.10
2064.00	1968.00	0.45	-15.16
2096.00	1968.00	0.48	-15.12
2128.00	1968.00	0.46	-15.01
2160.00	1968.00	0.38	-14.98
2192.00	1968.00	0.36	-14.94
2224.00	1968.00	0.42	-14.87
2256.00	1968.00	0.52	-14.84
2288.00	1968.00	0.55	-14.85
2320.00	1968.00	0.60	-14.90
2352.00	1968.00	0.65	-14.97
2384.00	1968.00	0.74	-15.04
2416.00	1968.00	0.77	-15.04
2448.00	1968.00	0.70	-14.97
2480.00	1968.00	0.56	-14.90
2512.00	1968.00	0.45	-14.89
2544.00	1968.00	0.43	-14.90
2576.00	1968.00	0.48	-14.89
2608.00	1968.00	0.49	-14.81
2640.00	1968.00	0.47	-14.77
2672.00	1968.00	0.45	-14.75
2704.00	1968.00	0.56	-14.73
2736.00	1968.00	0.68	-14.64
2768.00	1968.00	0.78	-14.60
2800.00	1968.00	0.77	-14.63
2832.00	1968.00	0.77	-14.65
2864.00	1968.00	0.74	-14.56
2896.00	1968.00	0.80	-14.41
2928.00	1968.00	0.86	-14.33
2960.00	1968.00	0.90	-14.20
2992.00	1968.00	0.99	-14.02
3024.00	1968.00	1.07	-13.86
3056.00	1968.00	1.17	-13.69
3088.00	1968.00	1.11	-13.56
3120.00	1968.00	1.09	-13.40
3152.00	1968.00	1.09	-13.27
3184.00	1968.00	1.02	-13.08
3216.00	1968.00	0.90	-12.92
3248.00	1968.00	0.78	-12.86
3280.00	1968.00	0.68	-12.87
3312.00	1968.00	0.60	-12.86
3344.00	1968.00	0.49	-12.85
3376.00	1968.00	0.56	-12.86
3408.00	1968.00	0.60	-12.82
3440.00	1968.00	0.63	-12.81
3472.00	1968.00	0.52	-12.85
3504.00	1968.00	0.38	-12.93
3536.00	1968.00	0.29	-12.98
3568.00	1968.00	0.21	-12.97
3600.00	1968.00	0.02	-12.91
3632.00	1968.00	-0.11	-12.86
3664.00	1968.00	-0.09	-12.90
3696.00	1968.00	-0.03	-13.01
3728.00	1968.00	-0.20	-13.05
3760.00	1968.00	-0.44	-13.03
3792.00	1968.00	-0.58	-12.99
3824.00	1968.00	-0.63	-12.90
3856.00	1968.00	-0.70	-12.78
3888.00	1968.00	-0.75	-12.68
3920.00	1968.00	-0.72	-12.68
3952.00	1968.00	-0.59	-12.69
3984.00	1968.00	-0.56	-12.56
4016.00	1968.00	-0.56	-12.33
4048.00	1968.00	-0.55	-12.06
4080.00	1968.00	-0.45	-11.84
4112.00	1968.00	-0.32	-11.63
4144.00	1968.00	-0.26	-11.44
4176.00	1968.00	-0.20	-11.27
4208.00	1968.00	-0.20	-11.11
4240.00	1968.00	-0.22	-11.00
4272.00	1968.00	-0.23	-11.03
4304.00	1968.00	-0.21	-11.08
4336.00	1968.00	-0.20	-11.09
4368.00	1968.00	-0.21	-11.05
4400.00	1968.00	-0.31	-11.03
4432.00	1968.00	-0.41	-10.98
4464.00	1968.00	-0.36	-10.84
4496.00	1968.00	-0.31	-10.68
4528.00	1968.00	-0.37	-10.64
4560.00	1968.00	-0.56	-10.84
4592.00	1968.00	-0.66	-11.11
4624.00	1968.00	-0.64	-11.27
4656.00	1968.00	-0.66	-11.25
4688.00	1968.00	-0.77	-11.21
4720.00	1968.00	-0.77	-11.28
4752.00	1968.00	-0.76	-11.35
4784.00	1968.00	-0.72	-11.37
4816.00	1968.00	-0.84	-11.36
4848.00	1968.00	-0.99	-11.43
4880.00	1968.00	-1.08	-11.53
4912.00	1968.00	-1.08	-11.57
4944.00	1968.00	-1.02	-11.45
4976.00	1968.00	-0.96	-11.20
5008.00	1968.00	-0.84	-10.92
5040.00	1968.00	-0.73	-10.76
5072.00	1968.00	-0.70	-10.71
5104.00	1968.00	-0.73	-10.62
5136.00	1968.00	-0.74	-10.49
5168.00	1968.00	-0.68	-10.38
5200.00	1968.00	-0.61	-10.42
5232.00	1968.00	-0.45	-10.45
5264.00	1968.00	-0.48	-10.38
5296.00	1968.00	-0.58	-10.21
5328.00	1968.00	-0.73	-10.19
5360.00	1968.00	-0.72	-9.87
5392.00	1968.00	-0.79	-9.30
5424.00	1968.00	-0.82	-8.77
5456.00	1968.00	-0.59	-8.99
5488.00	1968.00	-0.28	-9.31
5520.00	1968.00	-0.21	-9.18
5552.00	1968.00	-0.62	-8.78
5584.00	1968.00	-1.18	-8.39
5616.00	1968.00	-1.04	-9.01
5648.00	1968.00	-0.47	-9.85
5680.00	1968.00	0.23	-10.70
5712.00	1968.00	0.35	-10.73
5744.00	1968.00	0.24	-10.42
5776.00	1968.00	0.22	-10.31
5808.00	1968.00	0.26	-10.28
5840.00	1968.00	0.32	-10.17
5872.00	1968.00	0.52	-10.12
5904.00	1968.00	0.59	-9.81
5936.00	1968.00	0.48	-8.65
5968.00	1968.00	0.22	-7.52
6000.00	1968.00	0.06	-6.41
6032.00	1968.00	0.08	-5.74
6064.00	1968.00	0.16	-3.96
6096.00	1968.00	0.25	-1.87
6128.00	1968.00	0.32	-0.62
6160.00	1968.00	0.22	-2.28
6192.00	1968.00	0.11	-4.85
6224.00	1968.00	-0.02	-6.63
6256.00	1968.00	-0.00	-6.72
6288.00	1968.00	-0.07	-7.52
6320.00	1968.00	-0.12	-8.94
6352.00	1968.00	-0.21	-9.92
6384.00	1968.00	-0.26	-9.99
6416.00	1968.00	-0.15	-9.79
6448.00	1968.00	0.03	-9.84
6480.00	1968.00	0.27	-9.79
6512.00	1968.00	0.27	-9.92
6544.00	1968.00	0.16	-9.95
6576.00	1968.00	0.04	-9.98
16.00	2000.00	0.16	-15.43
48.00	2000.00	0.15	-15.38
80.00	2000.00	0.10	-15.30
112.00	2000.00	0.02	-15.33
144.00	2000.00	-0.01	-15.35
176.00	2000.00	-0.03	-15.43
208.00	2000.00	-0.02	-15.44
240.00	2000.00	0.09	-15.40
272.00	2000.00	0.29	-15.33
304.00	2000.00	0.38	-15.32
336.00	2000.00	0.36	-15.40
368.00	2000.00	0.32	-15.41
400.00	2000.00	0.33	-15.32
432.00	2000.00	0.31	-15.21
464.00	2000.00	0.28	-15.22
496.00	2000.00	0.23	-15.27
528.00	2000.00	0.22	-15.30
560.00	2000.00	0.21	-15.26
592.00	2000.00	0.23	-15.25
624.00	2000.00	0.28	-15.25
656.00	2000.00	0.28	-15.27
688.00	2000.00	0.30	-15.25
720.00	2000.00	0.29	-15.28
752.00	2000.00	0.29	-15.33
784.00	2000.00	0.24	-15.41
816.00	2000.00	0.19	-15.42
848.00	2000.00	0.22	-15.37
880.00	2000.00	0.27	-15.33
912.00	2000.00	0.38	-15.38
944.00	2000.00	0.44	-15.39
976.00	2000.00	0.39	-15.41
1008.00	2000.00	0.27	-15.40
1040.00	2000.00	0.34	-15.46
1072.00	2000.00	0.47	-15.35
1104.00	2000.00	0.60	-15.23
1136.00	2000.00	0.61	-15.15
1168.00	2000.00	0.62	-15.11
1200.00	2000.00	0.59	-15.18
1232.00	2000.00	0.49	-15.27
1264.00	2000.00	0.39	-15.37
1296.00	2000.00	0.27	-15.40
1328.00	2000.00	0.27	-15.35
1360.00	2000.00	0.32	-15.36
1392.00	2000.00	0.36	-15.37
1424.00	2000.00	0.37	-15.43
1456.00	2000.00	0.45	-15.41
1488.00	2000.00	0.47	-15.38
1520.00	2000.00	0.45	-15.30
1552.00	2000.00	0.32	-15.27
1584.00	2000.00	0.30	-15.33
1616.00	2000.00	0.31	-15.31
1648.00	2000.00	0.42	-15.32
1680.00	2000.00	0.55	-15.29
1712.00	2000.00	0.61	-15.30
1744.00	2000.00	0.63	-15.29
1776.00	2000.00	0.64	-15.27
1808.00	2000.00	0.60	-15.34
1840.00	2000.00	0.45	-15.41
1872.00	2000.00	0.37	-15.42
1904.00	2000.00	0.40	-15.29
1936.00	2000.00	0.46	-15.16
1968.00	2000.00	0.48	-15.08
2000.00	2000.00	0.45	-15.08
2032.00	2000.00	0.49	-15.16
2064.00	2000.00	0.46	-15.20
2096.00	2000.00	0.38	-15.21
2128.00	2000.00	0.28	-15.11
2160.00	2000.00	0.26	-15.03
2192.00	2000.00	0.38	-14.90
2224.00	2000.00	0.51	-14.81
2256.00	2000.00	0.61	-14.85
2288.00	2000.00	0.66	-14.92
2320.00	2000.00	0.68	-14.95
2352.00	2000.00	0.69	-14.91
2384.00	2000.00	0.68	-14.93
2416.00	2000.00	0.63	-14.96
2448.00	2000.00	0.55	-14.90
2480.00	2000.00	0.44	-14.81
2512.00	2000.00	0.43	-14.76
2544.00	2000.00	0.46	-14.79
2576.00	2000.00	0.50	-14.79
2608.00	2000.00	0.48	-14.69
2640.00	2000.00	0.44	-14.64
2672.00	2000.00	0.45	-14.65
2704.00	2000.00	0.54	-14.72
2736.00	2000.00	0.64	-14.72
2768.00	2000.00	0.71	-14.73
2800.00	2000.00	0.77	-14.78
2832.00	2000.00	0.83	-14.76
2864.00	2000.00	0.80	-14.60
2896.00	2000.00	0.78	-14.38
2928.00	2000.00	0.79	-14.28
2960.00	2000.00	0.88	-14.14
2992.00	2000.00	0.96	-14.06
3024.00	2000.00	1.03	-13.96
3056.00	2000.00	1.06	-13.89
3088.00	2000.00	1.04	-13.80
3120.00	2000.00	1.07	-13.65
3152.00	2000.00	1.10	-13.45
3184.00	2000.00	1.07	-13.20
3216.00	2000.00	1.05	-13.06
3248.00	2000.00	0.96	-13.05
3280.00	2000.00	0.77	-13.03
3312.00	2000.00	0.58	-12.96
3344.00	2000.00	0.43	-12.95
3376.00	2000.00	0.46	-12.93
3408.00	2000.00	0.39	-12.82
3440.00	2000.00	0.40	-12.77
3472.00	2000.00	0.37	-12.86
3504.00	2000.00	0.33	-12.99
3536.00	2000.00	0.31	-13.00
3568.00	2000.00	0.23	-12.89
3600.00	2000.00	0.05	-12.78
3632.00	2000.00	-0.06	-12.76
3664.00	2000.00	0.05	-12.87
3696.00	2000.00	0.14	-12.99
3728.00	2000.00	-0.09	-13.00
3760.00	2000.00	-0.46	-12.93
3792.00	2000.00	-0.67	-12.91
3824.00	2000.00	-0.68	-12.88
3856.00	2000.00	-0.59	-12.83
3888.00	2000.00	-0.57	-12.74
3920.00	2000.00	-0.58	-12.68
3952.00	2000.00	-0.62	-12.59
3984.00	2000.00	-0.65	-12.48
4016.00	2000.00	-0.66	-12.38
4048.00	2000.00	-0.61	-12.28
4080.00	2000.00	-0.44	-12.17
4112.00	2000.00	-0.26	-12.02
4144.00	2000.00	-0.21	-11.80
4176.00	2000.00	-0.23	-11.55
4208.00	2000.00	-0.19	-11.26
4240.00	2000.00	-0.15	-11.01
4272.00	2000.00	-0.16	-10.88
4304.00	2000.00	-0.21	-10.87
4336.00	2000.00	-0.23	-10.95
4368.00	2000.00	-0.27	-11.04
4400.00	2000.00	-0.36	-11.08
4432.00	2000.00	-0.46	-11.03
4464.00	2000.00	-0.37	-10.88
4496.00	2000.00	-0.34	-10.72
4528.00	2000.00	-0.46	-10.69
4560.00	2000.00	-0.65	-10.84
4592.00	2000.00	-0.73	-11.06
4624.00	2000.00	-0.67	-11.18
4656.00	2000.00	-0.64	-11.17
4688.00	2000.00	-0.64	-11.13
4720.00	2000.00	-0.64	-11.17
4752.00	2000.00	-0.71	-11.27
4784.00	2000.00	-0.78	-11.34
4816.00	2000.00	-0.88	-11.39
4848.00	2000.00	-0.96	-11.45
4880.00	2000.00	-0.99	-11.51
4912.00	2000.00	-0.96	-11.50
4944.00	2000.00	-0.94	-11.35
4976.00	2000.00	-0.91	-11.14
5008.00	2000.00	-0.81	-10.94
5040.00	2000.00	-0.71	-10.81
5072.00	2000.00	-0.72	-10.65
5104.00	2000.00	-0.78	-10.47
5136.00	2000.00	-0.78	-10.40
5168.00	2000.00	-0.68	-10.45
5200.00	2000.00	-0.61	-10.46
5232.00	2000.00	-0.42	-10.28
5264.00	2000.00	-0.31	-10.09
5296.00	2000.00	-0.32	-10.12
5328.00	2000.00	-0.50	-10.24
5360.00	2000.00	-0.64	-9.93
5392.00	2000.00	-0.80	-9.26
5424.00	2000.00	-0.89	-8.68
5456.00	2000.00	-0.71	-8.74
5488.00	2000.00	-0.26	-9.08
5520.00	2000.00	0.01	-9.23
5552.00	2000.00	-0.30	-8.98
5584.00	2000.00	-0.78	-8.66
5616.00	2000.00	-0.72	-9.13
5648.00	2000.00	-0.15	-9.97
5680.00	2000.00	0.38	-10.79
5712.00	2000.00	0.48	-10.81
5744.00	2000.00	0.33	-10.50
5776.00	2000.00	0.23	-10.17
5808.00	2000.00	0.19	-9.95
5840.00	2000.00	0.21	-9.74
5872.00	2000.00	0.43	-9.75
5904.00	2000.00	0.55	-9.64
5936.00	2000.00	0.51	-8.99
5968.00	2000.00	0.29	-7.87
6000.00	2000.00	0.08	-6.62
6032.00	2000.00	-0.01	-5.72
6064.00	2000.00	0.04	-4.05
6096.00	2000.00	0.16	-1.99
6128.00	2000.00	0.29	-0.52
6160.00	2000.00	0.21	-2.02
6192.00	2000.00	0.10	-4.45
6224.00	2000.00	0.00	-6.65
6256.00	2000.00	0.06	-7.09
6288.00	2000.00	0.07	-8.04
6320.00	2000.00	0.06	-8.99
6352.00	2000.00	0.03	-9.74
6384.00	2000.00	-0.05	-9.71
6416.00	2000.00	-0.02	-9.63
6448.00	2000.00	0.01	-9.71
6480.00	2000.00	0.16	-9.80
6512.00	2000.00	0.18	-9.96
6544.00	2000.00	0.10	-10.00
6576.00	2000.00	0.02	-10.00
16.00	2032.00	0.08	-15.54
48.00	2032.00	0.14	-15.47
80.00	2032.00	0.22	-15.35
112.00	2032.00	0.23	-15.29
144.00	2032.00	0.21	-15.29
176.00	2032.00	0.10	-15.41
208.00	2032.00	0.01	-15.52
240.00	2032.00	0.03	-15.53
272.00	2032.00	0.19	-15.52
304.00	2032.00	0.27	-15.47
336.00	2032.00	0.27	-15.52
368.00	2032.00	0.28	-15.47
400.00	2032.00	0.36	-15.38
432.00	2032.00	0.40	-15.26
464.00	2032.00	0.38	-15.26
496.00	2032.00	0.36	-15.32
528.00	2032.00	0.34	-15.35
560.00	2032.00	0.29	-15.37
592.00	2032.00	0.26	-15.38
624.00	2032.00	0.27	-15.36
656.00	2032.00	0.30	-15.34
688.00	2032.00	0.32	-15.27
720.00	2032.00	0.34	-15.25
752.00	2032.00	0.35	-15.22
784.00	2032.00	0.31	-15.27
816.00	2032.00	0.31	-15.27
848.00	2032.00	0.33	-15.25
880.00	2032.00	0.34	-15.28
912.00	2032.00	0.38	-15.30
944.00	2032.00	0.40	-15.28
976.00	2032.00	0.40	-15.29
1008.00	2032.00	0.30	-15.37
1040.00	2032.00	0.34	-15.51
1072.00	2032.00	0.45	-15.46
1104.00	2032.00	0.58	-15.38
1136.00	2032.00	0.62	-15.25
1168.00	2032.00	0.66	-15.15
1200.00	2032.00	0.61	-15.21
1232.00	2032.00	0.48	-15.32
1264.00	2032.00	0.33	-15.47
1296.00	2032.00	0.24	-15.44
1328.00	2032.00	0.26	-15.34
1360.00	2032.00	0.35	-15.34
1392.00	2032.00	0.43	-15.42
1424.00	2032.00	0.48	-15.53
1456.00	2032.00	0.50	-15.54
1488.00	2032.00	0.49	-15.47
1520.00	2032.00	0.46	-15.39
1552.00	2032.00	0.39	-15.38
1584.00	2032.00	0.36	-15.40
1616.00	2032.00	0.33	-15.32
1648.00	2032.00	0.42	-15.29
1680.00	2032.00	0.53	-15.31
1712.00	2032.00	0.58	-15.35
1744.00	2032.00	0.55	-15.32
1776.00	2032.00	0.58	-15.27
1808.00	2032.00	0.61	-15.33
1840.00	2032.00	0.54	-15.37
1872.00	2032.00	0.50	-15.31
1904.00	2032.00	0.51	-15.21
1936.00	2032.00	0.52	-15.18
1968.00	2032.00	0.47	-15.22
2000.00	2032.00	0.47	-15.23
2032.00	2032.00	0.58	-15.27
2064.00	2032.00	0.61	-15.28
2096.00	2032.00	0.41	-15.28
2128.00	2032.00	0.20	-15.20
2160.00	2032.00	0.16	-15.10
2192.00	2032.00	0.35	-14.95
2224.00	2032.00	0.49	-14.84
2256.00	2032.00	0.55	-14.90
2288.00	2032.00	0.58	-15.00
2320.00	2032.00	0.61	-15.03
2352.00	2032.00	0.64	-14.96
2384.00	2032.00	0.64	-14.94
2416.00	2032.00	0.60	-14.97
2448.00	2032.00	0.53	-14.92
2480.00	2032.00	0.46	-14.80
2512.00	2032.00	0.52	-14.70
2544.00	2032.00	0.62	-14.68
2576.00	2032.00	0.67	-14.68
2608.00	2032.00	0.62	-14.58
2640.00	2032.00	0.50	-14.51
2672.00	2032.00	0.47	-14.53
2704.00	2032.00	0.51	-14.63
2736.00	2032.00	0.57	-14.72
2768.00	2032.00	0.61	-14.78
2800.00	2032.00	0.71	-14.82
2832.00	2032.00	0.84	-14.73
2864.00	2032.00	0.87	-14.55
2896.00	2032.00	0.83	-14.36
2928.00	2032.00	0.82	-14.29
2960.00	2032.00	0.91	-14.24
2992.00	2032.00	0.97	-14.17
3024.00	2032.00	0.99	-14.03
3056.00	2032.00	0.97	-13.87
3088.00	2032.00	1.01	-13.82
3120.00	2032.00	1.07	-13.71
3152.00	2032.00	1.10	-13.51
3184.00	2032.00	1.09	-13.29
3216.00	2032.00	1.17	-13.23
3248.00	2032.00	1.13	-13.27
3280.00	2032.00	0.81	-13.14
3312.00	2032.00	0.52	-13.00
3344.00	2032.00	0.32	-12.94
3376.00	2032.00	0.29	-12.88
3408.00	2032.00	0.12	-12.73
3440.00	2032.00	0.09	-12.67
3472.00	2032.00	0.21	-12.76
3504.00	2032.00	0.33	-12.90
3536.00	2032.00	0.36	-12.88
3568.00	2032.00	0.25	-12.75
3600.00	2032.00	0.10	-12.66
3632.00	2032.00	0.03	-12.69
3664.00	2032.00	0.10	-12.84
3696.00	2032.00	0.18	-12.93
3728.00	2032.00	-0.01	-12.92
3760.00	2032.00	-0.36	-12.85
3792.00	2032.00	-0.64	-12.86
3824.00	2032.00	-0.68	-12.87
3856.00	2032.00	-0.52	-12.85
3888.00	2032.00	-0.46	-12.76
3920.00	2032.00	-0.50	-12.64
3952.00	2032.00	-0.63	-12.50
3984.00	2032.00	-0.69	-12.41
4016.00	2032.00	-0.73	-12.40
4048.00	2032.00	-0.64	-12.42
4080.00	2032.00	-0.40	-12.45
4112.00	2032.00	-0.22	-12.34
4144.00	2032.00	-0.23	-12.11
4176.00	2032.00	-0.30	-11.79
4208.00	2032.00	-0.21	-11.45
4240.00	2032.00	-0.07	-11.13
4272.00	2032.00	-0.02	-10.89
4304.00	2032.00	-0.10	-10.82
4336.00	2032.00	-0.15	-10.91
4368.00	2032.00	-0.20	-11.05
4400.00	2032.00	-0.25	-11.09
4432.00	2032.00	-0.30	-10.98
4464.00	2032.00	-0.21	-10.81
4496.00	2032.00	-0.27	-10.72
4528.00	2032.00	-0.50	-10.75
4560.00	2032.00	-0.71	-10.86
4592.00	2032.00	-0.75	-11.01
4624.00	2032.00	-0.64	-11.09
4656.00	2032.00	-0.59	-11.13
4688.00	2032.00	-0.53	-11.12
4720.00	2032.00	-0.56	-11.15
4752.00	2032.00	-0.67	-11.20
4784.00	2032.00	-0.80	-11.27
4816.00	2032.00	-0.84	-11.36
4848.00	2032.00	-0.88	-11.42
4880.00	2032.00	-0.87	-11.46
4912.00	2032.00	-0.83	-11.38
4944.00	2032.00	-0.81	-11.21
4976.00	2032.00	-0.84	-11.02
5008.00	2032.00	-0.83	-10.88
5040.00	2032.00	-0.78	-10.79
5072.00	2032.00	-0.80	-10.63
5104.00	2032.00	-0.78	-10.43
5136.00	2032.00	-0.78	-10.37
5168.00	2032.00	-0.67	-10.44
5200.00	2032.00	-0.64	-10.38
5232.00	2032.00	-0.43	-10.06
5264.00	2032.00	-0.26	-9.72
5296.00	2032.00	-0.20	-9.74
5328.00	2032.00	-0.37	-9.88
5360.00	2032.00	-0.55	-9.69
5392.00	2032.00	-0.61	-9.36
5424.00	2032.00	-0.67	-9.03
5456.00	2032.00	-0.61	-8.89
5488.00	2032.00	-0.31	-9.00
5520.00	2032.00	-0.03	-9.27
5552.00	2032.00	-0.16	-9.12
5584.00	2032.00	-0.42	-8.84
5616.00	2032.00	-0.37	-8.99
5648.00	2032.00	0.14	-9.83
5680.00	2032.00	0.49	-10.56
5712.00	2032.00	0.56	-10.67
5744.00	2032.00	0.41	-10.48
5776.00	2032.00	0.30	-10.09
5808.00	2032.00	0.25	-9.77
5840.00	2032.00	0.28	-9.52
5872.00	2032.00	0.45	-9.59
5904.00	2032.00	0.53	-9.54
5936.00	2032.00	0.50	-9.37
5968.00	2032.00	0.37	-8.32
6000.00	2032.00	0.24	-7.14
6032.00	2032.00	0.16	-5.86
6064.00	2032.00	0.13	-4.11
6096.00	2032.00	0.15	-1.99
6128.00	2032.00	0.26	-0.30
6160.00	2032.00	0.26	-1.13
6192.00	2032.00	0.24	-3.40
6224.00	2032.00	0.13	-5.97
6256.00	2032.00	0.09	-7.45
6288.00	2032.00	0.03	-8.51
6320.00	2032.00	0.02	-9.09
6352.00	2032.00	0.04	-9.37
6384.00	2032.00	0.04	-9.29
6416.00	2032.00	0.08	-9.34
6448.00	2032.00	0.04	-9.56
6480.00	2032.00	0.05	-9.79
6512.00	2032.00	0.02	-9.93
6544.00	2032.00	0.01	-9.92
6576.00	2032.00	-0.00	-9.87
16.00	2064.00	0.14	-15.59
48.00	2064.00	0.22	-15.51
80.00	2064.00	0.35	-15.40
112.00	2064.00	0.38	-15.29
144.00	2064.00	0.37	-15.27
176.00	2064.00	0.27	-15.32
208.00	2064.00	0.14	-15.38
240.00	2064.00	0.04	-15.43
272.00	2064.00	0.08	-15.53
304.00	2064.00	0.11	-15.53
336.00	2064.00	0.18	-15.51
368.00	2064.00	0.26	-15.41
400.00	2064.00	0.40	-15.36
432.00	2064.00	0.46	-15.30
464.00	2064.00	0.43	-15.32
496.00	2064.00	0.42	-15.38
528.00	2064.00	0.39	-15.45
560.00	2064.00	0.35	-15.49
592.00	2064.00	0.34	-15.52
624.00	2064.00	0.32	-15.48
656.00	2064.00	0.33	-15.45
688.00	2064.00	0.35	-15.33
720.00	2064.00	0.36	-15.24
752.00	2064.00	0.35	-15.17
784.00	2064.00	0.29	-15.21
816.00	2064.00	0.30	-15.24
848.00	2064.00	0.33	-15.21
880.00	2064.00	0.34	-15.22
912.00	2064.00	0.40	-15.26
944.00	2064.00	0.44	-15.26
976.00	2064.00	0.46	-15.28
1008.00	2064.00	0.37	-15.34
1040.00	2064.00	0.38	-15.44
1072.00	2064.00	0.41	-15.47
1104.00	2064.00	0.48	-15.47
1136.00	2064.00	0.54	-15.42
1168.00	2064.00	0.57	-15.23
1200.00	2064.00	0.48	-15.17
1232.00	2064.00	0.36	-15.25
1264.00	2064.00	0.27	-15.40
1296.00	2064.00	0.25	-15.38
1328.00	2064.00	0.26	-15.27
1360.00	2064.00	0.33	-15.27
1392.00	2064.00	0.44	-15.39
1424.00	2064.00	0.54	-15.50
1456.00	2064.00	0.54	-15.54
1488.00	2064.00	0.47	-15.50
1520.00	2064.00	0.42	-15.45
1552.00	2064.00	0.44	-15.42
1584.00	2064.00	0.45	-15.39
1616.00	2064.00	0.40	-15.31
1648.00	2064.00	0.42	-15.28
1680.00	2064.00	0.46	-15.28
1712.00	2064.00	0.49	-15.29
1744.00	2064.00	0.42	-15.23
1776.00	2064.00	0.48	-15.19
1808.00	2064.00	0.54	-15.24
1840.00	2064.00	0.57	-15.25
1872.00	2064.00	0.57	-15.17
1904.00	2064.00	0.60	-15.16
1936.00	2064.00	0.57	-15.23
1968.00	2064.00	0.48	-15.34
2000.00	2064.00	0.51	-15.31
2032.00	2064.00	0.69	-15.28
2064.00	2064.00	0.76	-15.27
2096.00	2064.00	0.55	-15.28
2128.00	2064.00	0.29	-15.29
2160.00	2064.00	0.23	-15.23
2192.00	2064.00	0.42	-15.11
2224.00	2064.00	0.55	-15.00
2256.00	2064.00	0.55	-15.01
2288.00	2064.00	0.53	-15.07
2320.00	2064.00	0.55	-15.13
2352.00	2064.00	0.62	-15.08
2384.00	2064.00	0.67	-15.06
2416.00	2064.00	0.66	-15.07
2448.00	2064.00	0.63	-15.02
2480.00	2064.00	0.55	-14.88
2512.00	2064.00	0.61	-14.75
2544.00	2064.00	0.76	-14.68
2576.00	2064.00	0.86	-14.66
2608.00	2064.00	0.83	-14.55
2640.00	2064.00	0.65	-14.45
2672.00	2064.00	0.54	-14.44
2704.00	2064.00	0.51	-14.52
2736.00	2064.00	0.55	-14.64
2768.00	2064.00	0.58	-14.72
2800.00	2064.00	0.62	-14.74
2832.00	2064.00	0.73	-14.63
2864.00	2064.00	0.79	-14.45
2896.00	2064.00	0.82	-14.31
2928.00	2064.00	0.86	-14.28
2960.00	2064.00	0.97	-14.29
2992.00	2064.00	1.00	-14.20
3024.00	2064.00	1.00	-13.97
3056.00	2064.00	0.94	-13.75
3088.00	2064.00	0.97	-13.66
3120.00	2064.00	0.97	-13.55
3152.00	2064.00	1.00	-13.36
3184.00	2064.00	1.08	-13.25
3216.00	2064.00	1.24	-13.29
3248.00	2064.00	1.18	-13.33
3280.00	2064.00	0.85	-13.14
3312.00	2064.00	0.51	-12.94
3344.00	2064.00	0.35	-12.89
3376.00	2064.00	0.33	-12.83
3408.00	2064.00	0.19	-12.73
3440.00	2064.00	0.13	-12.65
3472.00	2064.00	0.20	-12.68
3504.00	2064.00	0.32	-12.77
3536.00	2064.00	0.33	-12.75
3568.00	2064.00	0.25	-12.68
3600.00	2064.00	0.13	-12.63
3632.00	2064.00	0.06	-12.67
3664.00	2064.00	-0.02	-12.80
3696.00	2064.00	0.04	-12.88
3728.00	2064.00	-0.05	-12.90
3760.00	2064.00	-0.29	-12.85
3792.00	2064.00	-0.58	-12.82
3824.00	2064.00	-0.64	-12.82
3856.00	2064.00	-0.50	-12.84
3888.00	2064.00	-0.45	-12.77
3920.00	2064.00	-0.49	-12.65
3952.00	2064.00	-0.61	-12.47
3984.00	2064.00	-0.69	-12.36
4016.00	2064.00	-0.76	-12.30
4048.00	2064.00	-0.66	-12.35
4080.00	2064.00	-0.39	-12.45
4112.00	2064.00	-0.23	-12.43
4144.00	2064.00	-0.24	-12.23
4176.00	2064.00	-0.30	-11.90
4208.00	2064.00	-0.19	-11.55
4240.00	2064.00	-0.03	-11.23
4272.00	2064.00	0.07	-11.05
4304.00	2064.00	0.02	-10.99
4336.00	2064.00	-0.09	-11.03
4368.00	2064.00	-0.15	-11.05
4400.00	2064.00	-0.15	-10.98
4432.00	2064.00	-0.10	-10.85
4464.00	2064.00	-0.05	-10.72
4496.00	2064.00	-0.15	-10.70
4528.00	2064.00	-0.42	-10.75
4560.00	2064.00	-0.61	-10.79
4592.00	2064.00	-0.65	-10.89
4624.00	2064.00	-0.55	-11.01
4656.00	2064.00	-0.56	-11.13
4688.00	2064.00	-0.56	-11.15
4720.00	2064.00	-0.63	-11.15
4752.00	2064.00	-0.72	-11.16
4784.00	2064.00	-0.78	-11.18
4816.00	2064.00	-0.75	-11.23
4848.00	2064.00	-0.74	-11.27
4880.00	2064.00	-0.75	-11.29
4912.00	2064.00	-0.77	-11.20
4944.00	2064.00	-0.80	-11.06
4976.00	2064.00	-0.85	-10.92
5008.00	2064.00	-0.87	-10.82
5040.00	2064.00	-0.85	-10.82
5072.00	2064.00	-0.91	-10.83
5104.00	2064.00	-0.82	-10.79
5136.00	2064.00	-0.76	-10.72
5168.00	2064.00	-0.62	-10.73
5200.00	2064.00	-0.61	-10.54
5232.00	2064.00	-0.51	-10.17
5264.00	2064.00	-0.34	-9.74
5296.00	2064.00	-0.32	-9.54
5328.00	2064.00	-0.40	-9.36
5360.00	2064.00	-0.59	-9.13
5392.00	2064.00	-0.53	-9.13
5424.00	2064.00	-0.45	-9.27
5456.00	2064.00	-0.37	-9.21
5488.00	2064.00	-0.26	-9.08
5520.00	2064.00	-0.12	-9.29
5552.00	2064.00	-0.08	-9.28
5584.00	2064.00	-0.14	-9.18
5616.00	2064.00	0.03	-9.14
5648.00	2064.00	0.37	-9.66
5680.00	2064.00	0.54	-10.22
5712.00	2064.00	0.48	-10.42
5744.00	2064.00	0.34	-10.40
5776.00	2064.00	0.33	-10.13
5808.00	2064.00	0.34	-9.79
5840.00	2064.00	0.44	-9.57
5872.00	2064.00	0.59	-9.65
5904.00	2064.00	0.68	-9.65
5936.00	2064.00	0.61	-9.33
5968.00	2064.00	0.48	-8.22
6000.00	2064.00	0.42	-7.08
6032.00	2064.00	0.42	-5.62
6064.00	2064.00	0.38	-3.79
6096.00	2064.00	0.28	-1.59
6128.00	2064.00	0.26	-0.41
6160.00	2064.00	0.26	-0.65
6192.00	2064.00	0.32	-2.96
6224.00	2064.00	0.24	-5.29
6256.00	2064.00	0.19	-7.58
6288.00	2064.00	0.05	-8.69
6320.00	2064.00	0.01	-9.30
6352.00	2064.00	-0.01	-9.46
6384.00	2064.00	0.07	-9.27
6416.00	2064.00	0.17	-9.30
6448.00	2064.00	0.14	-9.58
6480.00	2064.00	-0.01	-9.86
6512.00	2064.00	-0.10	-9.96
6544.00	2064.00	-0.17	-9.90
6576.00	2064.00	-0.17	-9.83
16.00	2096.00	0.22	-15.67
48.00	2096.00	0.29	-15.56
80.00	2096.00	0.35	-15.40
112.00	2096.00	0.32	-15.27
144.00	2096.00	0.28	-15.22
176.00	2096.00	0.31	-15.20
208.00	2096.00	0.22	-15.22
240.00	2096.00	0.11	-15.30
272.00	2096.00	0.03	-15.45
304.00	2096.00	0.05	-15.47
336.00	2096.00	0.18	-15.43
368.00	2096.00	0.30	-15.34
400.00	2096.00	0.43	-15.31
432.00	2096.00	0.45	-15.28
464.00	2096.00	0.37	-15.30
496.00	2096.00	0.33	-15.33
528.00	2096.00	0.33	-15.43
560.00	2096.00	0.36	-15.50
592.00	2096.00	0.39	-15.58
624.00	2096.00	0.37	-15.59
656.00	2096.00	0.37	-15.54
688.00	2096.00	0.36	-15.35
720.00	2096.00	0.34	-15.23
752.00	2096.00	0.30	-15.22
784.00	2096.00	0.28	-15.34
816.00	2096.00	0.31	-15.36
848.00	2096.00	0.30	-15.28
880.00	2096.00	0.31	-15.28
912.00	2096.00	0.39	-15.35
944.00	2096.00	0.50	-15.40
976.00	2096.00	0.51	-15.36
1008.00	2096.00	0.44	-15.34
1040.00	2096.00	0.44	-15.36
1072.00	2096.00	0.44	-15.39
1104.00	2096.00	0.43	-15.43
1136.00	2096.00	0.43	-15.40
1168.00	2096.00	0.46	-15.26
1200.00	2096.00	0.44	-15.15
1232.00	2096.00	0.39	-15.18
1264.00	2096.00	0.33	-15.29
1296.00	2096.00	0.31	-15.32
1328.00	2096.00	0.26	-15.28
1360.00	2096.00	0.27	-15.30
1392.00	2096.00	0.35	-15.40
1424.00	2096.00	0.45	-15.44
1456.00	2096.00	0.47	-15.47
1488.00	2096.00	0.41	-15.45
1520.00	2096.00	0.43	-15.39
1552.00	2096.00	0.54	-15.33
1584.00	2096.00	0.59	-15.29
1616.00	2096.00	0.52	-15.28
1648.00	2096.00	0.46	-15.28
1680.00	2096.00	0.45	-15.23
1712.00	2096.00	0.43	-15.19
1744.00	2096.00	0.36	-15.13
1776.00	2096.00	0.42	-15.15
1808.00	2096.00	0.51	-15.20
1840.00	2096.00	0.54	-15.22
1872.00	2096.00	0.53	-15.16
1904.00	2096.00	0.57	-15.24
1936.00	2096.00	0.61	-15.35
1968.00	2096.00	0.56	-15.41
2000.00	2096.00	0.60	-15.34
2032.00	2096.00	0.76	-15.24
2064.00	2096.00	0.86	-15.18
2096.00	2096.00	0.70	-15.14
2128.00	2096.00	0.45	-15.15
2160.00	2096.00	0.35	-15.20
2192.00	2096.00	0.45	-15.18
2224.00	2096.00	0.53	-15.11
2256.00	2096.00	0.58	-15.05
2288.00	2096.00	0.60	-15.03
2320.00	2096.00	0.61	-15.08
2352.00	2096.00	0.67	-15.11
2384.00	2096.00	0.74	-15.13
2416.00	2096.00	0.75	-15.11
2448.00	2096.00	0.68	-15.05
2480.00	2096.00	0.57	-14.92
2512.00	2096.00	0.62	-14.81
2544.00	2096.00	0.81	-14.72
2576.00	2096.00	1.00	-14.70
2608.00	2096.00	1.03	-14.63
2640.00	2096.00	0.85	-14.55
2672.00	2096.00	0.66	-14.48
2704.00	2096.00	0.58	-14.50
2736.00	2096.00	0.59	-14.57
2768.00	2096.00	0.61	-14.62
2800.00	2096.00	0.58	-14.61
2832.00	2096.00	0.60	-14.53
2864.00	2096.00	0.67	-14.44
2896.00	2096.00	0.83	-14.37
2928.00	2096.00	0.95	-14.34
2960.00	2096.00	1.08	-14.33
2992.00	2096.00	1.11	-14.16
3024.00	2096.00	1.10	-13.91
3056.00	2096.00	1.03	-13.66
3088.00	2096.00	0.98	-13.50
3120.00	2096.00	0.90	-13.35
3152.00	2096.00	0.92	-13.21
3184.00	2096.00	1.03	-13.23
3216.00	2096.00	1.17	-13.31
3248.00	2096.00	1.11	-13.29
3280.00	2096.00	0.82	-13.00
3312.00	2096.00	0.46	-12.69
3344.00	2096.00	0.38	-12.61
3376.00	2096.00	0.42	-12.66
3408.00	2096.00	0.48	-12.73
3440.00	2096.00	0.37	-12.69
3472.00	2096.00	0.35	-12.65
3504.00	2096.00	0.34	-12.67
3536.00	2096.00	0.25	-12.69
3568.00	2096.00	0.19	-12.71
3600.00	2096.00	0.07	-12.70
3632.00	2096.00	0.04	-12.71
3664.00	2096.00	-0.14	-12.78
3696.00	2096.00	-0.11	-12.86
3728.00	2096.00	-0.16	-12.89
3760.00	2096.00	-0.35	-12.86
3792.00	2096.00	-0.61	-12.82
3824.00	2096.00	-0.67	-12.85
3856.00	2096.00	-0.54	-12.89
3888.00	2096.00	-0.48	-12.83
3920.00	2096.00	-0.50	-12.70
3952.00	2096.00	-0.60	-12.47
3984.00	2096.00	-0.67	-12.33
4016.00	2096.00	-0.73	-12.27
4048.00	2096.00	-0.64	-12.33
4080.00	2096.00	-0.48	-12.41
4112.00	2096.00	-0.36	-12.34
4144.00	2096.00	-0.33	-12.14
4176.00	2096.00	-0.28	-11.85
4208.00	2096.00	-0.15	-11.59
4240.00	2096.00	0.00	-11.34
4272.00	2096.00	0.10	-11.19
4304.00	2096.00	0.06	-11.11
4336.00	2096.00	-0.11	-11.07
4368.00	2096.00	-0.18	-11.03
4400.00	2096.00	-0.16	-10.92
4432.00	2096.00	-0.02	-10.78
4464.00	2096.00	0.01	-10.63
4496.00	2096.00	-0.09	-10.60
4528.00	2096.00	-0.32	-10.63
4560.00	2096.00	-0.43	-10.66
4592.00	2096.00	-0.43	-10.78
4624.00	2096.00	-0.38	-10.97
4656.00	2096.00	-0.46	-11.16
4688.00	2096.00	-0.54	-11.20
4720.00	2096.00	-0.61	-11.16
4752.00	2096.00	-0.67	-11.13
4784.00	2096.00	-0.67	-11.12
4816.00	2096.00	-0.59	-11.14
4848.00	2096.00	-0.55	-11.14
4880.00	2096.00	-0.60	-11.13
4912.00	2096.00	-0.76	-11.05
4944.00	2096.00	-0.87	-10.97
4976.00	2096.00	-0.90	-10.89
5008.00	2096.00	-0.85	-10.85
5040.00	2096.00	-0.80	-10.94
5072.00	2096.00	-0.87	-11.14
5104.00	2096.00	-0.81	-11.22
5136.00	2096.00	-0.74	-11.14
5168.00	2096.00	-0.58	-10.96
5200.00	2096.00	-0.57	-10.65
5232.00	2096.00	-0.53	-10.37
5264.00	2096.00	-0.43	-10.17
5296.00	2096.00	-0.44	-9.81
5328.00	2096.00	-0.45	-9.30
5360.00	2096.00	-0.61	-8.72
5392.00	2096.00	-0.56	-8.79
5424.00	2096.00	-0.48	-9.13
5456.00	2096.00	-0.36	-9.32
5488.00	2096.00	-0.32	-9.11
5520.00	2096.00	-0.30	-9.11
5552.00	2096.00	-0.17	-9.24
5584.00	2096.00	0.03	-9.71
5616.00	2096.00	0.48	-9.91
5648.00	2096.00	0.59	-10.04
5680.00	2096.00	0.53	-10.06
5712.00	2096.00	0.23	-10.12
5744.00	2096.00	0.15	-10.21
5776.00	2096.00	0.19	-10.04
5808.00	2096.00	0.23	-9.75
5840.00	2096.00	0.35	-9.53
5872.00	2096.00	0.53	-9.57
5904.00	2096.00	0.68	-9.55
5936.00	2096.00	0.63	-9.03
5968.00	2096.00	0.47	-7.84
6000.00	2096.00	0.40	-6.59
6032.00	2096.00	0.47	-5.03
6064.00	2096.00	0.47	-3.22
6096.00	2096.00	0.34	-1.14
6128.00	2096.00	0.23	-0.03
6160.00	2096.00	0.21	-0.45
6192.00	2096.00	0.25	-2.69
6224.00	2096.00	0.17	-5.23
6256.00	2096.00	0.21	-7.48
6288.00	2096.00	0.11	-8.88
6320.00	2096.00	0.10	-9.68
6352.00	2096.00	0.03	-9.90
6384.00	2096.00	0.10	-9.64
6416.00	2096.00	0.20	-9.58
6448.00	2096.00	0.27	-9.82
6480.00	2096.00	0.18	-9.95
6512.00	2096.00	0.02	-9.93
6544.00	2096.00	-0.19	-9.84
6576.00	2096.00	-0.27	-9.76
16.00	2128.00	0.23	-15.72
48.00	2128.00	0.26	-15.56
80.00	2128.00	0.27	-15.35
112.00	2128.00	0.21	-15.16
144.00	2128.00	0.18	-15.09
176.00	2128.00	0.24	-15.05
208.00	2128.00	0.22	-15.06
240.00	2128.00	0.15	-15.11
272.00	2128.00	0.07	-15.22
304.00	2128.00	0.08	-15.28
336.00	2128.00	0.21	-15.28
368.00	2128.00	0.33	-15.23
400.00	2128.00	0.37	-15.24
432.00	2128.00	0.31	-15.21
464.00	2128.00	0.19	-15.24
496.00	2128.00	0.20	-15.26
528.00	2128.00	0.27	-15.39
560.00	2128.00	0.34	-15.47
592.00	2128.00	0.38	-15.57
624.00	2128.00	0.38	-15.62
656.00	2128.00	0.37	-15.59
688.00	2128.00	0.35	-15.43
720.00	2128.00	0.27	-15.30
752.00	2128.00	0.25	-15.34
784.00	2128.00	0.28	-15.47
816.00	2128.00	0.31	-15.50
848.00	2128.00	0.19	-15.45
880.00	2128.00	0.17	-15.48
912.00	2128.00	0.27	-15.58
944.00	2128.00	0.43	-15.58
976.00	2128.00	0.40	-15.41
1008.00	2128.00	0.37	-15.27
1040.00	2128.00	0.41	-15.22
1072.00	2128.00	0.45	-15.28
1104.00	2128.00	0.40	-15.31
1136.00	2128.00	0.36	-15.30
1168.00	2128.00	0.42	-15.20
1200.00	2128.00	0.45	-15.12
1232.00	2128.00	0.47	-15.18
1264.00	2128.00	0.43	-15.27
1296.00	2128.00	0.42	-15.34
1328.00	2128.00	0.33	-15.31
1360.00	2128.00	0.25	-15.34
1392.00	2128.00	0.25	-15.40
1424.00	2128.00	0.33	-15.40
1456.00	2128.00	0.40	-15.38
1488.00	2128.00	0.43	-15.36
1520.00	2128.00	0.49	-15.29
1552.00	2128.00	0.61	-15.20
1584.00	2128.00	0.65	-15.20
1616.00	2128.00	0.58	-15.27
1648.00	2128.00	0.49	-15.31
1680.00	2128.00	0.44	-15.22
1712.00	2128.00	0.38	-15.13
1744.00	2128.00	0.36	-15.10
1776.00	2128.00	0.46	-15.16
1808.00	2128.00	0.56	-15.22
1840.00	2128.00	0.55	-15.23
1872.00	2128.00	0.46	-15.25
1904.00	2128.00	0.46	-15.38
1936.00	2128.00	0.56	-15.46
1968.00	2128.00	0.60	-15.43
2000.00	2128.00	0.66	-15.29
2032.00	2128.00	0.76	-15.21
2064.00	2128.00	0.78	-15.12
2096.00	2128.00	0.65	-15.01
2128.00	2128.00	0.50	-15.02
2160.00	2128.00	0.50	-15.15
2192.00	2128.00	0.60	-15.23
2224.00	2128.00	0.66	-15.17
2256.00	2128.00	0.72	-15.05
2288.00	2128.00	0.70	-14.99
2320.00	2128.00	0.67	-15.04
2352.00	2128.00	0.67	-15.09
2384.00	2128.00	0.73	-15.13
2416.00	2128.00	0.74	-15.08
2448.00	2128.00	0.67	-14.98
2480.00	2128.00	0.59	-14.91
2512.00	2128.00	0.64	-14.85
2544.00	2128.00	0.80	-14.76
2576.00	2128.00	0.96	-14.69
2608.00	2128.00	1.04	-14.65
2640.00	2128.00	1.04	-14.62
2672.00	2128.00	0.91	-14.55
2704.00	2128.00	0.78	-14.55
2736.00	2128.00	0.68	-14.58
2768.00	2128.00	0.69	-14.58
2800.00	2128.00	0.65	-14.49
2832.00	2128.00	0.57	-14.42
2864.00	2128.00	0.58	-14.39
2896.00	2128.00	0.78	-14.37
2928.00	2128.00	0.99	-14.34
2960.00	2128.00	1.12	-14.27
2992.00	2128.00	1.16	-14.09
3024.00	2128.00	1.13	-13.96
3056.00	2128.00	1.06	-13.83
3088.00	2128.00	0.92	-13.68
3120.00	2128.00	0.78	-13.46
3152.00	2128.00	0.76	-13.26
3184.00	2128.00	0.86	-13.23
3216.00	2128.00	1.00	-13.29
3248.00	2128.00	1.00	-13.26
3280.00	2128.00	0.85	-13.01
3312.00	2128.00	0.61	-12.68
3344.00	2128.00	0.62	-12.63
3376.00	2128.00	0.68	-12.73
3408.00	2128.00	0.82	-12.86
3440.00	2128.00	0.64	-12.75
3472.00	2128.00	0.48	-12.63
3504.00	2128.00	0.36	-12.58
3536.00	2128.00	0.23	-12.62
3568.00	2128.00	0.19	-12.66
3600.00	2128.00	0.09	-12.63
3632.00	2128.00	0.10	-12.59
3664.00	2128.00	-0.05	-12.63
3696.00	2128.00	-0.16	-12.78
3728.00	2128.00	-0.28	-12.88
3760.00	2128.00	-0.47	-12.87
3792.00	2128.00	-0.64	-12.79
3824.00	2128.00	-0.66	-12.79
3856.00	2128.00	-0.56	-12.84
3888.00	2128.00	-0.50	-12.80
3920.00	2128.00	-0.52	-12.70
3952.00	2128.00	-0.62	-12.47
3984.00	2128.00	-0.67	-12.35
4016.00	2128.00	-0.69	-12.32
4048.00	2128.00	-0.61	-12.41
4080.00	2128.00	-0.52	-12.40
4112.00	2128.00	-0.43	-12.21
4144.00	2128.00	-0.37	-11.96
4176.00	2128.00	-0.24	-11.78
4208.00	2128.00	-0.07	-11.62
4240.00	2128.00	0.04	-11.44
4272.00	2128.00	0.10	-11.25
4304.00	2128.00	0.06	-11.11
4336.00	2128.00	-0.12	-11.01
4368.00	2128.00	-0.23	-10.97
4400.00	2128.00	-0.27	-10.92
4432.00	2128.00	-0.08	-10.81
4464.00	2128.00	-0.01	-10.65
4496.00	2128.00	-0.02	-10.54
4528.00	2128.00	-0.13	-10.53
4560.00	2128.00	-0.16	-10.57
4592.00	2128.00	-0.14	-10.74
4624.00	2128.00	-0.19	-10.99
4656.00	2128.00	-0.35	-11.16
4688.00	2128.00	-0.47	-11.17
4720.00	2128.00	-0.47	-11.07
4752.00	2128.00	-0.47	-11.04
4784.00	2128.00	-0.46	-11.02
4816.00	2128.00	-0.45	-11.01
4848.00	2128.00	-0.41	-10.97
4880.00	2128.00	-0.47	-10.97
4912.00	2128.00	-0.67	-10.97
4944.00	2128.00	-0.86	-10.99
4976.00	2128.00	-0.92	-10.98
5008.00	2128.00	-0.84	-10.98
5040.00	2128.00	-0.78	-11.09
5072.00	2128.00	-0.89	-11.31
5104.00	2128.00	-0.89	-11.48
5136.00	2128.00	-0.81	-11.44
5168.00	2128.00	-0.63	-11.24
5200.00	2128.00	-0.57	-10.83
5232.00	2128.00	-0.59	-10.60
5264.00	2128.00	-0.55	-10.51
5296.00	2128.00	-0.52	-10.18
5328.00	2128.00	-0.44	-9.59
5360.00	2128.00	-0.50	-8.87
5392.00	2128.00	-0.63	-8.65
5424.00	2128.00	-0.68	-8.82
5456.00	2128.00	-0.59	-9.12
5488.00	2128.00	-0.33	-9.27
5520.00	2128.00	-0.10	-9.66
5552.00	2128.00	0.12	-9.93
5584.00	2128.00	0.42	-10.51
5616.00	2128.00	0.80	-10.55
5648.00	2128.00	0.72	-10.25
5680.00	2128.00	0.43	-9.87
5712.00	2128.00	0.01	-9.82
5744.00	2128.00	-0.02	-10.04
5776.00	2128.00	-0.00	-9.85
5808.00	2128.00	0.06	-9.54
5840.00	2128.00	0.13	-9.26
5872.00	2128.00	0.37	-9.35
5904.00	2128.00	0.57	-9.37
5936.00	2128.00	0.55	-8.86
5968.00	2128.00	0.36	-7.54
6000.00	2128.00	0.24	-5.99
6032.00	2128.00	0.33	-4.23
6064.00	2128.00	0.41	-2.60
6096.00	2128.00	0.34	-0.84
6128.00	2128.00	0.22	-0.02
6160.00	2128.00	0.08	0.13
6192.00	2128.00	0.02	-2.68
6224.00	2128.00	-0.05	-5.30
6256.00	2128.00	0.13	-8.26
6288.00	2128.00	0.18	-8.97
6320.00	2128.00	0.20	-9.70
6352.00	2128.00	0.09	-9.95
6384.00	2128.00	0.19	-9.81
6416.00	2128.00	0.35	-9.80
6448.00	2128.00	0.49	-9.99
6480.00	2128.00	0.37	-10.07
6512.00	2128.00	0.14	-9.93
6544.00	2128.00	-0.09	-9.75
6576.00	2128.00	-0.19	-9.64
16.00	2160.00	0.18	-15.70
48.00	2160.00	0.19	-15.55
80.00	2160.00	0.23	-15.30
112.00	2160.00	0.21	-15.10
144.00	2160.00	0.22	-15.03
176.00	2160.00	0.23	-15.10
208.00	2160.00	0.19	-15.23
240.00	2160.00	0.15	-15.28
272.00	2160.00	0.12	-15.31
304.00	2160.00	0.16	-15.29
336.00	2160.00	0.23	-15.32
368.00	2160.00	0.35	-15.25
400.00	2160.00	0.35	-15.22
432.00	2160.00	0.29	-15.16
464.00	2160.00	0.17	-15.19
496.00	2160.00	0.23	-15.24
528.00	2160.00	0.33	-15.38
560.00	2160.00	0.39	-15.48
592.00	2160.00	0.38	-15.53
624.00	2160.00	0.38	-15.56
656.00	2160.00	0.37	-15.53
688.00	2160.00	0.35	-15.43
720.00	2160.00	0.26	-15.34
752.00	2160.00	0.27	-15.38
784.00	2160.00	0.35	-15.52
816.00	2160.00	0.35	-15.56
848.00	2160.00	0.10	-15.56
880.00	2160.00	0.00	-15.59
912.00	2160.00	0.08	-15.61
944.00	2160.00	0.30	-15.55
976.00	2160.00	0.30	-15.33
1008.00	2160.00	0.31	-15.22
1040.00	2160.00	0.35	-15.20
1072.00	2160.00	0.40	-15.26
1104.00	2160.00	0.33	-15.28
1136.00	2160.00	0.29	-15.25
1168.00	2160.00	0.38	-15.20
1200.00	2160.00	0.48	-15.19
1232.00	2160.00	0.53	-15.31
1264.00	2160.00	0.51	-15.41
1296.00	2160.00	0.54	-15.43
1328.00	2160.00	0.47	-15.35
1360.00	2160.00	0.36	-15.35
1392.00	2160.00	0.33	-15.41
1424.00	2160.00	0.37	-15.40
1456.00	2160.00	0.43	-15.32
1488.00	2160.00	0.44	-15.23
1520.00	2160.00	0.53	-15.13
1552.00	2160.00	0.63	-15.09
1584.00	2160.00	0.64	-15.13
1616.00	2160.00	0.54	-15.27
1648.00	2160.00	0.44	-15.33
1680.00	2160.00	0.36	-15.24
1712.00	2160.00	0.34	-15.11
1744.00	2160.00	0.37	-15.08
1776.00	2160.00	0.51	-15.15
1808.00	2160.00	0.61	-15.22
1840.00	2160.00	0.59	-15.21
1872.00	2160.00	0.44	-15.25
1904.00	2160.00	0.38	-15.39
1936.00	2160.00	0.49	-15.44
1968.00	2160.00	0.63	-15.35
2000.00	2160.00	0.73	-15.23
2032.00	2160.00	0.75	-15.22
2064.00	2160.00	0.67	-15.17
2096.00	2160.00	0.56	-15.02
2128.00	2160.00	0.52	-15.02
2160.00	2160.00	0.63	-15.15
2192.00	2160.00	0.74	-15.23
2224.00	2160.00	0.78	-15.14
2256.00	2160.00	0.82	-15.00
2288.00	2160.00	0.78	-15.00
2320.00	2160.00	0.70	-15.08
2352.00	2160.00	0.66	-15.15
2384.00	2160.00	0.69	-15.16
2416.00	2160.00	0.69	-15.07
2448.00	2160.00	0.65	-14.92
2480.00	2160.00	0.70	-14.82
2512.00	2160.00	0.77	-14.76
2544.00	2160.00	0.86	-14.71
2576.00	2160.00	0.92	-14.68
2608.00	2160.00	1.00	-14.70
2640.00	2160.00	1.14	-14.72
2672.00	2160.00	1.08	-14.67
2704.00	2160.00	0.89	-14.65
2736.00	2160.00	0.71	-14.67
2768.00	2160.00	0.72	-14.66
2800.00	2160.00	0.73	-14.56
2832.00	2160.00	0.64	-14.47
2864.00	2160.00	0.58	-14.47
2896.00	2160.00	0.71	-14.45
2928.00	2160.00	0.90	-14.38
2960.00	2160.00	0.99	-14.23
2992.00	2160.00	1.04	-14.09
3024.00	2160.00	1.02	-14.06
3056.00	2160.00	0.97	-14.03
3088.00	2160.00	0.84	-13.89
3120.00	2160.00	0.70	-13.63
3152.00	2160.00	0.66	-13.37
3184.00	2160.00	0.72	-13.28
3216.00	2160.00	0.84	-13.30
3248.00	2160.00	0.89	-13.29
3280.00	2160.00	0.85	-13.06
3312.00	2160.00	0.76	-12.79
3344.00	2160.00	0.75	-12.75
3376.00	2160.00	0.75	-12.85
3408.00	2160.00	0.81	-12.90
3440.00	2160.00	0.67	-12.74
3472.00	2160.00	0.52	-12.62
3504.00	2160.00	0.40	-12.56
3536.00	2160.00	0.32	-12.57
3568.00	2160.00	0.32	-12.58
3600.00	2160.00	0.31	-12.50
3632.00	2160.00	0.35	-12.40
3664.00	2160.00	0.22	-12.45
3696.00	2160.00	-0.02	-12.64
3728.00	2160.00	-0.24	-12.79
3760.00	2160.00	-0.44	-12.82
3792.00	2160.00	-0.58	-12.76
3824.00	2160.00	-0.60	-12.76
3856.00	2160.00	-0.56	-12.77
3888.00	2160.00	-0.54	-12.69
3920.00	2160.00	-0.57	-12.58
3952.00	2160.00	-0.66	-12.41
3984.00	2160.00	-0.68	-12.36
4016.00	2160.00	-0.66	-12.42
4048.00	2160.00	-0.58	-12.58
4080.00	2160.00	-0.52	-12.54
4112.00	2160.00	-0.46	-12.26
4144.00	2160.00	-0.38	-11.98
4176.00	2160.00	-0.22	-11.84
4208.00	2160.00	-0.05	-11.76
4240.00	2160.00	0.03	-11.59
4272.00	2160.00	0.04	-11.37
4304.00	2160.00	0.03	-11.17
4336.00	2160.00	-0.03	-11.00
4368.00	2160.00	-0.03	-10.86
4400.00	2160.00	-0.10	-10.74
4432.00	2160.00	-0.02	-10.67
4464.00	2160.00	0.03	-10.60
4496.00	2160.00	0.06	-10.56
4528.00	2160.00	0.03	-10.58
4560.00	2160.00	-0.00	-10.67
4592.00	2160.00	0.02	-10.84
4624.00	2160.00	-0.07	-11.01
4656.00	2160.00	-0.28	-11.11
4688.00	2160.00	-0.42	-11.14
4720.00	2160.00	-0.37	-11.07
4752.00	2160.00	-0.27	-11.01
4784.00	2160.00	-0.25	-10.96
4816.00	2160.00	-0.32	-10.92
4848.00	2160.00	-0.34	-10.86
4880.00	2160.00	-0.37	-10.87
4912.00	2160.00	-0.49	-10.94
4944.00	2160.00	-0.64	-11.05
4976.00	2160.00	-0.73	-11.03
5008.00	2160.00	-0.73	-10.99
5040.00	2160.00	-0.77	-11.06
5072.00	2160.00	-0.92	-11.24
5104.00	2160.00	-0.96	-11.38
5136.00	2160.00	-0.85	-11.34
5168.00	2160.00	-0.66	-11.20
5200.00	2160.00	-0.56	-10.99
5232.00	2160.00	-0.62	-10.86
5264.00	2160.00	-0.65	-10.77
5296.00	2160.00	-0.61	-10.54
5328.00	2160.00	-0.50	-10.18
5360.00	2160.00	-0.47	-9.65
5392.00	2160.00	-0.60	-9.21
5424.00	2160.00	-0.75	-8.89
5456.00	2160.00	-0.80	-8.91
5488.00	2160.00	-0.49	-9.19
5520.00	2160.00	-0.02	-9.88
5552.00	2160.00	0.43	-10.53
5584.00	2160.00	0.81	-11.13
5616.00	2160.00	1.00	-11.20
5648.00	2160.00	0.82	-10.61
5680.00	2160.00	0.37	-9.94
5712.00	2160.00	-0.01	-9.62
5744.00	2160.00	-0.06	-9.75
5776.00	2160.00	-0.08	-9.63
5808.00	2160.00	-0.05	-9.50
5840.00	2160.00	-0.04	-9.28
5872.00	2160.00	0.15	-9.36
5904.00	2160.00	0.32	-9.31
5936.00	2160.00	0.34	-8.80
5968.00	2160.00	0.22	-7.47
6000.00	2160.00	0.13	-5.72
6032.00	2160.00	0.21	-3.73
6064.00	2160.00	0.33	-2.14
6096.00	2160.00	0.32	-0.65
6128.00	2160.00	0.23	-0.20
6160.00	2160.00	0.09	-0.99
6192.00	2160.00	-0.06	-3.69
6224.00	2160.00	-0.09	-6.33
6256.00	2160.00	0.10	-8.40
6288.00	2160.00	0.26	-9.05
6320.00	2160.00	0.27	-9.41
6352.00	2160.00	0.21	-9.56
6384.00	2160.00	0.36	-9.51
6416.00	2160.00	0.56	-9.81
6448.00	2160.00	0.59	-10.14
6480.00	2160.00	0.35	-10.42
6512.00	2160.00	0.13	-10.31
6544.00	2160.00	0.04	-10.07
6576.00	2160.00	0.04	-9.86
16.00	2192.00	0.10	-15.44
48.00	2192.00	0.12	-15.35
80.00	2192.00	0.19	-15.24
112.00	2192.00	0.24	-15.14
144.00	2192.00	0.28	-15.10
176.00	2192.00	0.24	-15.17
208.00	2192.00	0.18	-15.29
240.00	2192.00	0.12	-15.37
272.00	2192.00	0.13	-15.41
304.00	2192.00	0.18	-15.39
336.00	2192.00	0.23	-15.40
368.00	2192.00	0.34	-15.30
400.00	2192.00	0.32	-15.25
432.00	2192.00	0.34	-15.21
464.00	2192.00	0.27	-15.27
496.00	2192.00	0.34	-15.34
528.00	2192.00	0.39	-15.45
560.00	2192.00	0.43	-15.52
592.00	2192.00	0.41	-15.52
624.00	2192.00	0.39	-15.46
656.00	2192.00	0.39	-15.40
688.00	2192.00	0.35	-15.36
720.00	2192.00	0.25	-15.36
752.00	2192.00	0.27	-15.36
784.00	2192.00	0.36	-15.42
816.00	2192.00	0.35	-15.47
848.00	2192.00	0.11	-15.52
880.00	2192.00	-0.03	-15.57
912.00	2192.00	0.01	-15.54
944.00	2192.00	0.18	-15.47
976.00	2192.00	0.21	-15.30
1008.00	2192.00	0.26	-15.25
1040.00	2192.00	0.27	-15.25
1072.00	2192.00	0.32	-15.28
1104.00	2192.00	0.24	-15.29
1136.00	2192.00	0.18	-15.28
1168.00	2192.00	0.25	-15.26
1200.00	2192.00	0.36	-15.27
1232.00	2192.00	0.44	-15.35
1264.00	2192.00	0.47	-15.41
1296.00	2192.00	0.55	-15.41
1328.00	2192.00	0.54	-15.38
1360.00	2192.00	0.47	-15.42
1392.00	2192.00	0.44	-15.47
1424.00	2192.00	0.43	-15.41
1456.00	2192.00	0.43	-15.31
1488.00	2192.00	0.39	-15.25
1520.00	2192.00	0.48	-15.15
1552.00	2192.00	0.54	-15.09
1584.00	2192.00	0.56	-15.11
1616.00	2192.00	0.48	-15.25
1648.00	2192.00	0.41	-15.34
1680.00	2192.00	0.33	-15.26
1712.00	2192.00	0.33	-15.12
1744.00	2192.00	0.40	-15.07
1776.00	2192.00	0.53	-15.11
1808.00	2192.00	0.64	-15.19
1840.00	2192.00	0.65	-15.17
1872.00	2192.00	0.53	-15.21
1904.00	2192.00	0.39	-15.28
1936.00	2192.00	0.44	-15.33
1968.00	2192.00	0.60	-15.27
2000.00	2192.00	0.74	-15.25
2032.00	2192.00	0.74	-15.32
2064.00	2192.00	0.61	-15.29
2096.00	2192.00	0.51	-15.12
2128.00	2192.00	0.53	-15.08
2160.00	2192.00	0.70	-15.17
2192.00	2192.00	0.89	-15.24
2224.00	2192.00	0.98	-15.13
2256.00	2192.00	1.01	-15.02
2288.00	2192.00	0.87	-15.06
2320.00	2192.00	0.71	-15.14
2352.00	2192.00	0.65	-15.20
2384.00	2192.00	0.70	-15.17
2416.00	2192.00	0.73	-15.08
2448.00	2192.00	0.71	-14.89
2480.00	2192.00	0.80	-14.72
2512.00	2192.00	0.88	-14.67
2544.00	2192.00	0.93	-14.67
2576.00	2192.00	0.86	-14.70
2608.00	2192.00	0.88	-14.68
2640.00	2192.00	1.02	-14.67
2672.00	2192.00	1.06	-14.68
2704.00	2192.00	0.90	-14.72
2736.00	2192.00	0.69	-14.73
2768.00	2192.00	0.71	-14.68
2800.00	2192.00	0.81	-14.56
2832.00	2192.00	0.79	-14.51
2864.00	2192.00	0.70	-14.53
2896.00	2192.00	0.71	-14.54
2928.00	2192.00	0.81	-14.42
2960.00	2192.00	0.81	-14.22
2992.00	2192.00	0.82	-14.07
3024.00	2192.00	0.83	-14.07
3056.00	2192.00	0.82	-14.05
3088.00	2192.00	0.77	-13.93
3120.00	2192.00	0.64	-13.61
3152.00	2192.00	0.64	-13.34
3184.00	2192.00	0.67	-13.17
3216.00	2192.00	0.77	-13.23
3248.00	2192.00	0.78	-13.26
3280.00	2192.00	0.71	-13.08
3312.00	2192.00	0.69	-12.90
3344.00	2192.00	0.69	-12.91
3376.00	2192.00	0.66	-12.98
3408.00	2192.00	0.63	-12.98
3440.00	2192.00	0.55	-12.80
3472.00	2192.00	0.51	-12.67
3504.00	2192.00	0.45	-12.58
3536.00	2192.00	0.42	-12.55
3568.00	2192.00	0.43	-12.55
3600.00	2192.00	0.48	-12.53
3632.00	2192.00	0.54	-12.38
3664.00	2192.00	0.44	-12.39
3696.00	2192.00	0.19	-12.52
3728.00	2192.00	-0.08	-12.71
3760.00	2192.00	-0.27	-12.76
3792.00	2192.00	-0.42	-12.72
3824.00	2192.00	-0.48	-12.69
3856.00	2192.00	-0.50	-12.65
3888.00	2192.00	-0.49	-12.57
3920.00	2192.00	-0.49	-12.52
3952.00	2192.00	-0.56	-12.48
3984.00	2192.00	-0.58	-12.54
4016.00	2192.00	-0.58	-12.62
4048.00	2192.00	-0.52	-12.73
4080.00	2192.00	-0.47	-12.66
4112.00	2192.00	-0.43	-12.38
4144.00	2192.00	-0.32	-12.15
4176.00	2192.00	-0.18	-11.99
4208.00	2192.00	-0.09	-11.86
4240.00	2192.00	-0.10	-11.66
4272.00	2192.00	-0.12	-11.49
4304.00	2192.00	-0.07	-11.35
4336.00	2192.00	0.00	-11.17
4368.00	2192.00	0.10	-10.95
4400.00	2192.00	0.02	-10.73
4432.00	2192.00	0.01	-10.64
4464.00	2192.00	0.06	-10.61
4496.00	2192.00	0.15	-10.63
4528.00	2192.00	0.19	-10.67
4560.00	2192.00	0.14	-10.77
4592.00	2192.00	0.13	-10.91
4624.00	2192.00	-0.01	-11.01
4656.00	2192.00	-0.23	-11.05
4688.00	2192.00	-0.40	-11.08
4720.00	2192.00	-0.35	-11.08
4752.00	2192.00	-0.18	-11.06
4784.00	2192.00	-0.12	-11.02
4816.00	2192.00	-0.22	-10.94
4848.00	2192.00	-0.31	-10.85
4880.00	2192.00	-0.31	-10.83
4912.00	2192.00	-0.27	-10.95
4944.00	2192.00	-0.37	-11.15
4976.00	2192.00	-0.51	-11.17
5008.00	2192.00	-0.65	-11.12
5040.00	2192.00	-0.72	-11.15
5072.00	2192.00	-0.83	-11.33
5104.00	2192.00	-0.83	-11.42
5136.00	2192.00	-0.72	-11.37
5168.00	2192.00	-0.65	-11.35
5200.00	2192.00	-0.66	-11.35
5232.00	2192.00	-0.76	-11.14
5264.00	2192.00	-0.81	-10.75
5296.00	2192.00	-0.71	-10.41
5328.00	2192.00	-0.61	-10.30
5360.00	2192.00	-0.59	-10.11
5392.00	2192.00	-0.67	-9.76
5424.00	2192.00	-0.71	-9.32
5456.00	2192.00	-0.74	-9.12
5488.00	2192.00	-0.41	-9.45
5520.00	2192.00	0.16	-10.39
5552.00	2192.00	0.70	-11.17
5584.00	2192.00	0.99	-11.43
5616.00	2192.00	0.95	-11.17
5648.00	2192.00	0.90	-10.66
5680.00	2192.00	0.43	-10.01
5712.00	2192.00	0.08	-9.52
5744.00	2192.00	-0.07	-9.44
5776.00	2192.00	-0.05	-9.39
5808.00	2192.00	-0.06	-9.42
5840.00	2192.00	-0.11	-9.26
5872.00	2192.00	0.01	-9.28
5904.00	2192.00	0.20	-9.15
5936.00	2192.00	0.27	-8.63
5968.00	2192.00	0.22	-7.26
6000.00	2192.00	0.14	-5.46
6032.00	2192.00	0.19	-3.50
6064.00	2192.00	0.31	-2.00
6096.00	2192.00	0.34	-0.69
6128.00	2192.00	0.25	-0.60
6160.00	2192.00	0.08	-1.26
6192.00	2192.00	-0.08	-3.79
6224.00	2192.00	-0.10	-5.76
6256.00	2192.00	0.03	-8.08
6288.00	2192.00	0.18	-8.78
6320.00	2192.00	0.17	-9.29
6352.00	2192.00	0.09	-9.11
6384.00	2192.00	0.23	-9.03
6416.00	2192.00	0.42	-9.48
6448.00	2192.00	0.48	-10.05
6480.00	2192.00	0.31	-10.64
6512.00	2192.00	0.19	-10.64
6544.00	2192.00	0.23	-10.43
6576.00	2192.00	0.27	-10.09
16.00	2224.00	0.10	-15.24
48.00	2224.00	0.12	-15.20
80.00	2224.00	0.17	-15.17
112.00	2224.00	0.23	-15.19
144.00	2224.00	0.28	-15.20
176.00	2224.00	0.26	-15.24
208.00	2224.00	0.19	-15.30
240.00	2224.00	0.11	-15.39
272.00	2224.00	0.14	-15.44
304.00	2224.00	0.22	-15.45
336.00	2224.00	0.28	-15.44
368.00	2224.00	0.33	-15.33
400.00	2224.00	0.33	-15.30
432.00	2224.00	0.41	-15.31
464.00	2224.00	0.41	-15.41
496.00	2224.00	0.43	-15.51
528.00	2224.00	0.41	-15.61
560.00	2224.00	0.40	-15.66
592.00	2224.00	0.40	-15.55
624.00	2224.00	0.39	-15.37
656.00	2224.00	0.39	-15.23
688.00	2224.00	0.30	-15.23
720.00	2224.00	0.20	-15.29
752.00	2224.00	0.21	-15.34
784.00	2224.00	0.30	-15.41
816.00	2224.00	0.33	-15.45
848.00	2224.00	0.21	-15.47
880.00	2224.00	0.12	-15.47
912.00	2224.00	0.11	-15.47
944.00	2224.00	0.19	-15.47
976.00	2224.00	0.21	-15.43
1008.00	2224.00	0.25	-15.41
1040.00	2224.00	0.28	-15.42
1072.00	2224.00	0.32	-15.40
1104.00	2224.00	0.24	-15.39
1136.00	2224.00	0.13	-15.37
1168.00	2224.00	0.12	-15.36
1200.00	2224.00	0.22	-15.34
1232.00	2224.00	0.31	-15.36
1264.00	2224.00	0.38	-15.36
1296.00	2224.00	0.53	-15.34
1328.00	2224.00	0.61	-15.38
1360.00	2224.00	0.61	-15.46
1392.00	2224.00	0.53	-15.50
1424.00	2224.00	0.42	-15.42
1456.00	2224.00	0.33	-15.32
1488.00	2224.00	0.29	-15.28
1520.00	2224.00	0.40	-15.20
1552.00	2224.00	0.46	-15.14
1584.00	2224.00	0.50	-15.13
1616.00	2224.00	0.45	-15.23
1648.00	2224.00	0.40	-15.29
1680.00	2224.00	0.31	-15.24
1712.00	2224.00	0.32	-15.11
1744.00	2224.00	0.39	-15.06
1776.00	2224.00	0.51	-15.13
1808.00	2224.00	0.60	-15.22
1840.00	2224.00	0.65	-15.19
1872.00	2224.00	0.57	-15.17
1904.00	2224.00	0.42	-15.16
1936.00	2224.00	0.45	-15.18
1968.00	2224.00	0.61	-15.19
2000.00	2224.00	0.75	-15.28
2032.00	2224.00	0.74	-15.39
2064.00	2224.00	0.62	-15.38
2096.00	2224.00	0.59	-15.25
2128.00	2224.00	0.61	-15.17
2160.00	2224.00	0.74	-15.18
2192.00	2224.00	0.91	-15.21
2224.00	2224.00	1.03	-15.16
2256.00	2224.00	1.07	-15.13
2288.00	2224.00	0.90	-15.17
2320.00	2224.00	0.69	-15.23
2352.00	2224.00	0.66	-15.25
2384.00	2224.00	0.75	-15.20
2416.00	2224.00	0.82	-15.09
2448.00	2224.00	0.79	-14.90
2480.00	2224.00	0.86	-14.68
2512.00	2224.00	0.91	-14.62
2544.00	2224.00	0.91	-14.65
2576.00	2224.00	0.80	-14.72
2608.00	2224.00	0.77	-14.69
2640.00	2224.00	0.81	-14.65
2672.00	2224.00	0.87	-14.69
2704.00	2224.00	0.75	-14.75
2736.00	2224.00	0.62	-14.74
2768.00	2224.00	0.65	-14.66
2800.00	2224.00	0.78	-14.60
2832.00	2224.00	0.84	-14.60
2864.00	2224.00	0.82	-14.65
2896.00	2224.00	0.82	-14.60
2928.00	2224.00	0.83	-14.45
2960.00	2224.00	0.73	-14.26
2992.00	2224.00	0.70	-14.16
3024.00	2224.00	0.75	-14.14
3056.00	2224.00	0.81	-14.09
3088.00	2224.00	0.83	-13.88
3120.00	2224.00	0.73	-13.48
3152.00	2224.00	0.73	-13.17
3184.00	2224.00	0.75	-13.04
3216.00	2224.00	0.77	-13.14
3248.00	2224.00	0.67	-13.15
3280.00	2224.00	0.53	-12.97
3312.00	2224.00	0.50	-12.80
3344.00	2224.00	0.54	-12.84
3376.00	2224.00	0.53	-12.93
3408.00	2224.00	0.47	-12.97
3440.00	2224.00	0.43	-12.86
3472.00	2224.00	0.45	-12.73
3504.00	2224.00	0.44	-12.63
3536.00	2224.00	0.41	-12.58
3568.00	2224.00	0.45	-12.59
3600.00	2224.00	0.58	-12.60
3632.00	2224.00	0.61	-12.46
3664.00	2224.00	0.48	-12.45
3696.00	2224.00	0.28	-12.49
3728.00	2224.00	0.05	-12.62
3760.00	2224.00	-0.15	-12.67
3792.00	2224.00	-0.33	-12.65
3824.00	2224.00	-0.41	-12.62
3856.00	2224.00	-0.43	-12.60
3888.00	2224.00	-0.44	-12.56
3920.00	2224.00	-0.43	-12.59
3952.00	2224.00	-0.50	-12.67
3984.00	2224.00	-0.51	-12.77
4016.00	2224.00	-0.54	-12.83
4048.00	2224.00	-0.49	-12.82
4080.00	2224.00	-0.47	-12.69
4112.00	2224.00	-0.39	-12.50
4144.00	2224.00	-0.23	-12.35
4176.00	2224.00	-0.10	-12.15
4208.00	2224.00	-0.12	-11.93
4240.00	2224.00	-0.22	-11.72
4272.00	2224.00	-0.27	-11.67
4304.00	2224.00	-0.15	-11.59
4336.00	2224.00	0.03	-11.36
4368.00	2224.00	0.22	-11.03
4400.00	2224.00	0.17	-10.75
4432.00	2224.00	0.09	-10.67
4464.00	2224.00	0.06	-10.66
4496.00	2224.00	0.13	-10.67
4528.00	2224.00	0.20	-10.68
4560.00	2224.00	0.15	-10.77
4592.00	2224.00	0.13	-10.88
4624.00	2224.00	-0.02	-10.93
4656.00	2224.00	-0.23	-10.96
4688.00	2224.00	-0.37	-11.00
4720.00	2224.00	-0.35	-11.04
4752.00	2224.00	-0.21	-11.07
4784.00	2224.00	-0.14	-11.06
4816.00	2224.00	-0.24	-11.00
4848.00	2224.00	-0.31	-10.92
4880.00	2224.00	-0.25	-10.88
4912.00	2224.00	-0.11	-11.01
4944.00	2224.00	-0.16	-11.21
4976.00	2224.00	-0.32	-11.29
5008.00	2224.00	-0.50	-11.30
5040.00	2224.00	-0.55	-11.39
5072.00	2224.00	-0.58	-11.56
5104.00	2224.00	-0.51	-11.58
5136.00	2224.00	-0.46	-11.48
5168.00	2224.00	-0.54	-11.43
5200.00	2224.00	-0.67	-11.50
5232.00	2224.00	-0.74	-11.26
5264.00	2224.00	-0.74	-10.79
5296.00	2224.00	-0.66	-10.43
5328.00	2224.00	-0.60	-10.39
5360.00	2224.00	-0.70	-10.36
5392.00	2224.00	-0.80	-10.10
5424.00	2224.00	-0.85	-9.63
5456.00	2224.00	-0.81	-9.33
5488.00	2224.00	-0.55	-9.42
5520.00	2224.00	-0.03	-10.09
5552.00	2224.00	0.47	-10.83
5584.00	2224.00	0.63	-11.11
5616.00	2224.00	0.61	-11.11
5648.00	2224.00	0.65	-10.75
5680.00	2224.00	0.28	-10.10
5712.00	2224.00	-0.07	-9.39
5744.00	2224.00	-0.25	-9.07
5776.00	2224.00	-0.09	-9.12
5808.00	2224.00	-0.09	-9.21
5840.00	2224.00	-0.18	-9.09
5872.00	2224.00	-0.09	-8.94
5904.00	2224.00	0.12	-8.63
5936.00	2224.00	0.24	-7.96
5968.00	2224.00	0.22	-6.72
6000.00	2224.00	0.16	-5.12
6032.00	2224.00	0.20	-3.42
6064.00	2224.00	0.31	-1.91
6096.00	2224.00	0.34	-0.71
6128.00	2224.00	0.26	-0.92
6160.00	2224.00	0.10	-2.08
6192.00	2224.00	-0.09	-3.51
6224.00	2224.00	-0.17	-4.47
6256.00	2224.00	-0.13	-5.78
6288.00	2224.00	0.01	-7.15
6320.00	2224.00	0.08	-8.08
6352.00	2224.00	0.06	-8.36
6384.00	2224.00	0.14	-8.64
6416.00	2224.00	0.27	-9.23
6448.00	2224.00	0.40	-9.76
6480.00	2224.00	0.38	-10.30
6512.00	2224.00	0.33	-10.45
6544.00	2224.00	0.27	-10.55
6576.00	2224.00	0.24	-10.41
16.00	2256.00	0.14	-15.18
48.00	2256.00	0.15	-15.19
80.00	2256.00	0.16	-15.20
112.00	2256.00	0.19	-15.24
144.00	2256.00	0.21	-15.23
176.00	2256.00	0.22	-15.23
208.00	2256.00	0.20	-15.23
240.00	2256.00	0.16	-15.29
272.00	2256.00	0.16	-15.34
304.00	2256.00	0.24	-15.35
336.00	2256.00	0.32	-15.34
368.00	2256.00	0.33	-15.29
400.00	2256.00	0.32	-15.32
432.00	2256.00	0.38	-15.38
464.00	2256.00	0.42	-15.50
496.00	2256.00	0.45	-15.59
528.00	2256.00	0.38	-15.63
560.00	2256.00	0.35	-15.62
592.00	2256.00	0.33	-15.50
624.00	2256.00	0.35	-15.32
656.00	2256.00	0.37	-15.21
688.00	2256.00	0.26	-15.25
720.00	2256.00	0.15	-15.34
752.00	2256.00	0.15	-15.43
784.00	2256.00	0.28	-15.47
816.00	2256.00	0.36	-15.49
848.00	2256.00	0.37	-15.45
880.00	2256.00	0.31	-15.42
912.00	2256.00	0.22	-15.41
944.00	2256.00	0.15	-15.42
976.00	2256.00	0.13	-15.43
1008.00	2256.00	0.20	-15.47
1040.00	2256.00	0.29	-15.49
1072.00	2256.00	0.37	-15.50
1104.00	2256.00	0.32	-15.48
1136.00	2256.00	0.23	-15.43
1168.00	2256.00	0.17	-15.39
1200.00	2256.00	0.24	-15.38
1232.00	2256.00	0.26	-15.37
1264.00	2256.00	0.31	-15.31
1296.00	2256.00	0.46	-15.24
1328.00	2256.00	0.63	-15.30
1360.00	2256.00	0.64	-15.42
1392.00	2256.00	0.52	-15.47
1424.00	2256.00	0.31	-15.43
1456.00	2256.00	0.25	-15.40
1488.00	2256.00	0.27	-15.41
1520.00	2256.00	0.40	-15.36
1552.00	2256.00	0.45	-15.26
1584.00	2256.00	0.48	-15.22
1616.00	2256.00	0.45	-15.25
1648.00	2256.00	0.42	-15.29
1680.00	2256.00	0.38	-15.23
1712.00	2256.00	0.38	-15.14
1744.00	2256.00	0.44	-15.14
1776.00	2256.00	0.52	-15.25
1808.00	2256.00	0.60	-15.34
1840.00	2256.00	0.63	-15.32
1872.00	2256.00	0.55	-15.25
1904.00	2256.00	0.41	-15.17
1936.00	2256.00	0.44	-15.15
1968.00	2256.00	0.54	-15.21
2000.00	2256.00	0.65	-15.33
2032.00	2256.00	0.66	-15.45
2064.00	2256.00	0.66	-15.43
2096.00	2256.00	0.70	-15.33
2128.00	2256.00	0.69	-15.21
2160.00	2256.00	0.73	-15.16
2192.00	2256.00	0.83	-15.20
2224.00	2256.00	0.95	-15.24
2256.00	2256.00	1.01	-15.25
2288.00	2256.00	0.85	-15.24
2320.00	2256.00	0.67	-15.24
2352.00	2256.00	0.67	-15.24
2384.00	2256.00	0.81	-15.18
2416.00	2256.00	0.91	-15.10
2448.00	2256.00	0.85	-14.97
2480.00	2256.00	0.84	-14.83
2512.00	2256.00	0.86	-14.79
2544.00	2256.00	0.85	-14.81
2576.00	2256.00	0.79	-14.84
2608.00	2256.00	0.75	-14.76
2640.00	2256.00	0.75	-14.70
2672.00	2256.00	0.80	-14.70
2704.00	2256.00	0.73	-14.70
2736.00	2256.00	0.69	-14.64
2768.00	2256.00	0.70	-14.54
2800.00	2256.00	0.76	-14.53
2832.00	2256.00	0.82	-14.58
2864.00	2256.00	0.85	-14.64
2896.00	2256.00	0.92	-14.61
2928.00	2256.00	0.93	-14.47
2960.00	2256.00	0.83	-14.36
2992.00	2256.00	0.79	-14.30
3024.00	2256.00	0.85	-14.25
3056.00	2256.00	0.95	-14.15
3088.00	2256.00	0.98	-13.81
3120.00	2256.00	0.89	-13.34
3152.00	2256.00	0.85	-12.99
3184.00	2256.00	0.83	-12.91
3216.00	2256.00	0.84	-13.05
3248.00	2256.00	0.72	-13.06
3280.00	2256.00	0.56	-12.94
3312.00	2256.00	0.43	-12.83
3344.00	2256.00	0.44	-12.81
3376.00	2256.00	0.42	-12.86
3408.00	2256.00	0.41	-12.93
3440.00	2256.00	0.41	-12.91
3472.00	2256.00	0.45	-12.82
3504.00	2256.00	0.39	-12.71
3536.00	2256.00	0.29	-12.62
3568.00	2256.00	0.31	-12.64
3600.00	2256.00	0.44	-12.68
3632.00	2256.00	0.45	-12.60
3664.00	2256.00	0.34	-12.55
3696.00	2256.00	0.19	-12.49
3728.00	2256.00	0.01	-12.55
3760.00	2256.00	-0.17	-12.58
3792.00	2256.00	-0.33	-12.59
3824.00	2256.00	-0.41	-12.56
3856.00	2256.00	-0.43	-12.58
3888.00	2256.00	-0.43	-12.61
3920.00	2256.00	-0.40	-12.70
3952.00	2256.00	-0.43	-12.81
3984.00	2256.00	-0.45	-12.92
4016.00	2256.00	-0.50	-12.93
4048.00	2256.00	-0.47	-12.84
4080.00	2256.00	-0.47	-12.69
4112.00	2256.00	-0.39	-12.54
4144.00	2256.00	-0.21	-12.42
4176.00	2256.00	-0.08	-12.21
4208.00	2256.00	-0.12	-12.02
4240.00	2256.00	-0.28	-11.88
4272.00	2256.00	-0.31	-11.87
4304.00	2256.00	-0.18	-11.74
4336.00	2256.00	0.03	-11.44
4368.00	2256.00	0.22	-11.07
4400.00	2256.00	0.20	-10.89
4432.00	2256.00	0.11	-10.82
4464.00	2256.00	0.02	-10.77
4496.00	2256.00	0.06	-10.65
4528.00	2256.00	0.10	-10.64
4560.00	2256.00	0.10	-10.70
4592.00	2256.00	0.06	-10.82
4624.00	2256.00	-0.08	-10.89
4656.00	2256.00	-0.21	-10.90
4688.00	2256.00	-0.25	-10.89
4720.00	2256.00	-0.22	-10.94
4752.00	2256.00	-0.23	-11.04
4784.00	2256.00	-0.24	-11.11
4816.00	2256.00	-0.30	-11.07
4848.00	2256.00	-0.26	-10.97
4880.00	2256.00	-0.14	-10.93
4912.00	2256.00	-0.01	-11.05
4944.00	2256.00	-0.06	-11.27
4976.00	2256.00	-0.19	-11.43
5008.00	2256.00	-0.30	-11.54
5040.00	2256.00	-0.35	-11.65
5072.00	2256.00	-0.34	-11.78
5104.00	2256.00	-0.27	-11.72
5136.00	2256.00	-0.22	-11.57
5168.00	2256.00	-0.34	-11.43
5200.00	2256.00	-0.53	-11.45
5232.00	2256.00	-0.59	-11.23
5264.00	2256.00	-0.58	-10.86
5296.00	2256.00	-0.51	-10.50
5328.00	2256.00	-0.47	-10.51
5360.00	2256.00	-0.60	-10.56
5392.00	2256.00	-0.80	-10.35
5424.00	2256.00	-0.95	-9.84
5456.00	2256.00	-0.96	-9.44
5488.00	2256.00	-0.80	-9.31
5520.00	2256.00	-0.33	-9.74
5552.00	2256.00	0.15	-10.30
5584.00	2256.00	0.34	-10.67
5616.00	2256.00	0.34	-10.73
5648.00	2256.00	0.29	-10.41
5680.00	2256.00	0.03	-9.85
5712.00	2256.00	-0.24	-9.29
5744.00	2256.00	-0.34	-9.02
5776.00	2256.00	-0.18	-8.95
5808.00	2256.00	-0.19	-8.81
5840.00	2256.00	-0.22	-8.64
5872.00	2256.00	-0.11	-8.54
5904.00	2256.00	0.10	-8.37
5936.00	2256.00	0.24	-7.83
5968.00	2256.00	0.27	-6.59
6000.00	2256.00	0.24	-4.96
6032.00	2256.00	0.27	-3.31
6064.00	2256.00	0.31	-1.81
6096.00	2256.00	0.32	-0.76
6128.00	2256.00	0.25	-1.25
6160.00	2256.00	0.11	-2.11
6192.00	2256.00	-0.09	-3.14
6224.00	2256.00	-0.24	-2.95
6256.00	2256.00	-0.29	-4.63
6288.00	2256.00	-0.06	-6.31
6320.00	2256.00	0.20	-7.95
6352.00	2256.00	0.33	-8.38
6384.00	2256.00	0.26	-8.72
6416.00	2256.00	0.26	-9.17
6448.00	2256.00	0.46	-9.34
6480.00	2256.00	0.66	-9.52
6512.00	2256.00	0.75	-9.64
6544.00	2256.00	0.54	-9.77
6576.00	2256.00	0.43	-9.77
16.00	2288.00	0.23	-15.43
48.00	2288.00	0.21	-15.38
80.00	2288.00	0.17	-15.27
112.00	2288.00	0.19	-15.24
144.00	2288.00	0.21	-15.22
176.00	2288.00	0.21	-15.27
208.00	2288.00	0.22	-15.29
240.00	2288.00	0.19	-15.31
272.00	2288.00	0.19	-15.30
304.00	2288.00	0.27	-15.30
336.00	2288.00	0.32	-15.32
368.00	2288.00	0.34	-15.33
400.00	2288.00	0.32	-15.37
432.00	2288.00	0.36	-15.38
464.00	2288.00	0.40	-15.42
496.00	2288.00	0.43	-15.49
528.00	2288.00	0.39	-15.54
560.00	2288.00	0.36	-15.58
592.00	2288.00	0.33	-15.54
624.00	2288.00	0.34	-15.41
656.00	2288.00	0.32	-15.28
688.00	2288.00	0.21	-15.25
720.00	2288.00	0.11	-15.32
752.00	2288.00	0.12	-15.42
784.00	2288.00	0.26	-15.48
816.00	2288.00	0.39	-15.52
848.00	2288.00	0.46	-15.48
880.00	2288.00	0.43	-15.42
912.00	2288.00	0.27	-15.38
944.00	2288.00	0.18	-15.38
976.00	2288.00	0.16	-15.37
1008.00	2288.00	0.25	-15.41
1040.00	2288.00	0.34	-15.45
1072.00	2288.00	0.40	-15.53
1104.00	2288.00	0.39	-15.55
1136.00	2288.00	0.35	-15.48
1168.00	2288.00	0.31	-15.38
1200.00	2288.00	0.34	-15.36
1232.00	2288.00	0.29	-15.40
1264.00	2288.00	0.24	-15.37
1296.00	2288.00	0.33	-15.28
1328.00	2288.00	0.56	-15.24
1360.00	2288.00	0.62	-15.31
1392.00	2288.00	0.52	-15.37
1424.00	2288.00	0.32	-15.38
1456.00	2288.00	0.32	-15.42
1488.00	2288.00	0.39	-15.45
1520.00	2288.00	0.46	-15.43
1552.00	2288.00	0.46	-15.37
1584.00	2288.00	0.44	-15.34
1616.00	2288.00	0.42	-15.35
1648.00	2288.00	0.43	-15.34
1680.00	2288.00	0.45	-15.24
1712.00	2288.00	0.46	-15.18
1744.00	2288.00	0.48	-15.18
1776.00	2288.00	0.50	-15.36
1808.00	2288.00	0.56	-15.49
1840.00	2288.00	0.55	-15.48
1872.00	2288.00	0.45	-15.38
1904.00	2288.00	0.39	-15.28
1936.00	2288.00	0.47	-15.20
1968.00	2288.00	0.53	-15.20
2000.00	2288.00	0.57	-15.29
2032.00	2288.00	0.58	-15.42
2064.00	2288.00	0.64	-15.43
2096.00	2288.00	0.68	-15.38
2128.00	2288.00	0.67	-15.29
2160.00	2288.00	0.69	-15.24
2192.00	2288.00	0.76	-15.28
2224.00	2288.00	0.83	-15.31
2256.00	2288.00	0.85	-15.31
2288.00	2288.00	0.71	-15.25
2320.00	2288.00	0.59	-15.22
2352.00	2288.00	0.64	-15.21
2384.00	2288.00	0.78	-15.19
2416.00	2288.00	0.88	-15.12
2448.00	2288.00	0.85	-15.06
2480.00	2288.00	0.82	-15.01
2512.00	2288.00	0.81	-15.00
2544.00	2288.00	0.78	-14.99
2576.00	2288.00	0.76	-14.96
2608.00	2288.00	0.78	-14.91
2640.00	2288.00	0.81	-14.84
2672.00	2288.00	0.81	-14.77
2704.00	2288.00	0.73	-14.68
2736.00	2288.00	0.69	-14.59
2768.00	2288.00	0.69	-14.51
2800.00	2288.00	0.70	-14.52
2832.00	2288.00	0.74	-14.59
2864.00	2288.00	0.81	-14.63
2896.00	2288.00	0.92	-14.56
2928.00	2288.00	0.99	-14.43
2960.00	2288.00	0.96	-14.37
2992.00	2288.00	0.97	-14.36
3024.00	2288.00	1.05	-14.30
3056.00	2288.00	1.14	-14.17
3088.00	2288.00	1.15	-13.81
3120.00	2288.00	1.03	-13.36
3152.00	2288.00	0.98	-13.03
3184.00	2288.00	0.92	-12.96
3216.00	2288.00	0.91	-13.05
3248.00	2288.00	0.82	-13.04
3280.00	2288.00	0.71	-13.00
3312.00	2288.00	0.56	-12.94
3344.00	2288.00	0.49	-12.84
3376.00	2288.00	0.44	-12.75
3408.00	2288.00	0.52	-12.81
3440.00	2288.00	0.55	-12.89
3472.00	2288.00	0.44	-12.91
3504.00	2288.00	0.20	-12.80
3536.00	2288.00	0.03	-12.67
3568.00	2288.00	0.13	-12.63
3600.00	2288.00	0.30	-12.63
3632.00	2288.00	0.30	-12.60
3664.00	2288.00	0.17	-12.53
3696.00	2288.00	0.03	-12.48
3728.00	2288.00	-0.09	-12.52
3760.00	2288.00	-0.25	-12.57
3792.00	2288.00	-0.42	-12.60
3824.00	2288.00	-0.52	-12.62
3856.00	2288.00	-0.57	-12.70
3888.00	2288.00	-0.53	-12.74
3920.00	2288.00	-0.46	-12.77
3952.00	2288.00	-0.44	-12.78
3984.00	2288.00	-0.45	-12.83
4016.00	2288.00	-0.51	-12.81
4048.00	2288.00	-0.48	-12.74
4080.00	2288.00	-0.46	-12.68
4112.00	2288.00	-0.40	-12.64
4144.00	2288.00	-0.25	-12.56
4176.00	2288.00	-0.17	-12.35
4208.00	2288.00	-0.18	-12.22
4240.00	2288.00	-0.28	-12.13
4272.00	2288.00	-0.27	-12.07
4304.00	2288.00	-0.15	-11.85
4336.00	2288.00	0.05	-11.44
4368.00	2288.00	0.28	-11.03
4400.00	2288.00	0.30	-10.85
4432.00	2288.00	0.22	-10.82
4464.00	2288.00	0.05	-10.79
4496.00	2288.00	0.01	-10.65
4528.00	2288.00	0.01	-10.63
4560.00	2288.00	0.03	-10.70
4592.00	2288.00	0.01	-10.80
4624.00	2288.00	-0.10	-10.86
4656.00	2288.00	-0.17	-10.89
4688.00	2288.00	-0.18	-10.90
4720.00	2288.00	-0.17	-10.94
4752.00	2288.00	-0.30	-11.06
4784.00	2288.00	-0.38	-11.17
4816.00	2288.00	-0.40	-11.19
4848.00	2288.00	-0.23	-11.14
4880.00	2288.00	-0.03	-11.10
4912.00	2288.00	0.07	-11.18
4944.00	2288.00	0.02	-11.33
4976.00	2288.00	-0.09	-11.52
5008.00	2288.00	-0.12	-11.66
5040.00	2288.00	-0.16	-11.80
5072.00	2288.00	-0.18	-11.88
5104.00	2288.00	-0.14	-11.85
5136.00	2288.00	-0.09	-11.72
5168.00	2288.00	-0.14	-11.49
5200.00	2288.00	-0.27	-11.30
5232.00	2288.00	-0.41	-11.06
5264.00	2288.00	-0.50	-10.79
5296.00	2288.00	-0.54	-10.54
5328.00	2288.00	-0.48	-10.50
5360.00	2288.00	-0.52	-10.64
5392.00	2288.00	-0.65	-10.73
5424.00	2288.00	-0.81	-10.36
5456.00	2288.00	-0.86	-9.67
5488.00	2288.00	-0.76	-9.19
5520.00	2288.00	-0.30	-9.41
5552.00	2288.00	0.15	-10.09
5584.00	2288.00	0.43	-10.50
5616.00	2288.00	0.29	-10.52
5648.00	2288.00	-0.03	-10.05
5680.00	2288.00	-0.34	-9.64
5712.00	2288.00	-0.51	-9.36
5744.00	2288.00	-0.42	-9.30
5776.00	2288.00	-0.28	-8.95
5808.00	2288.00	-0.22	-8.38
5840.00	2288.00	-0.12	-8.21
5872.00	2288.00	-0.01	-8.44
5904.00	2288.00	0.11	-8.72
5936.00	2288.00	0.21	-8.54
5968.00	2288.00	0.31	-7.13
6000.00	2288.00	0.38	-5.32
6032.00	2288.00	0.36	-3.25
6064.00	2288.00	0.33	-1.70
6096.00	2288.00	0.31	-0.80
6128.00	2288.00	0.29	-1.32
6160.00	2288.00	0.17	-2.35
6192.00	2288.00	-0.04	-3.38
6224.00	2288.00	-0.20	-3.42
6256.00	2288.00	-0.38	-5.10
6288.00	2288.00	-0.22	-6.75
6320.00	2288.00	0.11	-8.18
6352.00	2288.00	0.43	-8.66
6384.00	2288.00	0.39	-8.93
6416.00	2288.00	0.29	-9.29
6448.00	2288.00	0.37	-9.27
6480.00	2288.00	0.71	-9.17
6512.00	2288.00	0.92	-9.16
6544.00	2288.00	0.83	-9.10
6576.00	2288.00	0.70	-9.20
16.00	2320.00	0.26	-15.53
48.00	2320.00	0.22	-15.47
80.00	2320.00	0.15	-15.31
112.00	2320.00	0.15	-15.21
144.00	2320.00	0.17	-15.18
176.00	2320.00	0.19	-15.28
208.00	2320.00	0.24	-15.36
240.00	2320.00	0.27	-15.37
272.00	2320.00	0.25	-15.30
304.00	2320.00	0.29	-15.27
336.00	2320.00	0.30	-15.28
368.00	2320.00	0.32	-15.32
400.00	2320.00	0.30	-15.34
432.00	2320.00	0.34	-15.34
464.00	2320.00	0.38	-15.34
496.00	2320.00	0.40	-15.38
528.00	2320.00	0.39	-15.40
560.00	2320.00	0.41	-15.43
592.00	2320.00	0.38	-15.48
624.00	2320.00	0.35	-15.42
656.00	2320.00	0.28	-15.30
688.00	2320.00	0.17	-15.21
720.00	2320.00	0.09	-15.26
752.00	2320.00	0.12	-15.36
784.00	2320.00	0.25	-15.41
816.00	2320.00	0.42	-15.47
848.00	2320.00	0.51	-15.49
880.00	2320.00	0.49	-15.47
912.00	2320.00	0.30	-15.36
944.00	2320.00	0.24	-15.28
976.00	2320.00	0.29	-15.24
1008.00	2320.00	0.37	-15.28
1040.00	2320.00	0.38	-15.31
1072.00	2320.00	0.36	-15.43
1104.00	2320.00	0.39	-15.50
1136.00	2320.00	0.39	-15.48
1168.00	2320.00	0.40	-15.40
1200.00	2320.00	0.41	-15.41
1232.00	2320.00	0.32	-15.48
1264.00	2320.00	0.19	-15.44
1296.00	2320.00	0.18	-15.32
1328.00	2320.00	0.36	-15.27
1360.00	2320.00	0.47	-15.32
1392.00	2320.00	0.50	-15.36
1424.00	2320.00	0.43	-15.37
1456.00	2320.00	0.47	-15.42
1488.00	2320.00	0.49	-15.50
1520.00	2320.00	0.49	-15.51
1552.00	2320.00	0.44	-15.48
1584.00	2320.00	0.41	-15.45
1616.00	2320.00	0.37	-15.45
1648.00	2320.00	0.37	-15.42
1680.00	2320.00	0.41	-15.30
1712.00	2320.00	0.45	-15.21
1744.00	2320.00	0.50	-15.17
1776.00	2320.00	0.51	-15.33
1808.00	2320.00	0.55	-15.47
1840.00	2320.00	0.49	-15.52
1872.00	2320.00	0.40	-15.48
1904.00	2320.00	0.44	-15.34
1936.00	2320.00	0.59	-15.17
1968.00	2320.00	0.67	-15.08
2000.00	2320.00	0.63	-15.12
2032.00	2320.00	0.58	-15.30
2064.00	2320.00	0.60	-15.38
2096.00	2320.00	0.61	-15.42
2128.00	2320.00	0.62	-15.39
2160.00	2320.00	0.65	-15.36
2192.00	2320.00	0.71	-15.37
2224.00	2320.00	0.71	-15.35
2256.00	2320.00	0.69	-15.29
2288.00	2320.00	0.61	-15.20
2320.00	2320.00	0.61	-15.16
2352.00	2320.00	0.68	-15.18
2384.00	2320.00	0.78	-15.19
2416.00	2320.00	0.83	-15.16
2448.00	2320.00	0.82	-15.12
2480.00	2320.00	0.75	-15.07
2512.00	2320.00	0.72	-15.06
2544.00	2320.00	0.71	-15.04
2576.00	2320.00	0.75	-15.02
2608.00	2320.00	0.79	-14.98
2640.00	2320.00	0.83	-14.90
2672.00	2320.00	0.83	-14.80
2704.00	2320.00	0.76	-14.68
2736.00	2320.00	0.69	-14.61
2768.00	2320.00	0.65	-14.56
2800.00	2320.00	0.65	-14.55
2832.00	2320.00	0.68	-14.59
2864.00	2320.00	0.73	-14.65
2896.00	2320.00	0.83	-14.60
2928.00	2320.00	0.90	-14.49
2960.00	2320.00	0.95	-14.39
2992.00	2320.00	1.00	-14.34
3024.00	2320.00	1.12	-14.17
3056.00	2320.00	1.19	-14.03
3088.00	2320.00	1.19	-13.75
3120.00	2320.00	1.09	-13.47
3152.00	2320.00	1.06	-13.23
3184.00	2320.00	1.01	-13.13
3216.00	2320.00	0.98	-13.10
3248.00	2320.00	0.92	-13.01
3280.00	2320.00	0.86	-13.01
3312.00	2320.00	0.71	-13.01
3344.00	2320.00	0.56	-12.86
3376.00	2320.00	0.44	-12.67
3408.00	2320.00	0.58	-12.70
3440.00	2320.00	0.62	-12.82
3472.00	2320.00	0.41	-12.88
3504.00	2320.00	0.03	-12.75
3536.00	2320.00	-0.21	-12.67
3568.00	2320.00	-0.13	-12.66
3600.00	2320.00	0.01	-12.68
3632.00	2320.00	0.06	-12.65
3664.00	2320.00	-0.01	-12.55
3696.00	2320.00	-0.07	-12.49
3728.00	2320.00	-0.10	-12.50
3760.00	2320.00	-0.28	-12.56
3792.00	2320.00	-0.53	-12.61
3824.00	2320.00	-0.71	-12.67
3856.00	2320.00	-0.70	-12.76
3888.00	2320.00	-0.53	-12.74
3920.00	2320.00	-0.37	-12.70
3952.00	2320.00	-0.30	-12.64
3984.00	2320.00	-0.35	-12.71
4016.00	2320.00	-0.44	-12.73
4048.00	2320.00	-0.44	-12.72
4080.00	2320.00	-0.44	-12.75
4112.00	2320.00	-0.45	-12.74
4144.00	2320.00	-0.35	-12.73
4176.00	2320.00	-0.28	-12.55
4208.00	2320.00	-0.25	-12.44
4240.00	2320.00	-0.28	-12.25
4272.00	2320.00	-0.24	-12.10
4304.00	2320.00	-0.12	-11.85
4336.00	2320.00	0.07	-11.46
4368.00	2320.00	0.27	-11.05
4400.00	2320.00	0.31	-10.86
4432.00	2320.00	0.25	-10.83
4464.00	2320.00	0.11	-10.81
4496.00	2320.00	0.07	-10.68
4528.00	2320.00	0.05	-10.66
4560.00	2320.00	0.05	-10.74
4592.00	2320.00	0.05	-10.84
4624.00	2320.00	0.01	-10.88
4656.00	2320.00	-0.03	-10.90
4688.00	2320.00	-0.09	-10.93
4720.00	2320.00	-0.15	-11.01
4752.00	2320.00	-0.32	-11.16
4784.00	2320.00	-0.38	-11.28
4816.00	2320.00	-0.32	-11.38
4848.00	2320.00	-0.09	-11.41
4880.00	2320.00	0.11	-11.44
4912.00	2320.00	0.17	-11.49
4944.00	2320.00	0.13	-11.55
4976.00	2320.00	0.04	-11.67
5008.00	2320.00	0.04	-11.77
5040.00	2320.00	0.01	-11.91
5072.00	2320.00	-0.06	-11.95
5104.00	2320.00	-0.11	-11.91
5136.00	2320.00	-0.10	-11.79
5168.00	2320.00	-0.11	-11.59
5200.00	2320.00	-0.19	-11.33
5232.00	2320.00	-0.42	-11.06
5264.00	2320.00	-0.57	-10.80
5296.00	2320.00	-0.62	-10.53
5328.00	2320.00	-0.56	-10.39
5360.00	2320.00	-0.55	-10.56
5392.00	2320.00	-0.59	-10.84
5424.00	2320.00	-0.65	-10.62
5456.00	2320.00	-0.70	-9.75
5488.00	2320.00	-0.63	-8.98
5520.00	2320.00	-0.33	-8.97
5552.00	2320.00	0.08	-9.77
5584.00	2320.00	0.48	-10.33
5616.00	2320.00	0.41	-10.22
5648.00	2320.00	0.05	-9.55
5680.00	2320.00	-0.31	-9.24
5712.00	2320.00	-0.42	-9.35
5744.00	2320.00	-0.33	-9.53
5776.00	2320.00	-0.33	-9.13
5808.00	2320.00	-0.27	-8.48
5840.00	2320.00	-0.10	-8.19
5872.00	2320.00	0.04	-8.40
5904.00	2320.00	0.12	-8.84
5936.00	2320.00	0.21	-9.24
5968.00	2320.00	0.32	-8.50
6000.00	2320.00	0.44	-6.53
6032.00	2320.00	0.38	-3.94
6064.00	2320.00	0.34	-1.68
6096.00	2320.00	0.33	-0.82
6128.00	2320.00	0.34	-1.46
6160.00	2320.00	0.17	-2.43
6192.00	2320.00	-0.04	-3.99
6224.00	2320.00	-0.21	-4.56
6256.00	2320.00	-0.28	-6.84
6288.00	2320.00	-0.16	-8.37
6320.00	2320.00	0.03	-9.49
6352.00	2320.00	0.20	-9.61
6384.00	2320.00	0.18	-9.49
6416.00	2320.00	0.17	-9.64
6448.00	2320.00	0.26	-9.58
6480.00	2320.00	0.63	-9.38
6512.00	2320.00	1.06	-9.07
6544.00	2320.00	1.18	-8.63
6576.00	2320.00	1.19	-8.48
16.00	2352.00	0.32	-15.54
48.00	2352.00	0.24	-15.43
80.00	2352.00	0.12	-15.27
112.00	2352.00	0.06	-15.18
144.00	2352.00	0.08	-15.20
176.00	2352.00	0.16	-15.30
208.00	2352.00	0.24	-15.38
240.00	2352.00	0.27	-15.41
272.00	2352.00	0.23	-15.36
304.00	2352.00	0.22	-15.36
336.00	2352.00	0.22	-15.40
368.00	2352.00	0.26	-15.37
400.00	2352.00	0.29	-15.29
432.00	2352.00	0.35	-15.23
464.00	2352.00	0.37	-15.26
496.00	2352.00	0.37	-15.32
528.00	2352.00	0.39	-15.37
560.00	2352.00	0.45	-15.44
592.00	2352.00	0.43	-15.54
624.00	2352.00	0.37	-15.50
656.00	2352.00	0.25	-15.35
688.00	2352.00	0.15	-15.17
720.00	2352.00	0.08	-15.16
752.00	2352.00	0.10	-15.24
784.00	2352.00	0.17	-15.25
816.00	2352.00	0.32	-15.31
848.00	2352.00	0.42	-15.41
880.00	2352.00	0.44	-15.46
912.00	2352.00	0.31	-15.34
944.00	2352.00	0.32	-15.21
976.00	2352.00	0.43	-15.18
1008.00	2352.00	0.50	-15.21
1040.00	2352.00	0.41	-15.24
1072.00	2352.00	0.34	-15.36
1104.00	2352.00	0.36	-15.43
1136.00	2352.00	0.39	-15.44
1168.00	2352.00	0.42	-15.40
1200.00	2352.00	0.41	-15.47
1232.00	2352.00	0.33	-15.54
1264.00	2352.00	0.18	-15.50
1296.00	2352.00	0.13	-15.40
1328.00	2352.00	0.19	-15.45
1360.00	2352.00	0.32	-15.55
1392.00	2352.00	0.45	-15.52
1424.00	2352.00	0.50	-15.41
1456.00	2352.00	0.53	-15.37
1488.00	2352.00	0.49	-15.44
1520.00	2352.00	0.47	-15.49
1552.00	2352.00	0.41	-15.52
1584.00	2352.00	0.38	-15.53
1616.00	2352.00	0.34	-15.53
1648.00	2352.00	0.33	-15.52
1680.00	2352.00	0.35	-15.45
1712.00	2352.00	0.39	-15.37
1744.00	2352.00	0.43	-15.28
1776.00	2352.00	0.44	-15.36
1808.00	2352.00	0.47	-15.44
1840.00	2352.00	0.41	-15.51
1872.00	2352.00	0.38	-15.49
1904.00	2352.00	0.50	-15.36
1936.00	2352.00	0.71	-15.16
1968.00	2352.00	0.82	-14.98
2000.00	2352.00	0.74	-14.97
2032.00	2352.00	0.65	-15.16
2064.00	2352.00	0.59	-15.33
2096.00	2352.00	0.56	-15.45
2128.00	2352.00	0.61	-15.45
2160.00	2352.00	0.64	-15.42
2192.00	2352.00	0.70	-15.40
2224.00	2352.00	0.65	-15.35
2256.00	2352.00	0.65	-15.27
2288.00	2352.00	0.66	-15.20
2320.00	2352.00	0.69	-15.15
2352.00	2352.00	0.70	-15.14
2384.00	2352.00	0.71	-15.15
2416.00	2352.00	0.73	-15.15
2448.00	2352.00	0.73	-15.11
2480.00	2352.00	0.64	-15.03
2512.00	2352.00	0.60	-15.02
2544.00	2352.00	0.64	-14.99
2576.00	2352.00	0.73	-14.93
2608.00	2352.00	0.75	-14.87
2640.00	2352.00	0.79	-14.83
2672.00	2352.00	0.79	-14.82
2704.00	2352.00	0.74	-14.77
2736.00	2352.00	0.65	-14.75
2768.00	2352.00	0.59	-14.71
2800.00	2352.00	0.61	-14.65
2832.00	2352.00	0.64	-14.64
2864.00	2352.00	0.64	-14.66
2896.00	2352.00	0.70	-14.60
2928.00	2352.00	0.78	-14.51
2960.00	2352.00	0.87	-14.42
2992.00	2352.00	0.96	-14.34
3024.00	2352.00	1.09	-14.12
3056.00	2352.00	1.15	-13.96
3088.00	2352.00	1.16	-13.79
3120.00	2352.00	1.09	-13.63
3152.00	2352.00	1.10	-13.39
3184.00	2352.00	1.04	-13.16
3216.00	2352.00	0.97	-12.99
3248.00	2352.00	0.89	-12.85
3280.00	2352.00	0.87	-12.85
3312.00	2352.00	0.76	-12.80
3344.00	2352.00	0.62	-12.71
3376.00	2352.00	0.48	-12.57
3408.00	2352.00	0.53	-12.63
3440.00	2352.00	0.50	-12.71
3472.00	2352.00	0.25	-12.73
3504.00	2352.00	-0.05	-12.63
3536.00	2352.00	-0.26	-12.62
3568.00	2352.00	-0.24	-12.67
3600.00	2352.00	-0.18	-12.74
3632.00	2352.00	-0.13	-12.71
3664.00	2352.00	-0.14	-12.63
3696.00	2352.00	-0.10	-12.61
3728.00	2352.00	-0.08	-12.60
3760.00	2352.00	-0.35	-12.59
3792.00	2352.00	-0.67	-12.58
3824.00	2352.00	-0.86	-12.61
3856.00	2352.00	-0.69	-12.69
3888.00	2352.00	-0.44	-12.67
3920.00	2352.00	-0.28	-12.63
3952.00	2352.00	-0.23	-12.62
3984.00	2352.00	-0.31	-12.72
4016.00	2352.00	-0.38	-12.77
4048.00	2352.00	-0.41	-12.73
4080.00	2352.00	-0.44	-12.72
4112.00	2352.00	-0.48	-12.70
4144.00	2352.00	-0.43	-12.74
4176.00	2352.00	-0.33	-12.63
4208.00	2352.00	-0.26	-12.49
4240.00	2352.00	-0.21	-12.24
4272.00	2352.00	-0.16	-12.04
4304.00	2352.00	-0.07	-11.80
4336.00	2352.00	0.05	-11.48
4368.00	2352.00	0.18	-11.17
4400.00	2352.00	0.23	-11.03
4432.00	2352.00	0.22	-10.99
4464.00	2352.00	0.16	-10.88
4496.00	2352.00	0.17	-10.73
4528.00	2352.00	0.17	-10.71
4560.00	2352.00	0.17	-10.80
4592.00	2352.00	0.18	-10.89
4624.00	2352.00	0.17	-10.88
4656.00	2352.00	0.08	-10.87
4688.00	2352.00	-0.09	-10.93
4720.00	2352.00	-0.23	-11.06
4752.00	2352.00	-0.34	-11.22
4784.00	2352.00	-0.35	-11.33
4816.00	2352.00	-0.24	-11.47
4848.00	2352.00	0.00	-11.57
4880.00	2352.00	0.23	-11.66
4912.00	2352.00	0.28	-11.74
4944.00	2352.00	0.26	-11.76
4976.00	2352.00	0.20	-11.83
5008.00	2352.00	0.20	-11.90
5040.00	2352.00	0.18	-12.01
5072.00	2352.00	0.06	-11.98
5104.00	2352.00	-0.10	-11.86
5136.00	2352.00	-0.19	-11.83
5168.00	2352.00	-0.24	-11.81
5200.00	2352.00	-0.30	-11.56
5232.00	2352.00	-0.57	-11.21
5264.00	2352.00	-0.72	-10.82
5296.00	2352.00	-0.75	-10.72
5328.00	2352.00	-0.66	-10.61
5360.00	2352.00	-0.65	-10.65
5392.00	2352.00	-0.66	-10.72
5424.00	2352.00	-0.62	-10.44
5456.00	2352.00	-0.60	-9.51
5488.00	2352.00	-0.55	-8.76
5520.00	2352.00	-0.40	-8.71
5552.00	2352.00	-0.12	-9.49
5584.00	2352.00	0.26	-9.81
5616.00	2352.00	0.29	-9.45
5648.00	2352.00	0.12	-8.91
5680.00	2352.00	-0.13	-8.89
5712.00	2352.00	-0.25	-9.32
5744.00	2352.00	-0.30	-9.50
5776.00	2352.00	-0.42	-9.16
5808.00	2352.00	-0.38	-8.69
5840.00	2352.00	-0.20	-8.39
5872.00	2352.00	-0.06	-8.16
5904.00	2352.00	-0.01	-8.01
5936.00	2352.00	0.03	-8.21
5968.00	2352.00	0.11	-7.85
6000.00	2352.00	0.24	-6.26
6032.00	2352.00	0.28	-3.88
6064.00	2352.00	0.29	-1.56
6096.00	2352.00	0.30	-0.81
6128.00	2352.00	0.32	-1.35
6160.00	2352.00	0.21	-2.69
6192.00	2352.00	0.05	-4.66
6224.00	2352.00	-0.12	-6.19
6256.00	2352.00	-0.04	-7.68
6288.00	2352.00	-0.04	-8.72
6320.00	2352.00	0.15	-9.29
6352.00	2352.00	0.08	-9.77
6384.00	2352.00	0.20	-9.58
6416.00	2352.00	0.19	-9.58
6448.00	2352.00	0.31	-9.64
6480.00	2352.00	0.60	-9.54
6512.00	2352.00	1.01	-9.02
6544.00	2352.00	1.29	-8.45
6576.00	2352.00	1.37	-8.15
16.00	2384.00	0.31	-15.41
48.00	2384.00	0.21	-15.32
80.00	2384.00	0.11	-15.22
112.00	2384.00	0.06	-15.16
144.00	2384.00	0.09	-15.17
176.00	2384.00	0.17	-15.22
208.00	2384.00	0.21	-15.28
240.00	2384.00	0.23	-15.35
272.00	2384.00	0.18	-15.36
304.00	2384.00	0.15	-15.41
336.00	2384.00	0.15	-15.47
368.00	2384.00	0.22	-15.41
400.00	2384.00	0.30	-15.27
432.00	2384.00	0.36	-15.22
464.00	2384.00	0.36	-15.30
496.00	2384.00	0.36	-15.38
528.00	2384.00	0.38	-15.44
560.00	2384.00	0.40	-15.47
592.00	2384.00	0.39	-15.52
624.00	2384.00	0.36	-15.44
656.00	2384.00	0.29	-15.34
688.00	2384.00	0.19	-15.24
720.00	2384.00	0.11	-15.23
752.00	2384.00	0.12	-15.28
784.00	2384.00	0.17	-15.25
816.00	2384.00	0.23	-15.25
848.00	2384.00	0.28	-15.35
880.00	2384.00	0.31	-15.44
912.00	2384.00	0.31	-15.34
944.00	2384.00	0.37	-15.20
976.00	2384.00	0.48	-15.17
1008.00	2384.00	0.49	-15.27
1040.00	2384.00	0.41	-15.34
1072.00	2384.00	0.34	-15.42
1104.00	2384.00	0.36	-15.43
1136.00	2384.00	0.41	-15.40
1168.00	2384.00	0.42	-15.37
1200.00	2384.00	0.40	-15.48
1232.00	2384.00	0.33	-15.58
1264.00	2384.00	0.23	-15.58
1296.00	2384.00	0.19	-15.53
1328.00	2384.00	0.14	-15.61
1360.00	2384.00	0.19	-15.72
1392.00	2384.00	0.32	-15.67
1424.00	2384.00	0.46	-15.50
1456.00	2384.00	0.52	-15.31
1488.00	2384.00	0.46	-15.27
1520.00	2384.00	0.45	-15.32
1552.00	2384.00	0.43	-15.41
1584.00	2384.00	0.43	-15.47
1616.00	2384.00	0.38	-15.49
1648.00	2384.00	0.33	-15.53
1680.00	2384.00	0.30	-15.58
1712.00	2384.00	0.33	-15.53
1744.00	2384.00	0.39	-15.43
1776.00	2384.00	0.42	-15.36
1808.00	2384.00	0.43	-15.33
1840.00	2384.00	0.42	-15.40
1872.00	2384.00	0.43	-15.46
1904.00	2384.00	0.58	-15.42
1936.00	2384.00	0.75	-15.24
1968.00	2384.00	0.89	-15.03
2000.00	2384.00	0.83	-14.98
2032.00	2384.00	0.71	-15.14
2064.00	2384.00	0.64	-15.35
2096.00	2384.00	0.59	-15.56
2128.00	2384.00	0.68	-15.54
2160.00	2384.00	0.68	-15.45
2192.00	2384.00	0.71	-15.36
2224.00	2384.00	0.65	-15.36
2256.00	2384.00	0.72	-15.36
2288.00	2384.00	0.77	-15.32
2320.00	2384.00	0.82	-15.20
2352.00	2384.00	0.75	-15.09
2384.00	2384.00	0.73	-15.04
2416.00	2384.00	0.72	-15.04
2448.00	2384.00	0.73	-15.06
2480.00	2384.00	0.67	-15.05
2512.00	2384.00	0.67	-15.04
2544.00	2384.00	0.71	-14.96
2576.00	2384.00	0.75	-14.86
2608.00	2384.00	0.71	-14.79
2640.00	2384.00	0.73	-14.81
2672.00	2384.00	0.78	-14.84
2704.00	2384.00	0.78	-14.84
2736.00	2384.00	0.72	-14.81
2768.00	2384.00	0.66	-14.75
2800.00	2384.00	0.66	-14.68
2832.00	2384.00	0.64	-14.64
2864.00	2384.00	0.61	-14.65
2896.00	2384.00	0.64	-14.61
2928.00	2384.00	0.69	-14.56
2960.00	2384.00	0.79	-14.52
2992.00	2384.00	0.86	-14.41
3024.00	2384.00	0.95	-14.13
3056.00	2384.00	1.03	-13.89
3088.00	2384.00	1.05	-13.75
3120.00	2384.00	1.05	-13.67
3152.00	2384.00	1.07	-13.39
3184.00	2384.00	1.07	-13.07
3216.00	2384.00	1.02	-12.82
3248.00	2384.00	0.95	-12.71
3280.00	2384.00	0.93	-12.71
3312.00	2384.00	0.80	-12.59
3344.00	2384.00	0.59	-12.51
3376.00	2384.00	0.39	-12.44
3408.00	2384.00	0.39	-12.52
3440.00	2384.00	0.39	-12.58
3472.00	2384.00	0.29	-12.58
3504.00	2384.00	0.14	-12.54
3536.00	2384.00	-0.02	-12.56
3568.00	2384.00	-0.16	-12.64
3600.00	2384.00	-0.22	-12.75
3632.00	2384.00	-0.23	-12.76
3664.00	2384.00	-0.24	-12.73
3696.00	2384.00	-0.19	-12.71
3728.00	2384.00	-0.18	-12.67
3760.00	2384.00	-0.44	-12.63
3792.00	2384.00	-0.72	-12.59
3824.00	2384.00	-0.82	-12.60
3856.00	2384.00	-0.55	-12.63
3888.00	2384.00	-0.34	-12.59
3920.00	2384.00	-0.27	-12.58
3952.00	2384.00	-0.28	-12.65
3984.00	2384.00	-0.35	-12.77
4016.00	2384.00	-0.39	-12.78
4048.00	2384.00	-0.42	-12.69
4080.00	2384.00	-0.43	-12.64
4112.00	2384.00	-0.46	-12.59
4144.00	2384.00	-0.45	-12.60
4176.00	2384.00	-0.36	-12.52
4208.00	2384.00	-0.24	-12.41
4240.00	2384.00	-0.11	-12.22
4272.00	2384.00	-0.01	-12.08
4304.00	2384.00	0.05	-11.83
4336.00	2384.00	0.07	-11.52
4368.00	2384.00	0.06	-11.26
4400.00	2384.00	0.08	-11.24
4432.00	2384.00	0.13	-11.20
4464.00	2384.00	0.20	-11.05
4496.00	2384.00	0.26	-10.86
4528.00	2384.00	0.31	-10.81
4560.00	2384.00	0.31	-10.87
4592.00	2384.00	0.30	-10.93
4624.00	2384.00	0.26	-10.87
4656.00	2384.00	0.11	-10.82
4688.00	2384.00	-0.10	-10.86
4720.00	2384.00	-0.24	-11.00
4752.00	2384.00	-0.28	-11.19
4784.00	2384.00	-0.24	-11.37
4816.00	2384.00	-0.12	-11.53
4848.00	2384.00	0.09	-11.59
4880.00	2384.00	0.32	-11.64
4912.00	2384.00	0.37	-11.71
4944.00	2384.00	0.37	-11.78
4976.00	2384.00	0.38	-11.87
5008.00	2384.00	0.41	-11.93
5040.00	2384.00	0.35	-11.98
5072.00	2384.00	0.12	-11.83
5104.00	2384.00	-0.15	-11.65
5136.00	2384.00	-0.30	-11.67
5168.00	2384.00	-0.37	-11.77
5200.00	2384.00	-0.42	-11.57
5232.00	2384.00	-0.68	-11.22
5264.00	2384.00	-0.79	-10.86
5296.00	2384.00	-0.74	-11.00
5328.00	2384.00	-0.62	-11.02
5360.00	2384.00	-0.62	-10.84
5392.00	2384.00	-0.77	-10.52
5424.00	2384.00	-0.85	-9.99
5456.00	2384.00	-0.97	-9.28
5488.00	2384.00	-0.95	-8.76
5520.00	2384.00	-0.83	-8.62
5552.00	2384.00	-0.53	-9.14
5584.00	2384.00	-0.21	-9.17
5616.00	2384.00	0.01	-8.76
5648.00	2384.00	0.05	-8.36
5680.00	2384.00	0.05	-8.58
5712.00	2384.00	-0.08	-9.19
5744.00	2384.00	-0.25	-9.31
5776.00	2384.00	-0.50	-9.15
5808.00	2384.00	-0.45	-9.02
5840.00	2384.00	-0.24	-8.88
5872.00	2384.00	-0.10	-8.08
5904.00	2384.00	-0.09	-7.17
5936.00	2384.00	-0.14	-6.76
5968.00	2384.00	-0.10	-6.82
6000.00	2384.00	-0.01	-6.25
6032.00	2384.00	0.11	-4.31
6064.00	2384.00	0.17	-2.01
6096.00	2384.00	0.23	-0.71
6128.00	2384.00	0.26	-1.31
6160.00	2384.00	0.27	-2.69
6192.00	2384.00	0.24	-4.81
6224.00	2384.00	0.14	-6.54
6256.00	2384.00	0.28	-7.68
6288.00	2384.00	0.31	-8.35
6320.00	2384.00	0.43	-8.86
6352.00	2384.00	0.21	-9.64
6384.00	2384.00	0.25	-9.63
6416.00	2384.00	0.32	-9.41
6448.00	2384.00	0.49	-9.31
6480.00	2384.00	0.71	-9.20
6512.00	2384.00	1.07	-8.79
6544.00	2384.00	1.31	-8.33
6576.00	2384.00	1.43	-8.06
16.00	2416.00	0.25	-15.42
48.00	2416.00	0.17	-15.34
80.00	2416.00	0.12	-15.28
112.00	2416.00	0.12	-15.25
144.00	2416.00	0.16	-15.25
176.00	2416.00	0.21	-15.24
208.00	2416.00	0.19	-15.24
240.00	2416.00	0.17	-15.28
272.00	2416.00	0.12	-15.29
304.00	2416.00	0.09	-15.37
336.00	2416.00	0.13	-15.48
368.00	2416.00	0.22	-15.47
400.00	2416.00	0.30	-15.35
432.00	2416.00	0.35	-15.28
464.00	2416.00	0.35	-15.32
496.00	2416.00	0.36	-15.37
528.00	2416.00	0.37	-15.44
560.00	2416.00	0.37	-15.49
592.00	2416.00	0.34	-15.54
624.00	2416.00	0.31	-15.45
656.00	2416.00	0.28	-15.38
688.00	2416.00	0.20	-15.35
720.00	2416.00	0.14	-15.36
752.00	2416.00	0.16	-15.38
784.00	2416.00	0.22	-15.34
816.00	2416.00	0.21	-15.29
848.00	2416.00	0.15	-15.32
880.00	2416.00	0.15	-15.40
912.00	2416.00	0.26	-15.39
944.00	2416.00	0.41	-15.30
976.00	2416.00	0.52	-15.28
1008.00	2416.00	0.50	-15.37
1040.00	2416.00	0.42	-15.48
1072.00	2416.00	0.39	-15.52
1104.00	2416.00	0.41	-15.44
1136.00	2416.00	0.45	-15.33
1168.00	2416.00	0.42	-15.29
1200.00	2416.00	0.37	-15.41
1232.00	2416.00	0.30	-15.54
1264.00	2416.00	0.27	-15.60
1296.00	2416.00	0.28	-15.62
1328.00	2416.00	0.18	-15.71
1360.00	2416.00	0.12	-15.82
1392.00	2416.00	0.19	-15.77
1424.00	2416.00	0.38	-15.59
1456.00	2416.00	0.47	-15.35
1488.00	2416.00	0.43	-15.24
1520.00	2416.00	0.41	-15.25
1552.00	2416.00	0.43	-15.30
1584.00	2416.00	0.45	-15.34
1616.00	2416.00	0.41	-15.40
1648.00	2416.00	0.36	-15.49
1680.00	2416.00	0.32	-15.58
1712.00	2416.00	0.35	-15.59
1744.00	2416.00	0.40	-15.53
1776.00	2416.00	0.45	-15.43
1808.00	2416.00	0.47	-15.30
1840.00	2416.00	0.56	-15.32
1872.00	2416.00	0.64	-15.40
1904.00	2416.00	0.74	-15.48
1936.00	2416.00	0.75	-15.42
1968.00	2416.00	0.77	-15.29
2000.00	2416.00	0.72	-15.21
2032.00	2416.00	0.64	-15.27
2064.00	2416.00	0.61	-15.42
2096.00	2416.00	0.63	-15.61
2128.00	2416.00	0.75	-15.61
2160.00	2416.00	0.77	-15.47
2192.00	2416.00	0.76	-15.35
2224.00	2416.00	0.73	-15.37
2256.00	2416.00	0.82	-15.44
2288.00	2416.00	0.89	-15.40
2320.00	2416.00	0.92	-15.19
2352.00	2416.00	0.80	-15.00
2384.00	2416.00	0.71	-14.91
2416.00	2416.00	0.68	-14.93
2448.00	2416.00	0.73	-15.02
2480.00	2416.00	0.76	-15.09
2512.00	2416.00	0.83	-15.08
2544.00	2416.00	0.89	-14.95
2576.00	2416.00	0.88	-14.79
2608.00	2416.00	0.83	-14.75
2640.00	2416.00	0.79	-14.80
2672.00	2416.00	0.82	-14.86
2704.00	2416.00	0.78	-14.84
2736.00	2416.00	0.74	-14.78
2768.00	2416.00	0.69	-14.71
2800.00	2416.00	0.70	-14.64
2832.00	2416.00	0.69	-14.59
2864.00	2416.00	0.69	-14.58
2896.00	2416.00	0.74	-14.56
2928.00	2416.00	0.79	-14.55
2960.00	2416.00	0.85	-14.56
2992.00	2416.00	0.84	-14.46
3024.00	2416.00	0.89	-14.23
3056.00	2416.00	0.96	-13.97
3088.00	2416.00	1.02	-13.85
3120.00	2416.00	1.03	-13.68
3152.00	2416.00	1.02	-13.37
3184.00	2416.00	1.02	-12.98
3216.00	2416.00	1.03	-12.72
3248.00	2416.00	0.98	-12.61
3280.00	2416.00	0.95	-12.54
3312.00	2416.00	0.75	-12.42
3344.00	2416.00	0.48	-12.36
3376.00	2416.00	0.27	-12.33
3408.00	2416.00	0.29	-12.40
3440.00	2416.00	0.39	-12.48
3472.00	2416.00	0.42	-12.56
3504.00	2416.00	0.33	-12.60
3536.00	2416.00	0.19	-12.61
3568.00	2416.00	0.08	-12.63
3600.00	2416.00	-0.04	-12.69
3632.00	2416.00	-0.20	-12.71
3664.00	2416.00	-0.34	-12.72
3696.00	2416.00	-0.32	-12.70
3728.00	2416.00	-0.32	-12.64
3760.00	2416.00	-0.47	-12.58
3792.00	2416.00	-0.67	-12.62
3824.00	2416.00	-0.66	-12.68
3856.00	2416.00	-0.46	-12.73
3888.00	2416.00	-0.39	-12.65
3920.00	2416.00	-0.44	-12.60
3952.00	2416.00	-0.48	-12.63
3984.00	2416.00	-0.46	-12.68
4016.00	2416.00	-0.46	-12.65
4048.00	2416.00	-0.46	-12.55
4080.00	2416.00	-0.46	-12.50
4112.00	2416.00	-0.45	-12.49
4144.00	2416.00	-0.47	-12.46
4176.00	2416.00	-0.37	-12.41
4208.00	2416.00	-0.17	-12.35
4240.00	2416.00	-0.00	-12.28
4272.00	2416.00	0.10	-12.19
4304.00	2416.00	0.10	-11.90
4336.00	2416.00	0.04	-11.56
4368.00	2416.00	-0.03	-11.31
4400.00	2416.00	-0.02	-11.31
4432.00	2416.00	0.04	-11.30
4464.00	2416.00	0.15	-11.17
4496.00	2416.00	0.22	-10.98
4528.00	2416.00	0.29	-10.88
4560.00	2416.00	0.29	-10.88
4592.00	2416.00	0.24	-10.90
4624.00	2416.00	0.14	-10.83
4656.00	2416.00	-0.02	-10.78
4688.00	2416.00	-0.19	-10.83
4720.00	2416.00	-0.26	-10.96
4752.00	2416.00	-0.23	-11.17
4784.00	2416.00	-0.16	-11.45
4816.00	2416.00	-0.05	-11.60
4848.00	2416.00	0.11	-11.57
4880.00	2416.00	0.31	-11.45
4912.00	2416.00	0.37	-11.48
4944.00	2416.00	0.43	-11.62
4976.00	2416.00	0.50	-11.75
5008.00	2416.00	0.56	-11.77
5040.00	2416.00	0.44	-11.74
5072.00	2416.00	0.18	-11.64
5104.00	2416.00	-0.09	-11.56
5136.00	2416.00	-0.24	-11.61
5168.00	2416.00	-0.34	-11.67
5200.00	2416.00	-0.39	-11.53
5232.00	2416.00	-0.56	-11.26
5264.00	2416.00	-0.66	-11.01
5296.00	2416.00	-0.64	-11.28
5328.00	2416.00	-0.58	-11.45
5360.00	2416.00	-0.63	-11.24
5392.00	2416.00	-0.83	-10.77
5424.00	2416.00	-0.98	-10.23
5456.00	2416.00	-1.07	-9.63
5488.00	2416.00	-1.16	-9.06
5520.00	2416.00	-1.02	-8.58
5552.00	2416.00	-0.70	-8.73
5584.00	2416.00	-0.33	-8.71
5616.00	2416.00	-0.21	-8.57
5648.00	2416.00	-0.18	-8.57
5680.00	2416.00	-0.02	-8.90
5712.00	2416.00	0.01	-9.36
5744.00	2416.00	-0.14	-9.28
5776.00	2416.00	-0.41	-9.11
5808.00	2416.00	-0.41	-9.11
5840.00	2416.00	-0.22	-9.14
5872.00	2416.00	-0.10	-8.39
5904.00	2416.00	-0.02	-7.23
5936.00	2416.00	-0.12	-5.99
5968.00	2416.00	-0.10	-5.25
6000.00	2416.00	-0.13	-4.74
6032.00	2416.00	0.01	-3.39
6064.00	2416.00	0.08	-1.83
6096.00	2416.00	0.13	-0.60
6128.00	2416.00	0.16	-0.95
6160.00	2416.00	0.26	-2.04
6192.00	2416.00	0.41	-3.99
6224.00	2416.00	0.41	-6.00
6256.00	2416.00	0.50	-7.54
6288.00	2416.00	0.55	-8.29
6320.00	2416.00	0.60	-8.73
6352.00	2416.00	0.35	-9.44
6384.00	2416.00	0.22	-9.37
6416.00	2416.00	0.40	-8.93
6448.00	2416.00	0.64	-8.76
6480.00	2416.00	0.81	-9.02
6512.00	2416.00	0.84	-9.05
6544.00	2416.00	1.03	-8.77
6576.00	2416.00	1.11	-8.44
16.00	2448.00	0.20	-15.45
48.00	2448.00	0.17	-15.41
80.00	2448.00	0.17	-15.37
112.00	2448.00	0.17	-15.30
144.00	2448.00	0.14	-15.24
176.00	2448.00	0.15	-15.19
208.00	2448.00	0.14	-15.21
240.00	2448.00	0.15	-15.28
272.00	2448.00	0.12	-15.30
304.00	2448.00	0.07	-15.33
336.00	2448.00	0.08	-15.38
368.00	2448.00	0.15	-15.39
400.00	2448.00	0.24	-15.36
432.00	2448.00	0.30	-15.34
464.00	2448.00	0.30	-15.33
496.00	2448.00	0.31	-15.32
528.00	2448.00	0.35	-15.34
560.00	2448.00	0.36	-15.39
592.00	2448.00	0.34	-15.46
624.00	2448.00	0.28	-15.38
656.00	2448.00	0.25	-15.32
688.00	2448.00	0.20	-15.37
720.00	2448.00	0.15	-15.40
752.00	2448.00	0.19	-15.45
784.00	2448.00	0.26	-15.41
816.00	2448.00	0.22	-15.38
848.00	2448.00	0.09	-15.35
880.00	2448.00	0.07	-15.41
912.00	2448.00	0.23	-15.47
944.00	2448.00	0.43	-15.47
976.00	2448.00	0.49	-15.44
1008.00	2448.00	0.47	-15.47
1040.00	2448.00	0.42	-15.52
1072.00	2448.00	0.45	-15.51
1104.00	2448.00	0.45	-15.42
1136.00	2448.00	0.48	-15.31
1168.00	2448.00	0.42	-15.29
1200.00	2448.00	0.32	-15.37
1232.00	2448.00	0.22	-15.50
1264.00	2448.00	0.25	-15.56
1296.00	2448.00	0.30	-15.60
1328.00	2448.00	0.25	-15.61
1360.00	2448.00	0.17	-15.67
1392.00	2448.00	0.23	-15.68
1424.00	2448.00	0.41	-15.63
1456.00	2448.00	0.49	-15.50
1488.00	2448.00	0.43	-15.41
1520.00	2448.00	0.35	-15.34
1552.00	2448.00	0.39	-15.26
1584.00	2448.00	0.46	-15.23
1616.00	2448.00	0.44	-15.30
1648.00	2448.00	0.37	-15.41
1680.00	2448.00	0.33	-15.47
1712.00	2448.00	0.38	-15.49
1744.00	2448.00	0.46	-15.48
1776.00	2448.00	0.54	-15.40
1808.00	2448.00	0.61	-15.27
1840.00	2448.00	0.73	-15.25
1872.00	2448.00	0.78	-15.38
1904.00	2448.00	0.79	-15.50
1936.00	2448.00	0.71	-15.51
1968.00	2448.00	0.67	-15.43
2000.00	2448.00	0.64	-15.34
2032.00	2448.00	0.57	-15.35
2064.00	2448.00	0.52	-15.42
2096.00	2448.00	0.56	-15.57
2128.00	2448.00	0.69	-15.57
2160.00	2448.00	0.80	-15.47
2192.00	2448.00	0.83	-15.38
2224.00	2448.00	0.81	-15.42
2256.00	2448.00	0.83	-15.49
2288.00	2448.00	0.86	-15.42
2320.00	2448.00	0.91	-15.18
2352.00	2448.00	0.81	-14.93
2384.00	2448.00	0.68	-14.79
2416.00	2448.00	0.61	-14.79
2448.00	2448.00	0.68	-14.90
2480.00	2448.00	0.77	-15.03
2512.00	2448.00	0.89	-15.03
2544.00	2448.00	0.98	-14.90
2576.00	2448.00	0.99	-14.75
2608.00	2448.00	0.96	-14.76
2640.00	2448.00	0.88	-14.84
2672.00	2448.00	0.87	-14.86
2704.00	2448.00	0.77	-14.78
2736.00	2448.00	0.71	-14.69
2768.00	2448.00	0.65	-14.61
2800.00	2448.00	0.69	-14.59
2832.00	2448.00	0.74	-14.59
2864.00	2448.00	0.82	-14.60
2896.00	2448.00	0.88	-14.62
2928.00	2448.00	0.89	-14.61
2960.00	2448.00	0.87	-14.59
2992.00	2448.00	0.82	-14.44
3024.00	2448.00	0.84	-14.25
3056.00	2448.00	0.93	-14.05
3088.00	2448.00	1.00	-13.93
3120.00	2448.00	1.00	-13.72
3152.00	2448.00	0.96	-13.40
3184.00	2448.00	1.00	-13.05
3216.00	2448.00	1.04	-12.81
3248.00	2448.00	1.00	-12.64
3280.00	2448.00	0.87	-12.47
3312.00	2448.00	0.61	-12.35
3344.00	2448.00	0.36	-12.32
3376.00	2448.00	0.23	-12.31
3408.00	2448.00	0.39	-12.38
3440.00	2448.00	0.63	-12.47
3472.00	2448.00	0.65	-12.57
3504.00	2448.00	0.42	-12.59
3536.00	2448.00	0.16	-12.60
3568.00	2448.00	0.09	-12.60
3600.00	2448.00	0.09	-12.58
3632.00	2448.00	-0.07	-12.57
3664.00	2448.00	-0.29	-12.57
3696.00	2448.00	-0.44	-12.55
3728.00	2448.00	-0.47	-12.52
3760.00	2448.00	-0.46	-12.50
3792.00	2448.00	-0.49	-12.62
3824.00	2448.00	-0.40	-12.75
3856.00	2448.00	-0.41	-12.82
3888.00	2448.00	-0.47	-12.73
3920.00	2448.00	-0.56	-12.61
3952.00	2448.00	-0.52	-12.54
3984.00	2448.00	-0.48	-12.51
4016.00	2448.00	-0.50	-12.46
4048.00	2448.00	-0.49	-12.45
4080.00	2448.00	-0.45	-12.45
4112.00	2448.00	-0.43	-12.45
4144.00	2448.00	-0.46	-12.41
4176.00	2448.00	-0.38	-12.36
4208.00	2448.00	-0.14	-12.37
4240.00	2448.00	0.02	-12.33
4272.00	2448.00	0.06	-12.25
4304.00	2448.00	-0.01	-11.94
4336.00	2448.00	-0.09	-11.56
4368.00	2448.00	-0.11	-11.32
4400.00	2448.00	-0.02	-11.30
4432.00	2448.00	0.08	-11.37
4464.00	2448.00	0.17	-11.29
4496.00	2448.00	0.16	-11.09
4528.00	2448.00	0.15	-10.91
4560.00	2448.00	0.09	-10.77
4592.00	2448.00	0.01	-10.74
4624.00	2448.00	-0.09	-10.72
4656.00	2448.00	-0.17	-10.77
4688.00	2448.00	-0.24	-10.86
4720.00	2448.00	-0.24	-11.00
4752.00	2448.00	-0.16	-11.21
4784.00	2448.00	-0.05	-11.51
4816.00	2448.00	0.05	-11.66
4848.00	2448.00	0.14	-11.63
4880.00	2448.00	0.25	-11.43
4912.00	2448.00	0.32	-11.39
4944.00	2448.00	0.44	-11.50
4976.00	2448.00	0.56	-11.58
5008.00	2448.00	0.63	-11.50
5040.00	2448.00	0.49	-11.36
5072.00	2448.00	0.24	-11.30
5104.00	2448.00	0.02	-11.35
5136.00	2448.00	-0.07	-11.51
5168.00	2448.00	-0.11	-11.61
5200.00	2448.00	-0.13	-11.55
5232.00	2448.00	-0.27	-11.35
5264.00	2448.00	-0.43	-11.23
5296.00	2448.00	-0.45	-11.46
5328.00	2448.00	-0.42	-11.64
5360.00	2448.00	-0.48	-11.54
5392.00	2448.00	-0.69	-11.35
5424.00	2448.00	-0.85	-11.10
5456.00	2448.00	-0.98	-10.51
5488.00	2448.00	-1.17	-9.50
5520.00	2448.00	-1.04	-8.60
5552.00	2448.00	-0.58	-8.61
5584.00	2448.00	-0.14	-8.88
5616.00	2448.00	-0.10	-9.12
5648.00	2448.00	-0.21	-9.21
5680.00	2448.00	-0.11	-9.38
5712.00	2448.00	-0.01	-9.48
5744.00	2448.00	-0.07	-9.32
5776.00	2448.00	-0.27	-9.20
5808.00	2448.00	-0.30	-9.12
5840.00	2448.00	-0.24	-9.17
5872.00	2448.00	-0.15	-8.74
5904.00	2448.00	0.07	-7.96
5936.00	2448.00	0.11	-6.56
5968.00	2448.00	0.14	-5.28
6000.00	2448.00	-0.02	-4.46
6032.00	2448.00	0.03	-3.13
6064.00	2448.00	0.06	-1.75
6096.00	2448.00	0.12	-0.51
6128.00	2448.00	0.15	-0.98
6160.00	2448.00	0.25	-1.86
6192.00	2448.00	0.43	-3.66
6224.00	2448.00	0.50	-5.56
6256.00	2448.00	0.45	-7.80
6288.00	2448.00	0.56	-8.71
6320.00	2448.00	0.45	-9.02
6352.00	2448.00	0.19	-9.12
6384.00	2448.00	-0.10	-9.21
6416.00	2448.00	0.27	-8.96
6448.00	2448.00	0.68	-8.83
6480.00	2448.00	0.86	-8.96
6512.00	2448.00	0.71	-9.11
6544.00	2448.00	0.76	-9.09
6576.00	2448.00	0.80	-8.96
16.00	2480.00	0.18	-15.55
48.00	2480.00	0.19	-15.52
80.00	2480.00	0.21	-15.48
112.00	2480.00	0.17	-15.38
144.00	2480.00	0.07	-15.29
176.00	2480.00	0.09	-15.27
208.00	2480.00	0.16	-15.29
240.00	2480.00	0.21	-15.35
272.00	2480.00	0.16	-15.35
304.00	2480.00	0.08	-15.33
336.00	2480.00	0.07	-15.31
368.00	2480.00	0.13	-15.30
400.00	2480.00	0.21	-15.32
432.00	2480.00	0.30	-15.37
464.00	2480.00	0.26	-15.37
496.00	2480.00	0.26	-15.33
528.00	2480.00	0.30	-15.29
560.00	2480.00	0.33	-15.33
592.00	2480.00	0.29	-15.39
624.00	2480.00	0.21	-15.38
656.00	2480.00	0.19	-15.31
688.00	2480.00	0.17	-15.33
720.00	2480.00	0.14	-15.33
752.00	2480.00	0.17	-15.39
784.00	2480.00	0.20	-15.38
816.00	2480.00	0.16	-15.40
848.00	2480.00	0.07	-15.35
880.00	2480.00	0.10	-15.37
912.00	2480.00	0.26	-15.44
944.00	2480.00	0.42	-15.53
976.00	2480.00	0.45	-15.52
1008.00	2480.00	0.47	-15.49
1040.00	2480.00	0.44	-15.46
1072.00	2480.00	0.46	-15.47
1104.00	2480.00	0.46	-15.41
1136.00	2480.00	0.49	-15.33
1168.00	2480.00	0.41	-15.32
1200.00	2480.00	0.30	-15.37
1232.00	2480.00	0.21	-15.46
1264.00	2480.00	0.30	-15.50
1296.00	2480.00	0.36	-15.52
1328.00	2480.00	0.35	-15.52
1360.00	2480.00	0.29	-15.57
1392.00	2480.00	0.36	-15.61
1424.00	2480.00	0.48	-15.64
1456.00	2480.00	0.50	-15.62
1488.00	2480.00	0.39	-15.60
1520.00	2480.00	0.27	-15.51
1552.00	2480.00	0.32	-15.35
1584.00	2480.00	0.41	-15.25
1616.00	2480.00	0.42	-15.27
1648.00	2480.00	0.34	-15.36
1680.00	2480.00	0.32	-15.37
1712.00	2480.00	0.39	-15.39
1744.00	2480.00	0.48	-15.42
1776.00	2480.00	0.56	-15.38
1808.00	2480.00	0.65	-15.27
1840.00	2480.00	0.77	-15.25
1872.00	2480.00	0.78	-15.38
1904.00	2480.00	0.69	-15.50
1936.00	2480.00	0.61	-15.52
1968.00	2480.00	0.58	-15.47
2000.00	2480.00	0.58	-15.38
2032.00	2480.00	0.52	-15.36
2064.00	2480.00	0.44	-15.35
2096.00	2480.00	0.50	-15.41
2128.00	2480.00	0.62	-15.42
2160.00	2480.00	0.80	-15.40
2192.00	2480.00	0.86	-15.34
2224.00	2480.00	0.84	-15.34
2256.00	2480.00	0.79	-15.38
2288.00	2480.00	0.80	-15.38
2320.00	2480.00	0.83	-15.24
2352.00	2480.00	0.76	-15.01
2384.00	2480.00	0.60	-14.81
2416.00	2480.00	0.50	-14.72
2448.00	2480.00	0.53	-14.81
2480.00	2480.00	0.62	-14.97
2512.00	2480.00	0.75	-14.99
2544.00	2480.00	0.87	-14.87
2576.00	2480.00	0.97	-14.73
2608.00	2480.00	0.99	-14.75
2640.00	2480.00	0.94	-14.81
2672.00	2480.00	0.91	-14.82
2704.00	2480.00	0.78	-14.70
2736.00	2480.00	0.69	-14.57
2768.00	2480.00	0.59	-14.50
2800.00	2480.00	0.63	-14.55
2832.00	2480.00	0.73	-14.63
2864.00	2480.00	0.88	-14.66
2896.00	2480.00	0.93	-14.67
2928.00	2480.00	0.90	-14.63
2960.00	2480.00	0.82	-14.56
2992.00	2480.00	0.78	-14.40
3024.00	2480.00	0.84	-14.26
3056.00	2480.00	0.95	-14.12
3088.00	2480.00	1.03	-13.99
3120.00	2480.00	1.00	-13.71
3152.00	2480.00	0.94	-13.38
3184.00	2480.00	0.99	-13.06
3216.00	2480.00	1.03	-12.86
3248.00	2480.00	0.97	-12.67
3280.00	2480.00	0.79	-12.45
3312.00	2480.00	0.53	-12.34
3344.00	2480.00	0.31	-12.33
3376.00	2480.00	0.24	-12.40
3408.00	2480.00	0.47	-12.51
3440.00	2480.00	0.75	-12.56
3472.00	2480.00	0.76	-12.58
3504.00	2480.00	0.42	-12.52
3536.00	2480.00	-0.00	-12.52
3568.00	2480.00	-0.09	-12.52
3600.00	2480.00	0.00	-12.46
3632.00	2480.00	0.01	-12.41
3664.00	2480.00	-0.21	-12.40
3696.00	2480.00	-0.39	-12.41
3728.00	2480.00	-0.45	-12.41
3760.00	2480.00	-0.40	-12.40
3792.00	2480.00	-0.36	-12.51
3824.00	2480.00	-0.24	-12.64
3856.00	2480.00	-0.34	-12.74
3888.00	2480.00	-0.46	-12.71
3920.00	2480.00	-0.55	-12.63
3952.00	2480.00	-0.49	-12.52
3984.00	2480.00	-0.48	-12.46
4016.00	2480.00	-0.57	-12.43
4048.00	2480.00	-0.52	-12.47
4080.00	2480.00	-0.45	-12.50
4112.00	2480.00	-0.42	-12.47
4144.00	2480.00	-0.46	-12.43
4176.00	2480.00	-0.37	-12.41
4208.00	2480.00	-0.14	-12.43
4240.00	2480.00	-0.02	-12.34
4272.00	2480.00	-0.06	-12.19
4304.00	2480.00	-0.18	-11.94
4336.00	2480.00	-0.18	-11.59
4368.00	2480.00	-0.11	-11.33
4400.00	2480.00	0.04	-11.23
4432.00	2480.00	0.13	-11.32
4464.00	2480.00	0.16	-11.28
4496.00	2480.00	0.09	-11.06
4528.00	2480.00	-0.01	-10.80
4560.00	2480.00	-0.17	-10.60
4592.00	2480.00	-0.28	-10.58
4624.00	2480.00	-0.32	-10.61
4656.00	2480.00	-0.26	-10.69
4688.00	2480.00	-0.23	-10.79
4720.00	2480.00	-0.18	-10.96
4752.00	2480.00	-0.08	-11.22
4784.00	2480.00	0.03	-11.51
4816.00	2480.00	0.11	-11.68
4848.00	2480.00	0.11	-11.70
4880.00	2480.00	0.08	-11.58
4912.00	2480.00	0.14	-11.53
4944.00	2480.00	0.34	-11.56
4976.00	2480.00	0.55	-11.48
5008.00	2480.00	0.62	-11.32
5040.00	2480.00	0.47	-11.10
5072.00	2480.00	0.30	-11.08
5104.00	2480.00	0.15	-11.18
5136.00	2480.00	0.12	-11.40
5168.00	2480.00	0.15	-11.52
5200.00	2480.00	0.14	-11.54
5232.00	2480.00	-0.04	-11.41
5264.00	2480.00	-0.26	-11.44
5296.00	2480.00	-0.30	-11.66
5328.00	2480.00	-0.25	-11.94
5360.00	2480.00	-0.34	-11.93
5392.00	2480.00	-0.53	-11.74
5424.00	2480.00	-0.64	-11.53
5456.00	2480.00	-0.63	-10.89
5488.00	2480.00	-0.86	-9.79
5520.00	2480.00	-0.85	-8.78
5552.00	2480.00	-0.44	-8.91
5584.00	2480.00	0.09	-9.43
5616.00	2480.00	0.20	-9.86
5648.00	2480.00	0.06	-9.77
5680.00	2480.00	-0.05	-9.65
5712.00	2480.00	-0.05	-9.41
5744.00	2480.00	-0.17	-9.07
5776.00	2480.00	-0.24	-8.87
5808.00	2480.00	-0.25	-8.71
5840.00	2480.00	-0.31	-8.57
5872.00	2480.00	-0.27	-8.58
5904.00	2480.00	0.02	-8.27
5936.00	2480.00	0.22	-7.21
5968.00	2480.00	0.30	-5.57
6000.00	2480.00	0.09	-3.91
6032.00	2480.00	0.07	-2.47
6064.00	2480.00	0.10	-1.13
6096.00	2480.00	0.16	-0.44
6128.00	2480.00	0.19	-1.13
6160.00	2480.00	0.24	-2.08
6192.00	2480.00	0.35	-3.98
6224.00	2480.00	0.37	-5.78
6256.00	2480.00	0.28	-8.13
6288.00	2480.00	0.43	-8.95
6320.00	2480.00	0.27	-9.01
6352.00	2480.00	0.01	-8.83
6384.00	2480.00	-0.16	-8.88
6416.00	2480.00	0.33	-8.94
6448.00	2480.00	0.79	-8.86
6480.00	2480.00	0.74	-9.01
6512.00	2480.00	0.42	-9.15
6544.00	2480.00	0.33	-9.38
6576.00	2480.00	0.34	-9.46
16.00	2512.00	0.22	-15.57
48.00	2512.00	0.23	-15.59
80.00	2512.00	0.23	-15.59
112.00	2512.00	0.15	-15.46
144.00	2512.00	0.05	-15.30
176.00	2512.00	0.09	-15.29
208.00	2512.00	0.18	-15.33
240.00	2512.00	0.23	-15.39
272.00	2512.00	0.15	-15.38
304.00	2512.00	0.08	-15.38
336.00	2512.00	0.08	-15.35
368.00	2512.00	0.16	-15.31
400.00	2512.00	0.27	-15.32
432.00	2512.00	0.36	-15.36
464.00	2512.00	0.31	-15.38
496.00	2512.00	0.26	-15.33
528.00	2512.00	0.26	-15.27
560.00	2512.00	0.23	-15.29
592.00	2512.00	0.19	-15.38
624.00	2512.00	0.14	-15.40
656.00	2512.00	0.17	-15.32
688.00	2512.00	0.17	-15.26
720.00	2512.00	0.14	-15.22
752.00	2512.00	0.14	-15.28
784.00	2512.00	0.15	-15.30
816.00	2512.00	0.13	-15.36
848.00	2512.00	0.12	-15.33
880.00	2512.00	0.18	-15.31
912.00	2512.00	0.29	-15.34
944.00	2512.00	0.36	-15.46
976.00	2512.00	0.38	-15.49
1008.00	2512.00	0.43	-15.44
1040.00	2512.00	0.42	-15.37
1072.00	2512.00	0.40	-15.38
1104.00	2512.00	0.39	-15.40
1136.00	2512.00	0.43	-15.38
1168.00	2512.00	0.38	-15.40
1200.00	2512.00	0.32	-15.40
1232.00	2512.00	0.28	-15.44
1264.00	2512.00	0.37	-15.48
1296.00	2512.00	0.39	-15.50
1328.00	2512.00	0.40	-15.51
1360.00	2512.00	0.40	-15.52
1392.00	2512.00	0.50	-15.60
1424.00	2512.00	0.57	-15.65
1456.00	2512.00	0.55	-15.68
1488.00	2512.00	0.43	-15.65
1520.00	2512.00	0.33	-15.59
1552.00	2512.00	0.36	-15.46
1584.00	2512.00	0.39	-15.35
1616.00	2512.00	0.35	-15.31
1648.00	2512.00	0.29	-15.34
1680.00	2512.00	0.31	-15.33
1712.00	2512.00	0.41	-15.36
1744.00	2512.00	0.47	-15.43
1776.00	2512.00	0.49	-15.44
1808.00	2512.00	0.55	-15.38
1840.00	2512.00	0.63	-15.37
1872.00	2512.00	0.60	-15.46
1904.00	2512.00	0.47	-15.51
1936.00	2512.00	0.42	-15.46
1968.00	2512.00	0.49	-15.40
2000.00	2512.00	0.57	-15.36
2032.00	2512.00	0.57	-15.33
2064.00	2512.00	0.50	-15.29
2096.00	2512.00	0.49	-15.30
2128.00	2512.00	0.58	-15.34
2160.00	2512.00	0.70	-15.37
2192.00	2512.00	0.77	-15.34
2224.00	2512.00	0.74	-15.32
2256.00	2512.00	0.71	-15.38
2288.00	2512.00	0.72	-15.46
2320.00	2512.00	0.73	-15.44
2352.00	2512.00	0.69	-15.25
2384.00	2512.00	0.57	-14.99
2416.00	2512.00	0.53	-14.79
2448.00	2512.00	0.52	-14.82
2480.00	2512.00	0.58	-14.94
2512.00	2512.00	0.63	-15.00
2544.00	2512.00	0.73	-14.91
2576.00	2512.00	0.85	-14.79
2608.00	2512.00	0.90	-14.77
2640.00	2512.00	0.90	-14.77
2672.00	2512.00	0.88	-14.79
2704.00	2512.00	0.81	-14.68
2736.00	2512.00	0.72	-14.55
2768.00	2512.00	0.61	-14.47
2800.00	2512.00	0.60	-14.54
2832.00	2512.00	0.70	-14.65
2864.00	2512.00	0.84	-14.67
2896.00	2512.00	0.86	-14.66
2928.00	2512.00	0.81	-14.62
2960.00	2512.00	0.69	-14.56
2992.00	2512.00	0.71	-14.41
3024.00	2512.00	0.79	-14.31
3056.00	2512.00	0.95	-14.16
3088.00	2512.00	1.02	-13.94
3120.00	2512.00	1.00	-13.60
3152.00	2512.00	0.98	-13.29
3184.00	2512.00	1.04	-13.05
3216.00	2512.00	1.09	-12.90
3248.00	2512.00	1.02	-12.72
3280.00	2512.00	0.84	-12.50
3312.00	2512.00	0.64	-12.35
3344.00	2512.00	0.46	-12.35
3376.00	2512.00	0.36	-12.49
3408.00	2512.00	0.47	-12.64
3440.00	2512.00	0.71	-12.65
3472.00	2512.00	0.71	-12.57
3504.00	2512.00	0.36	-12.45
3536.00	2512.00	-0.12	-12.45
3568.00	2512.00	-0.26	-12.43
3600.00	2512.00	-0.12	-12.33
3632.00	2512.00	0.00	-12.24
3664.00	2512.00	-0.10	-12.23
3696.00	2512.00	-0.28	-12.31
3728.00	2512.00	-0.35	-12.35
3760.00	2512.00	-0.34	-12.38
3792.00	2512.00	-0.32	-12.41
3824.00	2512.00	-0.22	-12.49
3856.00	2512.00	-0.29	-12.57
3888.00	2512.00	-0.37	-12.64
3920.00	2512.00	-0.45	-12.67
3952.00	2512.00	-0.48	-12.63
3984.00	2512.00	-0.55	-12.58
4016.00	2512.00	-0.63	-12.54
4048.00	2512.00	-0.50	-12.54
4080.00	2512.00	-0.33	-12.52
4112.00	2512.00	-0.29	-12.45
4144.00	2512.00	-0.37	-12.42
4176.00	2512.00	-0.34	-12.43
4208.00	2512.00	-0.20	-12.48
4240.00	2512.00	-0.09	-12.39
4272.00	2512.00	-0.10	-12.24
4304.00	2512.00	-0.11	-12.04
4336.00	2512.00	-0.04	-11.81
4368.00	2512.00	0.06	-11.62
4400.00	2512.00	0.14	-11.46
4432.00	2512.00	0.18	-11.42
4464.00	2512.00	0.19	-11.24
4496.00	2512.00	0.11	-11.00
4528.00	2512.00	-0.04	-10.76
4560.00	2512.00	-0.28	-10.64
4592.00	2512.00	-0.38	-10.65
4624.00	2512.00	-0.36	-10.65
4656.00	2512.00	-0.26	-10.65
4688.00	2512.00	-0.19	-10.72
4720.00	2512.00	-0.11	-10.94
4752.00	2512.00	0.01	-11.26
4784.00	2512.00	0.11	-11.53
4816.00	2512.00	0.13	-11.71
4848.00	2512.00	0.05	-11.78
4880.00	2512.00	0.01	-11.75
4912.00	2512.00	0.17	-11.67
4944.00	2512.00	0.43	-11.61
4976.00	2512.00	0.61	-11.50
5008.00	2512.00	0.59	-11.38
5040.00	2512.00	0.48	-11.11
5072.00	2512.00	0.31	-10.85
5104.00	2512.00	0.15	-10.85
5136.00	2512.00	0.14	-11.18
5168.00	2512.00	0.26	-11.52
5200.00	2512.00	0.22	-11.54
5232.00	2512.00	-0.03	-11.36
5264.00	2512.00	-0.31	-11.38
5296.00	2512.00	-0.32	-11.68
5328.00	2512.00	-0.15	-11.98
5360.00	2512.00	-0.17	-11.95
5392.00	2512.00	-0.39	-11.71
5424.00	2512.00	-0.52	-11.51
5456.00	2512.00	-0.49	-11.05
5488.00	2512.00	-0.60	-10.35
5520.00	2512.00	-0.61	-9.75
5552.00	2512.00	-0.36	-9.87
5584.00	2512.00	0.15	-9.97
5616.00	2512.00	0.39	-10.04
5648.00	2512.00	0.38	-9.80
5680.00	2512.00	0.13	-9.69
5712.00	2512.00	-0.20	-9.27
5744.00	2512.00	-0.39	-8.82
5776.00	2512.00	-0.38	-8.57
5808.00	2512.00	-0.21	-8.22
5840.00	2512.00	-0.31	-7.83
5872.00	2512.00	-0.23	-8.02
5904.00	2512.00	-0.08	-7.99
5936.00	2512.00	0.13	-7.44
5968.00	2512.00	0.11	-5.87
6000.00	2512.00	-0.03	-4.23
6032.00	2512.00	-0.01	-2.62
6064.00	2512.00	0.10	-1.10
6096.00	2512.00	0.22	-0.40
6128.00	2512.00	0.30	-1.25
6160.00	2512.00	0.44	-2.89
6192.00	2512.00	0.50	-4.95
6224.00	2512.00	0.51	-6.62
6256.00	2512.00	0.35	-8.14
6288.00	2512.00	0.44	-8.69
6320.00	2512.00	0.33	-8.56
6352.00	2512.00	0.20	-8.28
6384.00	2512.00	0.24	-8.35
6416.00	2512.00	0.57	-8.80
6448.00	2512.00	0.86	-8.91
6480.00	2512.00	0.62	-9.05
6512.00	2512.00	0.34	-9.11
6544.00	2512.00	0.16	-9.48
6576.00	2512.00	0.17	-9.75
16.00	2544.00	0.21	-15.48
48.00	2544.00	0.23	-15.52
80.00	2544.00	0.25	-15.55
112.00	2544.00	0.23	-15.48
144.00	2544.00	0.18	-15.33
176.00	2544.00	0.19	-15.28
208.00	2544.00	0.19	-15.28
240.00	2544.00	0.17	-15.32
272.00	2544.00	0.13	-15.35
304.00	2544.00	0.13	-15.42
336.00	2544.00	0.17	-15.49
368.00	2544.00	0.27	-15.52
400.00	2544.00	0.40	-15.52
432.00	2544.00	0.48	-15.48
464.00	2544.00	0.44	-15.44
496.00	2544.00	0.35	-15.35
528.00	2544.00	0.25	-15.30
560.00	2544.00	0.12	-15.35
592.00	2544.00	0.06	-15.45
624.00	2544.00	0.09	-15.44
656.00	2544.00	0.17	-15.30
688.00	2544.00	0.18	-15.18
720.00	2544.00	0.13	-15.14
752.00	2544.00	0.16	-15.18
784.00	2544.00	0.20	-15.20
816.00	2544.00	0.24	-15.27
848.00	2544.00	0.23	-15.28
880.00	2544.00	0.24	-15.25
912.00	2544.00	0.24	-15.25
944.00	2544.00	0.26	-15.37
976.00	2544.00	0.32	-15.40
1008.00	2544.00	0.38	-15.36
1040.00	2544.00	0.35	-15.28
1072.00	2544.00	0.29	-15.31
1104.00	2544.00	0.31	-15.37
1136.00	2544.00	0.36	-15.39
1168.00	2544.00	0.38	-15.42
1200.00	2544.00	0.40	-15.40
1232.00	2544.00	0.40	-15.41
1264.00	2544.00	0.43	-15.49
1296.00	2544.00	0.41	-15.55
1328.00	2544.00	0.43	-15.57
1360.00	2544.00	0.48	-15.56
1392.00	2544.00	0.56	-15.59
1424.00	2544.00	0.58	-15.59
1456.00	2544.00	0.52	-15.56
1488.00	2544.00	0.40	-15.51
1520.00	2544.00	0.35	-15.48
1552.00	2544.00	0.38	-15.47
1584.00	2544.00	0.38	-15.46
1616.00	2544.00	0.28	-15.40
1648.00	2544.00	0.25	-15.35
1680.00	2544.00	0.31	-15.33
1712.00	2544.00	0.46	-15.41
1744.00	2544.00	0.48	-15.54
1776.00	2544.00	0.43	-15.58
1808.00	2544.00	0.42	-15.53
1840.00	2544.00	0.48	-15.50
1872.00	2544.00	0.49	-15.52
1904.00	2544.00	0.40	-15.53
1936.00	2544.00	0.33	-15.47
1968.00	2544.00	0.42	-15.46
2000.00	2544.00	0.53	-15.46
2032.00	2544.00	0.59	-15.43
2064.00	2544.00	0.56	-15.36
2096.00	2544.00	0.53	-15.34
2128.00	2544.00	0.61	-15.37
2160.00	2544.00	0.67	-15.40
2192.00	2544.00	0.66	-15.37
2224.00	2544.00	0.62	-15.35
2256.00	2544.00	0.59	-15.44
2288.00	2544.00	0.62	-15.58
2320.00	2544.00	0.62	-15.64
2352.00	2544.00	0.65	-15.51
2384.00	2544.00	0.63	-15.25
2416.00	2544.00	0.64	-15.01
2448.00	2544.00	0.63	-14.98
2480.00	2544.00	0.66	-15.06
2512.00	2544.00	0.67	-15.10
2544.00	2544.00	0.72	-14.97
2576.00	2544.00	0.75	-14.81
2608.00	2544.00	0.77	-14.72
2640.00	2544.00	0.77	-14.68
2672.00	2544.00	0.82	-14.72
2704.00	2544.00	0.82	-14.69
2736.00	2544.00	0.76	-14.62
2768.00	2544.00	0.65	-14.53
2800.00	2544.00	0.60	-14.56
2832.00	2544.00	0.69	-14.61
2864.00	2544.00	0.80	-14.60
2896.00	2544.00	0.84	-14.59
2928.00	2544.00	0.78	-14.58
2960.00	2544.00	0.66	-14.56
2992.00	2544.00	0.63	-14.48
3024.00	2544.00	0.70	-14.41
3056.00	2544.00	0.84	-14.25
3088.00	2544.00	0.95	-13.91
3120.00	2544.00	1.01	-13.48
3152.00	2544.00	1.03	-13.13
3184.00	2544.00	1.09	-12.96
3216.00	2544.00	1.14	-12.88
3248.00	2544.00	1.10	-12.74
3280.00	2544.00	0.98	-12.56
3312.00	2544.00	0.85	-12.43
3344.00	2544.00	0.69	-12.42
3376.00	2544.00	0.56	-12.55
3408.00	2544.00	0.57	-12.70
3440.00	2544.00	0.70	-12.70
3472.00	2544.00	0.68	-12.62
3504.00	2544.00	0.35	-12.46
3536.00	2544.00	-0.07	-12.42
3568.00	2544.00	-0.28	-12.35
3600.00	2544.00	-0.26	-12.23
3632.00	2544.00	-0.16	-12.15
3664.00	2544.00	-0.16	-12.14
3696.00	2544.00	-0.20	-12.24
3728.00	2544.00	-0.24	-12.30
3760.00	2544.00	-0.29	-12.33
3792.00	2544.00	-0.34	-12.33
3824.00	2544.00	-0.28	-12.37
3856.00	2544.00	-0.26	-12.44
3888.00	2544.00	-0.29	-12.59
3920.00	2544.00	-0.38	-12.75
3952.00	2544.00	-0.50	-12.83
3984.00	2544.00	-0.60	-12.79
4016.00	2544.00	-0.64	-12.67
4048.00	2544.00	-0.45	-12.60
4080.00	2544.00	-0.21	-12.60
4112.00	2544.00	-0.11	-12.56
4144.00	2544.00	-0.19	-12.52
4176.00	2544.00	-0.24	-12.47
4208.00	2544.00	-0.24	-12.49
4240.00	2544.00	-0.15	-12.48
4272.00	2544.00	-0.07	-12.37
4304.00	2544.00	0.07	-12.19
4336.00	2544.00	0.20	-12.04
4368.00	2544.00	0.27	-11.88
4400.00	2544.00	0.20	-11.63
4432.00	2544.00	0.14	-11.37
4464.00	2544.00	0.12	-11.07
4496.00	2544.00	0.09	-10.86
4528.00	2544.00	-0.04	-10.71
4560.00	2544.00	-0.24	-10.73
4592.00	2544.00	-0.29	-10.82
4624.00	2544.00	-0.21	-10.80
4656.00	2544.00	-0.12	-10.71
4688.00	2544.00	-0.05	-10.76
4720.00	2544.00	0.01	-10.99
4752.00	2544.00	0.12	-11.33
4784.00	2544.00	0.19	-11.56
4816.00	2544.00	0.17	-11.72
4848.00	2544.00	0.06	-11.81
4880.00	2544.00	0.07	-11.89
4912.00	2544.00	0.30	-11.82
4944.00	2544.00	0.52	-11.69
4976.00	2544.00	0.61	-11.60
5008.00	2544.00	0.53	-11.55
5040.00	2544.00	0.47	-11.28
5072.00	2544.00	0.36	-10.90
5104.00	2544.00	0.20	-10.83
5136.00	2544.00	0.17	-11.13
5168.00	2544.00	0.25	-11.43
5200.00	2544.00	0.17	-11.37
5232.00	2544.00	-0.12	-11.18
5264.00	2544.00	-0.39	-11.22
5296.00	2544.00	-0.35	-11.50
5328.00	2544.00	-0.02	-11.80
5360.00	2544.00	0.06	-11.74
5392.00	2544.00	-0.21	-11.46
5424.00	2544.00	-0.45	-11.19
5456.00	2544.00	-0.40	-11.04
5488.00	2544.00	-0.35	-10.98
5520.00	2544.00	-0.36	-10.88
5552.00	2544.00	-0.32	-10.89
5584.00	2544.00	0.05	-10.41
5616.00	2544.00	0.43	-10.05
5648.00	2544.00	0.59	-9.73
5680.00	2544.00	0.41	-9.71
5712.00	2544.00	-0.13	-9.26
5744.00	2544.00	-0.45	-8.60
5776.00	2544.00	-0.48	-8.18
5808.00	2544.00	-0.25	-7.69
5840.00	2544.00	-0.30	-7.06
5872.00	2544.00	-0.33	-7.00
5904.00	2544.00	-0.39	-6.97
5936.00	2544.00	-0.33	-6.96
5968.00	2544.00	-0.35	-5.93
6000.00	2544.00	-0.27	-4.46
6032.00	2544.00	-0.10	-2.70
6064.00	2544.00	0.12	-1.06
6096.00	2544.00	0.22	-0.42
6128.00	2544.00	0.35	-1.20
6160.00	2544.00	0.61	-2.70
6192.00	2544.00	0.74	-4.75
6224.00	2544.00	0.83	-6.32
6256.00	2544.00	0.66	-7.65
6288.00	2544.00	0.72	-7.93
6320.00	2544.00	0.44	-7.93
6352.00	2544.00	0.25	-7.96
6384.00	2544.00	0.23	-8.36
6416.00	2544.00	0.53	-8.91
6448.00	2544.00	0.74	-9.14
6480.00	2544.00	0.53	-9.45
6512.00	2544.00	0.24	-9.50
6544.00	2544.00	0.07	-9.66
6576.00	2544.00	0.03	-9.65
16.00	2576.00	0.12	-15.35
48.00	2576.00	0.15	-15.40
80.00	2576.00	0.19	-15.46
112.00	2576.00	0.25	-15.44
144.00	2576.00	0.24	-15.32
176.00	2576.00	0.21	-15.24
208.00	2576.00	0.13	-15.20
240.00	2576.00	0.12	-15.23
272.00	2576.00	0.15	-15.30
304.00	2576.00	0.20	-15.42
336.00	2576.00	0.26	-15.57
368.00	2576.00	0.34	-15.65
400.00	2576.00	0.44	-15.62
432.00	2576.00	0.47	-15.47
464.00	2576.00	0.46	-15.36
496.00	2576.00	0.39	-15.31
528.00	2576.00	0.27	-15.35
560.00	2576.00	0.09	-15.44
592.00	2576.00	0.04	-15.52
624.00	2576.00	0.10	-15.46
656.00	2576.00	0.19	-15.27
688.00	2576.00	0.17	-15.10
720.00	2576.00	0.12	-15.07
752.00	2576.00	0.15	-15.15
784.00	2576.00	0.25	-15.20
816.00	2576.00	0.32	-15.25
848.00	2576.00	0.28	-15.23
880.00	2576.00	0.17	-15.22
912.00	2576.00	0.05	-15.24
944.00	2576.00	0.09	-15.35
976.00	2576.00	0.23	-15.34
1008.00	2576.00	0.32	-15.26
1040.00	2576.00	0.25	-15.18
1072.00	2576.00	0.18	-15.23
1104.00	2576.00	0.19	-15.36
1136.00	2576.00	0.27	-15.41
1168.00	2576.00	0.33	-15.46
1200.00	2576.00	0.42	-15.43
1232.00	2576.00	0.42	-15.44
1264.00	2576.00	0.39	-15.53
1296.00	2576.00	0.37	-15.61
1328.00	2576.00	0.41	-15.62
1360.00	2576.00	0.49	-15.58
1392.00	2576.00	0.56	-15.54
1424.00	2576.00	0.54	-15.52
1456.00	2576.00	0.47	-15.49
1488.00	2576.00	0.37	-15.46
1520.00	2576.00	0.39	-15.46
1552.00	2576.00	0.44	-15.48
1584.00	2576.00	0.41	-15.54
1616.00	2576.00	0.28	-15.49
1648.00	2576.00	0.28	-15.40
1680.00	2576.00	0.36	-15.36
1712.00	2576.00	0.52	-15.47
1744.00	2576.00	0.53	-15.66
1776.00	2576.00	0.48	-15.72
1808.00	2576.00	0.45	-15.63
1840.00	2576.00	0.51	-15.56
1872.00	2576.00	0.55	-15.53
1904.00	2576.00	0.50	-15.53
1936.00	2576.00	0.39	-15.46
1968.00	2576.00	0.42	-15.51
2000.00	2576.00	0.51	-15.59
2032.00	2576.00	0.57	-15.60
2064.00	2576.00	0.55	-15.51
2096.00	2576.00	0.53	-15.46
2128.00	2576.00	0.65	-15.49
2160.00	2576.00	0.71	-15.51
2192.00	2576.00	0.66	-15.50
2224.00	2576.00	0.58	-15.52
2256.00	2576.00	0.53	-15.61
2288.00	2576.00	0.56	-15.69
2320.00	2576.00	0.58	-15.70
2352.00	2576.00	0.65	-15.58
2384.00	2576.00	0.72	-15.41
2416.00	2576.00	0.77	-15.27
2448.00	2576.00	0.76	-15.25
2480.00	2576.00	0.75	-15.25
2512.00	2576.00	0.73	-15.17
2544.00	2576.00	0.76	-14.97
2576.00	2576.00	0.74	-14.78
2608.00	2576.00	0.73	-14.68
2640.00	2576.00	0.70	-14.66
2672.00	2576.00	0.73	-14.73
2704.00	2576.00	0.75	-14.76
2736.00	2576.00	0.69	-14.75
2768.00	2576.00	0.61	-14.67
2800.00	2576.00	0.58	-14.62
2832.00	2576.00	0.70	-14.58
2864.00	2576.00	0.82	-14.55
2896.00	2576.00	0.87	-14.54
2928.00	2576.00	0.81	-14.56
2960.00	2576.00	0.70	-14.58
2992.00	2576.00	0.62	-14.54
3024.00	2576.00	0.63	-14.52
3056.00	2576.00	0.74	-14.39
3088.00	2576.00	0.90	-14.02
3120.00	2576.00	1.02	-13.53
3152.00	2576.00	1.06	-13.11
3184.00	2576.00	1.08	-12.94
3216.00	2576.00	1.12	-12.86
3248.00	2576.00	1.09	-12.69
3280.00	2576.00	1.02	-12.48
3312.00	2576.00	0.96	-12.37
3344.00	2576.00	0.88	-12.42
3376.00	2576.00	0.76	-12.56
3408.00	2576.00	0.68	-12.66
3440.00	2576.00	0.67	-12.65
3472.00	2576.00	0.57	-12.59
3504.00	2576.00	0.29	-12.49
3536.00	2576.00	-0.01	-12.50
3568.00	2576.00	-0.21	-12.46
3600.00	2576.00	-0.29	-12.31
3632.00	2576.00	-0.29	-12.20
3664.00	2576.00	-0.25	-12.17
3696.00	2576.00	-0.21	-12.26
3728.00	2576.00	-0.20	-12.31
3760.00	2576.00	-0.27	-12.32
3792.00	2576.00	-0.32	-12.34
3824.00	2576.00	-0.30	-12.39
3856.00	2576.00	-0.24	-12.47
3888.00	2576.00	-0.28	-12.62
3920.00	2576.00	-0.38	-12.82
3952.00	2576.00	-0.52	-12.99
3984.00	2576.00	-0.60	-12.97
4016.00	2576.00	-0.57	-12.79
4048.00	2576.00	-0.37	-12.65
4080.00	2576.00	-0.13	-12.64
4112.00	2576.00	-0.01	-12.66
4144.00	2576.00	-0.09	-12.62
4176.00	2576.00	-0.20	-12.51
4208.00	2576.00	-0.27	-12.47
4240.00	2576.00	-0.21	-12.45
4272.00	2576.00	-0.05	-12.36
4304.00	2576.00	0.16	-12.20
4336.00	2576.00	0.30	-12.07
4368.00	2576.00	0.34	-11.95
4400.00	2576.00	0.19	-11.65
4432.00	2576.00	0.09	-11.28
4464.00	2576.00	0.03	-10.93
4496.00	2576.00	0.02	-10.77
4528.00	2576.00	-0.03	-10.69
4560.00	2576.00	-0.13	-10.78
4592.00	2576.00	-0.12	-10.89
4624.00	2576.00	-0.02	-10.93
4656.00	2576.00	0.06	-10.91
4688.00	2576.00	0.08	-11.01
4720.00	2576.00	0.08	-11.23
4752.00	2576.00	0.17	-11.51
4784.00	2576.00	0.27	-11.68
4816.00	2576.00	0.25	-11.76
4848.00	2576.00	0.12	-11.83
4880.00	2576.00	0.11	-11.96
4912.00	2576.00	0.29	-11.95
4944.00	2576.00	0.40	-11.84
4976.00	2576.00	0.40	-11.80
5008.00	2576.00	0.32	-11.79
5040.00	2576.00	0.35	-11.54
5072.00	2576.00	0.36	-11.08
5104.00	2576.00	0.28	-11.00
5136.00	2576.00	0.23	-11.27
5168.00	2576.00	0.20	-11.53
5200.00	2576.00	0.18	-11.40
5232.00	2576.00	0.01	-11.20
5264.00	2576.00	-0.15	-11.14
5296.00	2576.00	-0.15	-11.30
5328.00	2576.00	0.18	-11.48
5360.00	2576.00	0.27	-11.47
5392.00	2576.00	0.05	-11.31
5424.00	2576.00	-0.26	-11.22
5456.00	2576.00	-0.25	-11.23
5488.00	2576.00	-0.12	-11.41
5520.00	2576.00	-0.05	-11.48
5552.00	2576.00	-0.10	-11.27
5584.00	2576.00	0.01	-10.50
5616.00	2576.00	0.24	-9.99
5648.00	2576.00	0.41	-9.85
5680.00	2576.00	0.37	-9.87
5712.00	2576.00	-0.08	-9.19
5744.00	2576.00	-0.39	-8.44
5776.00	2576.00	-0.51	-8.02
5808.00	2576.00	-0.23	-7.83
5840.00	2576.00	-0.19	-7.19
5872.00	2576.00	-0.15	-6.87
5904.00	2576.00	-0.36	-6.44
5936.00	2576.00	-0.44	-6.35
5968.00	2576.00	-0.58	-5.57
6000.00	2576.00	-0.47	-4.32
6032.00	2576.00	-0.24	-2.66
6064.00	2576.00	0.04	-1.04
6096.00	2576.00	0.18	-0.48
6128.00	2576.00	0.31	-0.98
6160.00	2576.00	0.68	-2.27
6192.00	2576.00	0.96	-4.02
6224.00	2576.00	1.11	-5.66
6256.00	2576.00	1.03	-6.83
6288.00	2576.00	0.95	-7.20
6320.00	2576.00	0.59	-7.51
6352.00	2576.00	0.28	-7.90
6384.00	2576.00	0.19	-8.59
6416.00	2576.00	0.34	-9.30
6448.00	2576.00	0.51	-9.69
6480.00	2576.00	0.37	-10.13
6512.00	2576.00	0.28	-9.90
6544.00	2576.00	0.11	-9.91
6576.00	2576.00	0.10	-9.62
16.00	2608.00	0.03	-15.19
48.00	2608.00	0.06	-15.22
80.00	2608.00	0.12	-15.28
112.00	2608.00	0.22	-15.31
144.00	2608.00	0.23	-15.29
176.00	2608.00	0.16	-15.22
208.00	2608.00	0.07	-15.19
240.00	2608.00	0.07	-15.27
272.00	2608.00	0.16	-15.39
304.00	2608.00	0.22	-15.52
336.00	2608.00	0.26	-15.61
368.00	2608.00	0.29	-15.66
400.00	2608.00	0.32	-15.59
432.00	2608.00	0.34	-15.39
464.00	2608.00	0.36	-15.30
496.00	2608.00	0.34	-15.34
528.00	2608.00	0.24	-15.47
560.00	2608.00	0.08	-15.59
592.00	2608.00	0.04	-15.64
624.00	2608.00	0.09	-15.53
656.00	2608.00	0.15	-15.28
688.00	2608.00	0.13	-15.08
720.00	2608.00	0.09	-15.05
752.00	2608.00	0.13	-15.14
784.00	2608.00	0.21	-15.24
816.00	2608.00	0.28	-15.31
848.00	2608.00	0.23	-15.31
880.00	2608.00	0.12	-15.30
912.00	2608.00	0.02	-15.34
944.00	2608.00	0.09	-15.42
976.00	2608.00	0.21	-15.37
1008.00	2608.00	0.27	-15.26
1040.00	2608.00	0.17	-15.18
1072.00	2608.00	0.09	-15.25
1104.00	2608.00	0.11	-15.36
1136.00	2608.00	0.20	-15.37
1168.00	2608.00	0.29	-15.36
1200.00	2608.00	0.34	-15.35
1232.00	2608.00	0.34	-15.43
1264.00	2608.00	0.34	-15.55
1296.00	2608.00	0.35	-15.61
1328.00	2608.00	0.38	-15.60
1360.00	2608.00	0.43	-15.55
1392.00	2608.00	0.49	-15.54
1424.00	2608.00	0.53	-15.58
1456.00	2608.00	0.53	-15.61
1488.00	2608.00	0.45	-15.56
1520.00	2608.00	0.45	-15.49
1552.00	2608.00	0.43	-15.48
1584.00	2608.00	0.44	-15.54
1616.00	2608.00	0.36	-15.51
1648.00	2608.00	0.36	-15.42
1680.00	2608.00	0.41	-15.39
1712.00	2608.00	0.53	-15.53
1744.00	2608.00	0.58	-15.71
1776.00	2608.00	0.58	-15.73
1808.00	2608.00	0.62	-15.62
1840.00	2608.00	0.65	-15.53
1872.00	2608.00	0.69	-15.51
1904.00	2608.00	0.59	-15.56
1936.00	2608.00	0.48	-15.55
1968.00	2608.00	0.47	-15.64
2000.00	2608.00	0.52	-15.74
2032.00	2608.00	0.51	-15.79
2064.00	2608.00	0.48	-15.71
2096.00	2608.00	0.49	-15.61
2128.00	2608.00	0.61	-15.58
2160.00	2608.00	0.69	-15.59
2192.00	2608.00	0.63	-15.60
2224.00	2608.00	0.59	-15.65
2256.00	2608.00	0.52	-15.68
2288.00	2608.00	0.51	-15.70
2320.00	2608.00	0.49	-15.61
2352.00	2608.00	0.60	-15.49
2384.00	2608.00	0.72	-15.42
2416.00	2608.00	0.75	-15.43
2448.00	2608.00	0.70	-15.48
2480.00	2608.00	0.68	-15.45
2512.00	2608.00	0.69	-15.24
2544.00	2608.00	0.68	-14.93
2576.00	2608.00	0.63	-14.73
2608.00	2608.00	0.63	-14.68
2640.00	2608.00	0.65	-14.68
2672.00	2608.00	0.70	-14.73
2704.00	2608.00	0.72	-14.80
2736.00	2608.00	0.67	-14.87
2768.00	2608.00	0.61	-14.80
2800.00	2608.00	0.61	-14.70
2832.00	2608.00	0.73	-14.60
2864.00	2608.00	0.85	-14.54
2896.00	2608.00	0.91	-14.52
2928.00	2608.00	0.89	-14.51
2960.00	2608.00	0.84	-14.51
2992.00	2608.00	0.74	-14.50
3024.00	2608.00	0.69	-14.50
3056.00	2608.00	0.71	-14.41
3088.00	2608.00	0.89	-14.10
3120.00	2608.00	1.04	-13.64
3152.00	2608.00	1.07	-13.17
3184.00	2608.00	1.01	-12.89
3216.00	2608.00	1.00	-12.73
3248.00	2608.00	1.00	-12.51
3280.00	2608.00	0.99	-12.29
3312.00	2608.00	0.98	-12.24
3344.00	2608.00	0.97	-12.36
3376.00	2608.00	0.89	-12.50
3408.00	2608.00	0.77	-12.54
3440.00	2608.00	0.64	-12.52
3472.00	2608.00	0.50	-12.50
3504.00	2608.00	0.30	-12.49
3536.00	2608.00	0.13	-12.55
3568.00	2608.00	-0.08	-12.55
3600.00	2608.00	-0.28	-12.45
3632.00	2608.00	-0.31	-12.36
3664.00	2608.00	-0.22	-12.34
3696.00	2608.00	-0.14	-12.38
3728.00	2608.00	-0.18	-12.37
3760.00	2608.00	-0.25	-12.34
3792.00	2608.00	-0.22	-12.34
3824.00	2608.00	-0.20	-12.42
3856.00	2608.00	-0.22	-12.52
3888.00	2608.00	-0.31	-12.67
3920.00	2608.00	-0.39	-12.87
3952.00	2608.00	-0.48	-13.05
3984.00	2608.00	-0.57	-13.03
4016.00	2608.00	-0.57	-12.85
4048.00	2608.00	-0.42	-12.73
4080.00	2608.00	-0.22	-12.74
4112.00	2608.00	-0.09	-12.74
4144.00	2608.00	-0.15	-12.66
4176.00	2608.00	-0.25	-12.51
4208.00	2608.00	-0.32	-12.41
4240.00	2608.00	-0.26	-12.35
4272.00	2608.00	-0.11	-12.22
4304.00	2608.00	0.04	-12.08
4336.00	2608.00	0.12	-11.87
4368.00	2608.00	0.17	-11.69
4400.00	2608.00	0.10	-11.39
4432.00	2608.00	0.05	-11.04
4464.00	2608.00	-0.02	-10.77
4496.00	2608.00	0.02	-10.65
4528.00	2608.00	0.04	-10.63
4560.00	2608.00	0.01	-10.72
4592.00	2608.00	0.00	-10.83
4624.00	2608.00	0.08	-10.96
4656.00	2608.00	0.17	-11.11
4688.00	2608.00	0.15	-11.28
4720.00	2608.00	0.08	-11.50
4752.00	2608.00	0.13	-11.67
4784.00	2608.00	0.24	-11.75
4816.00	2608.00	0.25	-11.72
4848.00	2608.00	0.11	-11.72
4880.00	2608.00	0.02	-11.87
4912.00	2608.00	0.01	-11.96
4944.00	2608.00	0.01	-11.86
4976.00	2608.00	-0.08	-11.89
5008.00	2608.00	-0.11	-11.93
5040.00	2608.00	-0.00	-11.74
5072.00	2608.00	0.18	-11.41
5104.00	2608.00	0.26	-11.41
5136.00	2608.00	0.24	-11.69
5168.00	2608.00	0.20	-11.74
5200.00	2608.00	0.25	-11.54
5232.00	2608.00	0.19	-11.38
5264.00	2608.00	0.15	-11.29
5296.00	2608.00	0.16	-11.29
5328.00	2608.00	0.36	-11.40
5360.00	2608.00	0.36	-11.40
5392.00	2608.00	0.17	-11.42
5424.00	2608.00	-0.07	-11.41
5456.00	2608.00	-0.12	-11.41
5488.00	2608.00	0.04	-11.42
5520.00	2608.00	0.15	-11.34
5552.00	2608.00	0.17	-11.04
5584.00	2608.00	0.05	-10.40
5616.00	2608.00	0.03	-9.97
5648.00	2608.00	0.02	-9.87
5680.00	2608.00	0.15	-9.79
5712.00	2608.00	0.03	-9.17
5744.00	2608.00	-0.13	-8.40
5776.00	2608.00	-0.34	-7.94
5808.00	2608.00	-0.20	-7.94
5840.00	2608.00	-0.14	-7.52
5872.00	2608.00	-0.17	-6.94
5904.00	2608.00	-0.39	-6.19
5936.00	2608.00	-0.47	-6.12
5968.00	2608.00	-0.57	-5.62
6000.00	2608.00	-0.47	-4.50
6032.00	2608.00	-0.31	-2.68
6064.00	2608.00	-0.03	-1.09
6096.00	2608.00	0.09	-0.55
6128.00	2608.00	0.23	-1.03
6160.00	2608.00	0.48	-2.59
6192.00	2608.00	0.76	-4.40
6224.00	2608.00	0.95	-6.11
6256.00	2608.00	0.93	-7.09
6288.00	2608.00	0.73	-7.52
6320.00	2608.00	0.39	-7.82
6352.00	2608.00	0.23	-8.09
6384.00	2608.00	0.23	-8.67
6416.00	2608.00	0.29	-9.33
6448.00	2608.00	0.33	-9.76
6480.00	2608.00	0.23	-10.12
6512.00	2608.00	0.25	-9.92
6544.00	2608.00	0.13	-10.15
6576.00	2608.00	0.11	-9.97
16.00	2640.00	-0.01	-15.08
48.00	2640.00	0.01	-15.12
80.00	2640.00	0.07	-15.20
112.00	2640.00	0.20	-15.27
144.00	2640.00	0.22	-15.31
176.00	2640.00	0.14	-15.27
208.00	2640.00	0.05	-15.27
240.00	2640.00	0.06	-15.34
272.00	2640.00	0.13	-15.46
304.00	2640.00	0.19	-15.54
336.00	2640.00	0.20	-15.53
368.00	2640.00	0.18	-15.53
400.00	2640.00	0.17	-15.49
432.00	2640.00	0.22	-15.34
464.00	2640.00	0.30	-15.31
496.00	2640.00	0.31	-15.37
528.00	2640.00	0.18	-15.52
560.00	2640.00	0.04	-15.67
592.00	2640.00	0.01	-15.70
624.00	2640.00	0.06	-15.62
656.00	2640.00	0.09	-15.40
688.00	2640.00	0.07	-15.23
720.00	2640.00	0.06	-15.18
752.00	2640.00	0.09	-15.22
784.00	2640.00	0.11	-15.34
816.00	2640.00	0.17	-15.44
848.00	2640.00	0.19	-15.46
880.00	2640.00	0.19	-15.45
912.00	2640.00	0.18	-15.48
944.00	2640.00	0.26	-15.51
976.00	2640.00	0.35	-15.42
1008.00	2640.00	0.34	-15.31
1040.00	2640.00	0.19	-15.24
1072.00	2640.00	0.07	-15.31
1104.00	2640.00	0.07	-15.43
1136.00	2640.00	0.15	-15.46
1168.00	2640.00	0.22	-15.41
1200.00	2640.00	0.23	-15.37
1232.00	2640.00	0.26	-15.43
1264.00	2640.00	0.32	-15.55
1296.00	2640.00	0.35	-15.59
1328.00	2640.00	0.32	-15.59
1360.00	2640.00	0.32	-15.55
1392.00	2640.00	0.38	-15.59
1424.00	2640.00	0.54	-15.63
1456.00	2640.00	0.62	-15.65
1488.00	2640.00	0.58	-15.59
1520.00	2640.00	0.50	-15.53
1552.00	2640.00	0.42	-15.48
1584.00	2640.00	0.43	-15.48
1616.00	2640.00	0.41	-15.42
1648.00	2640.00	0.43	-15.38
1680.00	2640.00	0.44	-15.42
1712.00	2640.00	0.49	-15.57
1744.00	2640.00	0.58	-15.71
1776.00	2640.00	0.62	-15.71
1808.00	2640.00	0.69	-15.63
1840.00	2640.00	0.67	-15.57
1872.00	2640.00	0.67	-15.58
1904.00	2640.00	0.58	-15.62
1936.00	2640.00	0.52	-15.61
1968.00	2640.00	0.51	-15.68
2000.00	2640.00	0.53	-15.79
2032.00	2640.00	0.49	-15.86
2064.00	2640.00	0.47	-15.81
2096.00	2640.00	0.50	-15.72
2128.00	2640.00	0.55	-15.71
2160.00	2640.00	0.58	-15.70
2192.00	2640.00	0.54	-15.65
2224.00	2640.00	0.57	-15.66
2256.00	2640.00	0.54	-15.65
2288.00	2640.00	0.49	-15.59
2320.00	2640.00	0.43	-15.43
2352.00	2640.00	0.51	-15.31
2384.00	2640.00	0.61	-15.33
2416.00	2640.00	0.66	-15.48
2448.00	2640.00	0.60	-15.61
2480.00	2640.00	0.59	-15.63
2512.00	2640.00	0.56	-15.35
2544.00	2640.00	0.51	-15.01
2576.00	2640.00	0.47	-14.80
2608.00	2640.00	0.55	-14.79
2640.00	2640.00	0.66	-14.78
2672.00	2640.00	0.72	-14.80
2704.00	2640.00	0.73	-14.84
2736.00	2640.00	0.70	-14.94
2768.00	2640.00	0.70	-14.89
2800.00	2640.00	0.74	-14.77
2832.00	2640.00	0.81	-14.67
2864.00	2640.00	0.88	-14.61
2896.00	2640.00	0.93	-14.57
2928.00	2640.00	0.97	-14.52
2960.00	2640.00	0.98	-14.50
2992.00	2640.00	0.88	-14.47
3024.00	2640.00	0.81	-14.41
3056.00	2640.00	0.80	-14.28
3088.00	2640.00	0.91	-14.01
3120.00	2640.00	0.96	-13.63
3152.00	2640.00	0.89	-13.16
3184.00	2640.00	0.81	-12.83
3216.00	2640.00	0.82	-12.63
3248.00	2640.00	0.86	-12.37
3280.00	2640.00	0.89	-12.14
3312.00	2640.00	0.91	-12.10
3344.00	2640.00	0.91	-12.21
3376.00	2640.00	0.87	-12.33
3408.00	2640.00	0.69	-12.37
3440.00	2640.00	0.50	-12.39
3472.00	2640.00	0.37	-12.44
3504.00	2640.00	0.31	-12.50
3536.00	2640.00	0.25	-12.58
3568.00	2640.00	0.04	-12.58
3600.00	2640.00	-0.16	-12.49
3632.00	2640.00	-0.19	-12.47
3664.00	2640.00	-0.14	-12.48
3696.00	2640.00	-0.15	-12.49
3728.00	2640.00	-0.25	-12.41
3760.00	2640.00	-0.28	-12.38
3792.00	2640.00	-0.19	-12.42
3824.00	2640.00	-0.20	-12.50
3856.00	2640.00	-0.27	-12.59
3888.00	2640.00	-0.36	-12.73
3920.00	2640.00	-0.39	-12.93
3952.00	2640.00	-0.45	-13.09
3984.00	2640.00	-0.55	-13.09
4016.00	2640.00	-0.57	-12.96
4048.00	2640.00	-0.45	-12.89
4080.00	2640.00	-0.30	-12.91
4112.00	2640.00	-0.23	-12.86
4144.00	2640.00	-0.30	-12.72
4176.00	2640.00	-0.36	-12.56
4208.00	2640.00	-0.36	-12.44
4240.00	2640.00	-0.28	-12.43
4272.00	2640.00	-0.18	-12.29
4304.00	2640.00	-0.12	-12.09
4336.00	2640.00	-0.14	-11.80
4368.00	2640.00	-0.08	-11.59
4400.00	2640.00	-0.05	-11.38
4432.00	2640.00	-0.02	-11.00
4464.00	2640.00	-0.02	-10.71
4496.00	2640.00	0.05	-10.56
4528.00	2640.00	0.13	-10.57
4560.00	2640.00	0.07	-10.66
4592.00	2640.00	-0.01	-10.74
4624.00	2640.00	-0.01	-10.92
4656.00	2640.00	0.07	-11.14
4688.00	2640.00	0.05	-11.42
4720.00	2640.00	-0.01	-11.65
4752.00	2640.00	0.04	-11.77
4784.00	2640.00	0.18	-11.80
4816.00	2640.00	0.24	-11.71
4848.00	2640.00	0.13	-11.63
4880.00	2640.00	-0.13	-11.73
4912.00	2640.00	-0.34	-11.86
4944.00	2640.00	-0.45	-11.84
4976.00	2640.00	-0.46	-11.88
5008.00	2640.00	-0.40	-11.90
5040.00	2640.00	-0.23	-11.86
5072.00	2640.00	-0.02	-11.79
5104.00	2640.00	0.11	-11.93
5136.00	2640.00	0.11	-12.07
5168.00	2640.00	0.14	-11.86
5200.00	2640.00	0.26	-11.54
5232.00	2640.00	0.31	-11.44
5264.00	2640.00	0.34	-11.47
5296.00	2640.00	0.36	-11.43
5328.00	2640.00	0.45	-11.42
5360.00	2640.00	0.35	-11.36
5392.00	2640.00	0.21	-11.44
5424.00	2640.00	0.07	-11.56
5456.00	2640.00	0.08	-11.65
5488.00	2640.00	0.21	-11.45
5520.00	2640.00	0.34	-11.09
5552.00	2640.00	0.34	-10.66
5584.00	2640.00	0.13	-10.28
5616.00	2640.00	-0.17	-10.08
5648.00	2640.00	-0.30	-9.97
5680.00	2640.00	-0.17	-9.80
5712.00	2640.00	-0.02	-9.24
5744.00	2640.00	-0.03	-8.61
5776.00	2640.00	-0.18	-8.11
5808.00	2640.00	-0.14	-7.92
5840.00	2640.00	-0.12	-7.48
5872.00	2640.00	-0.08	-7.06
5904.00	2640.00	-0.22	-6.54
5936.00	2640.00	-0.22	-6.40
5968.00	2640.00	-0.37	-5.73
6000.00	2640.00	-0.43	-4.55
6032.00	2640.00	-0.40	-2.76
6064.00	2640.00	-0.14	-1.21
6096.00	2640.00	0.08	-0.60
6128.00	2640.00	0.22	-1.12
6160.00	2640.00	0.35	-2.94
6192.00	2640.00	0.57	-4.91
6224.00	2640.00	0.68	-6.76
6256.00	2640.00	0.71	-7.58
6288.00	2640.00	0.46	-7.96
6320.00	2640.00	0.43	-7.91
6352.00	2640.00	0.46	-7.83
6384.00	2640.00	0.60	-7.99
6416.00	2640.00	0.37	-8.78
6448.00	2640.00	0.20	-9.39
6480.00	2640.00	0.05	-9.93
6512.00	2640.00	0.19	-9.89
6544.00	2640.00	0.12	-10.40
6576.00	2640.00	0.13	-10.50
16.00	2672.00	0.01	-15.20
48.00	2672.00	0.02	-15.20
80.00	2672.00	0.10	-15.24
112.00	2672.00	0.25	-15.32
144.00	2672.00	0.26	-15.38
176.00	2672.00	0.16	-15.36
208.00	2672.00	0.06	-15.36
240.00	2672.00	0.05	-15.47
272.00	2672.00	0.06	-15.57
304.00	2672.00	0.10	-15.58
336.00	2672.00	0.13	-15.49
368.00	2672.00	0.13	-15.46
400.00	2672.00	0.12	-15.50
432.00	2672.00	0.23	-15.46
464.00	2672.00	0.37	-15.45
496.00	2672.00	0.38	-15.41
528.00	2672.00	0.20	-15.42
560.00	2672.00	0.05	-15.50
592.00	2672.00	0.04	-15.55
624.00	2672.00	0.09	-15.57
656.00	2672.00	0.13	-15.43
688.00	2672.00	0.11	-15.35
720.00	2672.00	0.08	-15.31
752.00	2672.00	0.06	-15.32
784.00	2672.00	0.05	-15.40
816.00	2672.00	0.14	-15.50
848.00	2672.00	0.28	-15.54
880.00	2672.00	0.38	-15.53
912.00	2672.00	0.41	-15.54
944.00	2672.00	0.42	-15.54
976.00	2672.00	0.46	-15.45
1008.00	2672.00	0.44	-15.33
1040.00	2672.00	0.33	-15.25
1072.00	2672.00	0.18	-15.26
1104.00	2672.00	0.14	-15.38
1136.00	2672.00	0.14	-15.45
1168.00	2672.00	0.18	-15.46
1200.00	2672.00	0.18	-15.42
1232.00	2672.00	0.23	-15.44
1264.00	2672.00	0.32	-15.51
1296.00	2672.00	0.33	-15.54
1328.00	2672.00	0.26	-15.50
1360.00	2672.00	0.25	-15.48
1392.00	2672.00	0.32	-15.55
1424.00	2672.00	0.53	-15.59
1456.00	2672.00	0.64	-15.63
1488.00	2672.00	0.64	-15.63
1520.00	2672.00	0.52	-15.61
1552.00	2672.00	0.37	-15.50
1584.00	2672.00	0.33	-15.37
1616.00	2672.00	0.35	-15.31
1648.00	2672.00	0.38	-15.35
1680.00	2672.00	0.41	-15.45
1712.00	2672.00	0.44	-15.58
1744.00	2672.00	0.55	-15.67
1776.00	2672.00	0.61	-15.66
1808.00	2672.00	0.63	-15.64
1840.00	2672.00	0.55	-15.63
1872.00	2672.00	0.54	-15.67
1904.00	2672.00	0.50	-15.69
1936.00	2672.00	0.49	-15.66
1968.00	2672.00	0.46	-15.68
2000.00	2672.00	0.47	-15.77
2032.00	2672.00	0.46	-15.85
2064.00	2672.00	0.48	-15.82
2096.00	2672.00	0.50	-15.76
2128.00	2672.00	0.50	-15.73
2160.00	2672.00	0.49	-15.71
2192.00	2672.00	0.46	-15.65
2224.00	2672.00	0.51	-15.62
2256.00	2672.00	0.52	-15.58
2288.00	2672.00	0.45	-15.51
2320.00	2672.00	0.39	-15.40
2352.00	2672.00	0.43	-15.37
2384.00	2672.00	0.50	-15.43
2416.00	2672.00	0.55	-15.56
2448.00	2672.00	0.52	-15.65
2480.00	2672.00	0.54	-15.64
2512.00	2672.00	0.48	-15.40
2544.00	2672.00	0.43	-15.11
2576.00	2672.00	0.41	-14.93
2608.00	2672.00	0.53	-14.92
2640.00	2672.00	0.67	-14.84
2672.00	2672.00	0.75	-14.78
2704.00	2672.00	0.76	-14.80
2736.00	2672.00	0.75	-14.96
2768.00	2672.00	0.79	-15.00
2800.00	2672.00	0.84	-14.91
2832.00	2672.00	0.86	-14.79
2864.00	2672.00	0.86	-14.70
2896.00	2672.00	0.90	-14.67
2928.00	2672.00	1.00	-14.64
2960.00	2672.00	1.07	-14.60
2992.00	2672.00	0.97	-14.50
3024.00	2672.00	0.87	-14.32
3056.00	2672.00	0.87	-14.14
3088.00	2672.00	0.94	-13.88
3120.00	2672.00	0.91	-13.54
3152.00	2672.00	0.73	-13.08
3184.00	2672.00	0.65	-12.75
3216.00	2672.00	0.69	-12.56
3248.00	2672.00	0.77	-12.33
3280.00	2672.00	0.82	-12.13
3312.00	2672.00	0.82	-12.07
3344.00	2672.00	0.81	-12.16
3376.00	2672.00	0.76	-12.26
3408.00	2672.00	0.56	-12.31
3440.00	2672.00	0.37	-12.35
3472.00	2672.00	0.30	-12.41
3504.00	2672.00	0.34	-12.48
3536.00	2672.00	0.37	-12.55
3568.00	2672.00	0.23	-12.52
3600.00	2672.00	0.07	-12.47
3632.00	2672.00	-0.04	-12.48
3664.00	2672.00	-0.13	-12.53
3696.00	2672.00	-0.24	-12.49
3728.00	2672.00	-0.39	-12.38
3760.00	2672.00	-0.42	-12.33
3792.00	2672.00	-0.36	-12.38
3824.00	2672.00	-0.33	-12.45
3856.00	2672.00	-0.36	-12.57
3888.00	2672.00	-0.43	-12.76
3920.00	2672.00	-0.45	-12.99
3952.00	2672.00	-0.49	-13.12
3984.00	2672.00	-0.55	-13.15
4016.00	2672.00	-0.55	-13.11
4048.00	2672.00	-0.46	-13.10
4080.00	2672.00	-0.37	-13.08
4112.00	2672.00	-0.36	-12.97
4144.00	2672.00	-0.44	-12.79
4176.00	2672.00	-0.45	-12.66
4208.00	2672.00	-0.40	-12.57
4240.00	2672.00	-0.30	-12.61
4272.00	2672.00	-0.28	-12.50
4304.00	2672.00	-0.29	-12.26
4336.00	2672.00	-0.29	-11.91
4368.00	2672.00	-0.19	-11.66
4400.00	2672.00	-0.11	-11.52
4432.00	2672.00	-0.09	-11.12
4464.00	2672.00	-0.08	-10.75
4496.00	2672.00	0.03	-10.52
4528.00	2672.00	0.14	-10.55
4560.00	2672.00	0.15	-10.67
4592.00	2672.00	0.08	-10.72
4624.00	2672.00	0.04	-10.89
4656.00	2672.00	0.03	-11.11
4688.00	2672.00	-0.02	-11.42
4720.00	2672.00	-0.08	-11.64
4752.00	2672.00	-0.04	-11.73
4784.00	2672.00	0.15	-11.73
4816.00	2672.00	0.24	-11.64
4848.00	2672.00	0.18	-11.55
4880.00	2672.00	-0.14	-11.58
4912.00	2672.00	-0.38	-11.67
4944.00	2672.00	-0.50	-11.70
4976.00	2672.00	-0.55	-11.72
5008.00	2672.00	-0.53	-11.79
5040.00	2672.00	-0.42	-11.89
5072.00	2672.00	-0.20	-12.02
5104.00	2672.00	-0.05	-12.12
5136.00	2672.00	-0.02	-12.09
5168.00	2672.00	0.02	-11.78
5200.00	2672.00	0.10	-11.54
5232.00	2672.00	0.15	-11.61
5264.00	2672.00	0.18	-11.76
5296.00	2672.00	0.26	-11.66
5328.00	2672.00	0.35	-11.51
5360.00	2672.00	0.24	-11.39
5392.00	2672.00	0.14	-11.48
5424.00	2672.00	0.15	-11.64
5456.00	2672.00	0.26	-11.71
5488.00	2672.00	0.34	-11.44
5520.00	2672.00	0.43	-11.01
5552.00	2672.00	0.44	-10.64
5584.00	2672.00	0.23	-10.54
5616.00	2672.00	-0.26	-10.36
5648.00	2672.00	-0.45	-10.13
5680.00	2672.00	-0.31	-9.83
5712.00	2672.00	0.03	-9.63
5744.00	2672.00	0.10	-9.26
5776.00	2672.00	-0.01	-8.71
5808.00	2672.00	-0.18	-7.87
5840.00	2672.00	-0.28	-6.93
5872.00	2672.00	-0.33	-6.44
5904.00	2672.00	-0.35	-6.25
5936.00	2672.00	-0.26	-6.34
5968.00	2672.00	-0.29	-5.68
6000.00	2672.00	-0.32	-4.51
6032.00	2672.00	-0.29	-2.79
6064.00	2672.00	-0.04	-1.25
6096.00	2672.00	0.21	-0.58
6128.00	2672.00	0.33	-1.32
6160.00	2672.00	0.32	-3.24
6192.00	2672.00	0.42	-5.30
6224.00	2672.00	0.52	-6.79
6256.00	2672.00	0.57	-7.51
6288.00	2672.00	0.49	-7.73
6320.00	2672.00	0.64	-7.52
6352.00	2672.00	0.80	-7.35
6384.00	2672.00	0.84	-7.57
6416.00	2672.00	0.44	-8.43
6448.00	2672.00	0.19	-9.10
6480.00	2672.00	0.19	-9.51
6512.00	2672.00	0.39	-9.79
6544.00	2672.00	0.33	-10.46
6576.00	2672.00	0.23	-10.87
16.00	2704.00	0.09	-15.32
48.00	2704.00	0.11	-15.30
80.00	2704.00	0.24	-15.34
112.00	2704.00	0.40	-15.46
144.00	2704.00	0.38	-15.49
176.00	2704.00	0.26	-15.46
208.00	2704.00	0.11	-15.44
240.00	2704.00	0.07	-15.51
272.00	2704.00	0.04	-15.59
304.00	2704.00	0.08	-15.58
336.00	2704.00	0.14	-15.53
368.00	2704.00	0.19	-15.49
400.00	2704.00	0.20	-15.57
432.00	2704.00	0.32	-15.63
464.00	2704.00	0.46	-15.62
496.00	2704.00	0.47	-15.41
528.00	2704.00	0.30	-15.24
560.00	2704.00	0.15	-15.24
592.00	2704.00	0.12	-15.33
624.00	2704.00	0.16	-15.42
656.00	2704.00	0.18	-15.39
688.00	2704.00	0.14	-15.37
720.00	2704.00	0.10	-15.37
752.00	2704.00	0.05	-15.37
784.00	2704.00	0.08	-15.40
816.00	2704.00	0.23	-15.42
848.00	2704.00	0.41	-15.44
880.00	2704.00	0.50	-15.47
912.00	2704.00	0.49	-15.51
944.00	2704.00	0.42	-15.50
976.00	2704.00	0.41	-15.43
1008.00	2704.00	0.41	-15.32
1040.00	2704.00	0.41	-15.23
1072.00	2704.00	0.32	-15.21
1104.00	2704.00	0.23	-15.35
1136.00	2704.00	0.14	-15.51
1168.00	2704.00	0.14	-15.61
1200.00	2704.00	0.17	-15.56
1232.00	2704.00	0.25	-15.49
1264.00	2704.00	0.30	-15.48
1296.00	2704.00	0.26	-15.47
1328.00	2704.00	0.19	-15.43
1360.00	2704.00	0.21	-15.42
1392.00	2704.00	0.30	-15.44
1424.00	2704.00	0.43	-15.44
1456.00	2704.00	0.50	-15.47
1488.00	2704.00	0.51	-15.55
1520.00	2704.00	0.47	-15.61
1552.00	2704.00	0.37	-15.52
1584.00	2704.00	0.30	-15.34
1616.00	2704.00	0.33	-15.29
1648.00	2704.00	0.38	-15.38
1680.00	2704.00	0.42	-15.53
1712.00	2704.00	0.44	-15.63
1744.00	2704.00	0.51	-15.68
1776.00	2704.00	0.56	-15.64
1808.00	2704.00	0.49	-15.62
1840.00	2704.00	0.40	-15.67
1872.00	2704.00	0.40	-15.75
1904.00	2704.00	0.41	-15.75
1936.00	2704.00	0.38	-15.67
1968.00	2704.00	0.33	-15.65
2000.00	2704.00	0.38	-15.70
2032.00	2704.00	0.47	-15.74
2064.00	2704.00	0.53	-15.72
2096.00	2704.00	0.57	-15.73
2128.00	2704.00	0.55	-15.72
2160.00	2704.00	0.54	-15.69
2192.00	2704.00	0.51	-15.62
2224.00	2704.00	0.51	-15.58
2256.00	2704.00	0.50	-15.56
2288.00	2704.00	0.43	-15.55
2320.00	2704.00	0.44	-15.52
2352.00	2704.00	0.46	-15.56
2384.00	2704.00	0.51	-15.60
2416.00	2704.00	0.53	-15.62
2448.00	2704.00	0.52	-15.58
2480.00	2704.00	0.57	-15.51
2512.00	2704.00	0.52	-15.32
2544.00	2704.00	0.50	-15.17
2576.00	2704.00	0.48	-15.05
2608.00	2704.00	0.58	-15.03
2640.00	2704.00	0.69	-14.91
2672.00	2704.00	0.77	-14.81
2704.00	2704.00	0.78	-14.85
2736.00	2704.00	0.76	-15.04
2768.00	2704.00	0.80	-15.12
2800.00	2704.00	0.86	-15.05
2832.00	2704.00	0.89	-14.88
2864.00	2704.00	0.87	-14.76
2896.00	2704.00	0.88	-14.71
2928.00	2704.00	0.98	-14.72
2960.00	2704.00	1.03	-14.69
2992.00	2704.00	0.95	-14.54
3024.00	2704.00	0.87	-14.25
3056.00	2704.00	0.90	-14.01
3088.00	2704.00	0.96	-13.72
3120.00	2704.00	0.87	-13.38
3152.00	2704.00	0.68	-12.94
3184.00	2704.00	0.60	-12.65
3216.00	2704.00	0.66	-12.51
3248.00	2704.00	0.74	-12.37
3280.00	2704.00	0.75	-12.23
3312.00	2704.00	0.70	-12.15
3344.00	2704.00	0.66	-12.19
3376.00	2704.00	0.61	-12.28
3408.00	2704.00	0.44	-12.35
3440.00	2704.00	0.27	-12.40
3472.00	2704.00	0.23	-12.45
3504.00	2704.00	0.30	-12.48
3536.00	2704.00	0.44	-12.50
3568.00	2704.00	0.45	-12.45
3600.00	2704.00	0.34	-12.40
3632.00	2704.00	0.05	-12.41
3664.00	2704.00	-0.21	-12.43
3696.00	2704.00	-0.32	-12.36
3728.00	2704.00	-0.45	-12.25
3760.00	2704.00	-0.60	-12.19
3792.00	2704.00	-0.68	-12.25
3824.00	2704.00	-0.59	-12.37
3856.00	2704.00	-0.47	-12.58
3888.00	2704.00	-0.49	-12.81
3920.00	2704.00	-0.55	-13.03
3952.00	2704.00	-0.59	-13.15
3984.00	2704.00	-0.52	-13.22
4016.00	2704.00	-0.44	-13.21
4048.00	2704.00	-0.40	-13.17
4080.00	2704.00	-0.41	-13.09
4112.00	2704.00	-0.43	-12.99
4144.00	2704.00	-0.47	-12.86
4176.00	2704.00	-0.47	-12.79
4208.00	2704.00	-0.43	-12.72
4240.00	2704.00	-0.37	-12.70
4272.00	2704.00	-0.46	-12.62
4304.00	2704.00	-0.52	-12.36
4336.00	2704.00	-0.47	-12.02
4368.00	2704.00	-0.26	-11.73
4400.00	2704.00	-0.11	-11.62
4432.00	2704.00	-0.12	-11.28
4464.00	2704.00	-0.19	-10.94
4496.00	2704.00	-0.16	-10.67
4528.00	2704.00	-0.04	-10.66
4560.00	2704.00	0.06	-10.70
4592.00	2704.00	0.07	-10.71
4624.00	2704.00	0.03	-10.86
4656.00	2704.00	-0.03	-11.08
4688.00	2704.00	-0.11	-11.37
4720.00	2704.00	-0.18	-11.60
4752.00	2704.00	-0.11	-11.71
4784.00	2704.00	0.12	-11.71
4816.00	2704.00	0.18	-11.62
4848.00	2704.00	0.02	-11.55
4880.00	2704.00	-0.31	-11.56
4912.00	2704.00	-0.43	-11.62
4944.00	2704.00	-0.40	-11.68
4976.00	2704.00	-0.37	-11.60
5008.00	2704.00	-0.38	-11.66
5040.00	2704.00	-0.35	-11.77
5072.00	2704.00	-0.22	-11.98
5104.00	2704.00	-0.12	-11.93
5136.00	2704.00	-0.12	-11.67
5168.00	2704.00	-0.06	-11.43
5200.00	2704.00	0.07	-11.45
5232.00	2704.00	0.17	-11.75
5264.00	2704.00	0.17	-11.97
5296.00	2704.00	0.19	-11.77
5328.00	2704.00	0.27	-11.43
5360.00	2704.00	0.19	-11.18
5392.00	2704.00	0.14	-11.21
5424.00	2704.00	0.22	-11.44
5456.00	2704.00	0.41	-11.59
5488.00	2704.00	0.49	-11.43
5520.00	2704.00	0.56	-10.99
5552.00	2704.00	0.62	-10.84
5584.00	2704.00	0.49	-10.94
5616.00	2704.00	0.03	-10.78
5648.00	2704.00	-0.20	-10.33
5680.00	2704.00	-0.19	-9.86
5712.00	2704.00	0.04	-9.74
5744.00	2704.00	0.03	-9.59
5776.00	2704.00	0.02	-9.25
5808.00	2704.00	-0.15	-8.18
5840.00	2704.00	-0.24	-6.89
5872.00	2704.00	-0.35	-6.22
5904.00	2704.00	-0.39	-6.25
5936.00	2704.00	-0.31	-6.07
5968.00	2704.00	-0.29	-5.21
6000.00	2704.00	-0.29	-4.17
6032.00	2704.00	-0.18	-2.83
6064.00	2704.00	0.09	-1.44
6096.00	2704.00	0.40	-0.50
6128.00	2704.00	0.43	-1.32
6160.00	2704.00	0.41	-2.80
6192.00	2704.00	0.49	-4.51
6224.00	2704.00	0.58	-5.73
6256.00	2704.00	0.63	-6.59
6288.00	2704.00	0.66	-6.79
6320.00	2704.00	0.83	-6.67
6352.00	2704.00	0.80	-6.97
6384.00	2704.00	0.65	-7.91
6416.00	2704.00	0.26	-9.06
6448.00	2704.00	0.20	-9.67
6480.00	2704.00	0.35	-9.81
6512.00	2704.00	0.60	-9.90
6544.00	2704.00	0.49	-10.25
6576.00	2704.00	0.37	-10.55
16.00	2736.00	0.14	-15.48
48.00	2736.00	0.17	-15.44
80.00	2736.00	0.29	-15.45
112.00	2736.00	0.42	-15.50
144.00	2736.00	0.41	-15.49
176.00	2736.00	0.33	-15.50
208.00	2736.00	0.22	-15.46
240.00	2736.00	0.17	-15.55
272.00	2736.00	0.11	-15.62
304.00	2736.00	0.13	-15.67
336.00	2736.00	0.22	-15.61
368.00	2736.00	0.27	-15.52
400.00	2736.00	0.25	-15.57
432.00	2736.00	0.29	-15.65
464.00	2736.00	0.39	-15.66
496.00	2736.00	0.45	-15.49
528.00	2736.00	0.35	-15.27
560.00	2736.00	0.26	-15.17
592.00	2736.00	0.22	-15.18
624.00	2736.00	0.23	-15.26
656.00	2736.00	0.22	-15.32
688.00	2736.00	0.15	-15.33
720.00	2736.00	0.09	-15.36
752.00	2736.00	0.06	-15.37
784.00	2736.00	0.16	-15.38
816.00	2736.00	0.34	-15.34
848.00	2736.00	0.51	-15.32
880.00	2736.00	0.55	-15.38
912.00	2736.00	0.48	-15.50
944.00	2736.00	0.35	-15.56
976.00	2736.00	0.27	-15.51
1008.00	2736.00	0.30	-15.35
1040.00	2736.00	0.41	-15.23
1072.00	2736.00	0.40	-15.21
1104.00	2736.00	0.32	-15.35
1136.00	2736.00	0.21	-15.52
1168.00	2736.00	0.19	-15.64
1200.00	2736.00	0.25	-15.61
1232.00	2736.00	0.28	-15.51
1264.00	2736.00	0.30	-15.45
1296.00	2736.00	0.24	-15.43
1328.00	2736.00	0.21	-15.43
1360.00	2736.00	0.25	-15.43
1392.00	2736.00	0.30	-15.40
1424.00	2736.00	0.31	-15.38
1456.00	2736.00	0.32	-15.44
1488.00	2736.00	0.38	-15.57
1520.00	2736.00	0.44	-15.63
1552.00	2736.00	0.39	-15.53
1584.00	2736.00	0.30	-15.39
1616.00	2736.00	0.33	-15.39
1648.00	2736.00	0.40	-15.47
1680.00	2736.00	0.40	-15.59
1712.00	2736.00	0.39	-15.66
1744.00	2736.00	0.41	-15.65
1776.00	2736.00	0.45	-15.56
1808.00	2736.00	0.40	-15.50
1840.00	2736.00	0.33	-15.57
1872.00	2736.00	0.34	-15.69
1904.00	2736.00	0.33	-15.76
1936.00	2736.00	0.32	-15.75
1968.00	2736.00	0.31	-15.74
2000.00	2736.00	0.40	-15.70
2032.00	2736.00	0.52	-15.68
2064.00	2736.00	0.59	-15.66
2096.00	2736.00	0.61	-15.69
2128.00	2736.00	0.61	-15.69
2160.00	2736.00	0.65	-15.68
2192.00	2736.00	0.65	-15.66
2224.00	2736.00	0.60	-15.65
2256.00	2736.00	0.54	-15.66
2288.00	2736.00	0.47	-15.69
2320.00	2736.00	0.53	-15.69
2352.00	2736.00	0.53	-15.74
2384.00	2736.00	0.56	-15.72
2416.00	2736.00	0.54	-15.60
2448.00	2736.00	0.54	-15.41
2480.00	2736.00	0.57	-15.22
2512.00	2736.00	0.59	-15.11
2544.00	2736.00	0.62	-15.10
2576.00	2736.00	0.62	-15.14
2608.00	2736.00	0.64	-15.14
2640.00	2736.00	0.70	-15.03
2672.00	2736.00	0.76	-14.95
2704.00	2736.00	0.79	-15.00
2736.00	2736.00	0.78	-15.14
2768.00	2736.00	0.80	-15.20
2800.00	2736.00	0.82	-15.12
2832.00	2736.00	0.90	-14.92
2864.00	2736.00	0.96	-14.75
2896.00	2736.00	1.00	-14.69
2928.00	2736.00	1.05	-14.73
2960.00	2736.00	1.05	-14.72
2992.00	2736.00	0.98	-14.56
3024.00	2736.00	0.91	-14.25
3056.00	2736.00	0.93	-13.96
3088.00	2736.00	0.97	-13.68
3120.00	2736.00	0.91	-13.37
3152.00	2736.00	0.78	-13.00
3184.00	2736.00	0.71	-12.69
3216.00	2736.00	0.73	-12.52
3248.00	2736.00	0.78	-12.42
3280.00	2736.00	0.72	-12.30
3312.00	2736.00	0.60	-12.19
3344.00	2736.00	0.51	-12.19
3376.00	2736.00	0.39	-12.27
3408.00	2736.00	0.25	-12.36
3440.00	2736.00	0.13	-12.43
3472.00	2736.00	0.14	-12.47
3504.00	2736.00	0.12	-12.48
3536.00	2736.00	0.22	-12.44
3568.00	2736.00	0.38	-12.36
3600.00	2736.00	0.38	-12.30
3632.00	2736.00	0.06	-12.25
3664.00	2736.00	-0.30	-12.25
3696.00	2736.00	-0.37	-12.22
3728.00	2736.00	-0.51	-12.23
3760.00	2736.00	-0.77	-12.20
3792.00	2736.00	-0.97	-12.24
3824.00	2736.00	-0.81	-12.35
3856.00	2736.00	-0.54	-12.57
3888.00	2736.00	-0.52	-12.79
3920.00	2736.00	-0.69	-12.98
3952.00	2736.00	-0.74	-13.11
3984.00	2736.00	-0.56	-13.18
4016.00	2736.00	-0.43	-13.15
4048.00	2736.00	-0.44	-13.05
4080.00	2736.00	-0.52	-12.96
4112.00	2736.00	-0.53	-12.96
4144.00	2736.00	-0.55	-12.98
4176.00	2736.00	-0.57	-12.98
4208.00	2736.00	-0.55	-12.83
4240.00	2736.00	-0.52	-12.59
4272.00	2736.00	-0.61	-12.44
4304.00	2736.00	-0.64	-12.24
4336.00	2736.00	-0.53	-12.01
4368.00	2736.00	-0.26	-11.72
4400.00	2736.00	-0.08	-11.58
4432.00	2736.00	-0.09	-11.34
4464.00	2736.00	-0.26	-11.10
4496.00	2736.00	-0.36	-10.90
4528.00	2736.00	-0.28	-10.85
4560.00	2736.00	-0.08	-10.82
4592.00	2736.00	-0.00	-10.82
4624.00	2736.00	-0.01	-10.99
4656.00	2736.00	-0.09	-11.22
4688.00	2736.00	-0.16	-11.42
4720.00	2736.00	-0.26	-11.60
4752.00	2736.00	-0.21	-11.70
4784.00	2736.00	-0.04	-11.70
4816.00	2736.00	-0.10	-11.64
4848.00	2736.00	-0.38	-11.63
4880.00	2736.00	-0.62	-11.65
4912.00	2736.00	-0.50	-11.65
4944.00	2736.00	-0.27	-11.61
4976.00	2736.00	-0.19	-11.47
5008.00	2736.00	-0.26	-11.55
5040.00	2736.00	-0.31	-11.61
5072.00	2736.00	-0.22	-11.72
5104.00	2736.00	-0.13	-11.55
5136.00	2736.00	-0.11	-11.35
5168.00	2736.00	-0.06	-11.34
5200.00	2736.00	0.11	-11.60
5232.00	2736.00	0.23	-12.00
5264.00	2736.00	0.19	-12.20
5296.00	2736.00	0.13	-11.89
5328.00	2736.00	0.13	-11.40
5360.00	2736.00	0.12	-11.00
5392.00	2736.00	0.14	-10.99
5424.00	2736.00	0.31	-11.21
5456.00	2736.00	0.52	-11.35
5488.00	2736.00	0.58	-11.39
5520.00	2736.00	0.66	-11.30
5552.00	2736.00	0.76	-11.33
5584.00	2736.00	0.66	-11.21
5616.00	2736.00	0.24	-10.65
5648.00	2736.00	-0.02	-10.05
5680.00	2736.00	-0.05	-9.62
5712.00	2736.00	0.04	-9.61
5744.00	2736.00	-0.07	-9.59
5776.00	2736.00	-0.02	-9.58
5808.00	2736.00	-0.05	-8.79
5840.00	2736.00	-0.06	-7.59
5872.00	2736.00	-0.17	-6.98
5904.00	2736.00	-0.12	-6.94
5936.00	2736.00	-0.10	-6.51
5968.00	2736.00	-0.10	-5.24
6000.00	2736.00	-0.19	-4.02
6032.00	2736.00	-0.07	-2.75
6064.00	2736.00	0.13	-1.44
6096.00	2736.00	0.36	-0.47
6128.00	2736.00	0.38	-1.22
6160.00	2736.00	0.37	-2.51
6192.00	2736.00	0.51	-4.05
6224.00	2736.00	0.57	-5.31
6256.00	2736.00	0.59	-6.42
6288.00	2736.00	0.51	-6.67
6320.00	2736.00	0.50	-6.67
6352.00	2736.00	0.37	-7.15
6384.00	2736.00	0.36	-8.43
6416.00	2736.00	0.31	-9.42
6448.00	2736.00	0.42	-9.80
6480.00	2736.00	0.53	-9.74
6512.00	2736.00	0.69	-9.77
6544.00	2736.00	0.58	-9.93
6576.00	2736.00	0.48	-10.09
16.00	2768.00	0.14	-15.45
48.00	2768.00	0.17	-15.43
80.00	2768.00	0.26	-15.43
112.00	2768.00	0.35	-15.47
144.00	2768.00	0.38	-15.46
176.00	2768.00	0.37	-15.50
208.00	2768.00	0.32	-15.52
240.00	2768.00	0.30	-15.64
272.00	2768.00	0.24	-15.68
304.00	2768.00	0.23	-15.63
336.00	2768.00	0.32	-15.49
368.00	2768.00	0.34	-15.40
400.00	2768.00	0.26	-15.48
432.00	2768.00	0.15	-15.61
464.00	2768.00	0.18	-15.69
496.00	2768.00	0.25	-15.60
528.00	2768.00	0.24	-15.44
560.00	2768.00	0.22	-15.30
592.00	2768.00	0.24	-15.24
624.00	2768.00	0.24	-15.27
656.00	2768.00	0.19	-15.34
688.00	2768.00	0.10	-15.36
720.00	2768.00	0.05	-15.39
752.00	2768.00	0.10	-15.41
784.00	2768.00	0.22	-15.43
816.00	2768.00	0.39	-15.39
848.00	2768.00	0.49	-15.33
880.00	2768.00	0.50	-15.35
912.00	2768.00	0.43	-15.49
944.00	2768.00	0.30	-15.59
976.00	2768.00	0.19	-15.57
1008.00	2768.00	0.20	-15.42
1040.00	2768.00	0.33	-15.31
1072.00	2768.00	0.39	-15.32
1104.00	2768.00	0.39	-15.43
1136.00	2768.00	0.38	-15.53
1168.00	2768.00	0.36	-15.59
1200.00	2768.00	0.37	-15.56
1232.00	2768.00	0.29	-15.49
1264.00	2768.00	0.29	-15.43
1296.00	2768.00	0.25	-15.41
1328.00	2768.00	0.27	-15.45
1360.00	2768.00	0.28	-15.47
1392.00	2768.00	0.30	-15.47
1424.00	2768.00	0.25	-15.46
1456.00	2768.00	0.25	-15.50
1488.00	2768.00	0.30	-15.53
1520.00	2768.00	0.36	-15.54
1552.00	2768.00	0.36	-15.50
1584.00	2768.00	0.34	-15.49
1616.00	2768.00	0.39	-15.53
1648.00	2768.00	0.48	-15.58
1680.00	2768.00	0.44	-15.65
1712.00	2768.00	0.36	-15.69
1744.00	2768.00	0.30	-15.66
1776.00	2768.00	0.33	-15.56
1808.00	2768.00	0.33	-15.48
1840.00	2768.00	0.29	-15.52
1872.00	2768.00	0.30	-15.62
1904.00	2768.00	0.27	-15.75
1936.00	2768.00	0.29	-15.83
1968.00	2768.00	0.33	-15.83
2000.00	2768.00	0.44	-15.71
2032.00	2768.00	0.54	-15.65
2064.00	2768.00	0.57	-15.64
2096.00	2768.00	0.60	-15.67
2128.00	2768.00	0.59	-15.66
2160.00	2768.00	0.64	-15.66
2192.00	2768.00	0.68	-15.69
2224.00	2768.00	0.60	-15.72
2256.00	2768.00	0.52	-15.73
2288.00	2768.00	0.44	-15.73
2320.00	2768.00	0.51	-15.71
2352.00	2768.00	0.51	-15.75
2384.00	2768.00	0.51	-15.68
2416.00	2768.00	0.52	-15.54
2448.00	2768.00	0.54	-15.33
2480.00	2768.00	0.57	-15.15
2512.00	2768.00	0.64	-15.09
2544.00	2768.00	0.68	-15.15
2576.00	2768.00	0.68	-15.24
2608.00	2768.00	0.63	-15.21
2640.00	2768.00	0.67	-15.14
2672.00	2768.00	0.77	-15.15
2704.00	2768.00	0.84	-15.23
2736.00	2768.00	0.86	-15.27
2768.00	2768.00	0.86	-15.20
2800.00	2768.00	0.88	-15.06
2832.00	2768.00	1.03	-14.87
2864.00	2768.00	1.22	-14.76
2896.00	2768.00	1.33	-14.72
2928.00	2768.00	1.29	-14.72
2960.00	2768.00	1.17	-14.60
2992.00	2768.00	1.09	-14.40
3024.00	2768.00	1.03	-14.11
3056.00	2768.00	0.97	-13.80
3088.00	2768.00	0.96	-13.58
3120.00	2768.00	0.88	-13.31
3152.00	2768.00	0.80	-13.03
3184.00	2768.00	0.73	-12.72
3216.00	2768.00	0.73	-12.57
3248.00	2768.00	0.75	-12.42
3280.00	2768.00	0.66	-12.22
3312.00	2768.00	0.50	-12.05
3344.00	2768.00	0.34	-12.05
3376.00	2768.00	0.20	-12.15
3408.00	2768.00	0.09	-12.27
3440.00	2768.00	0.01	-12.41
3472.00	2768.00	-0.04	-12.49
3504.00	2768.00	-0.17	-12.51
3536.00	2768.00	-0.12	-12.42
3568.00	2768.00	0.05	-12.31
3600.00	2768.00	0.07	-12.21
3632.00	2768.00	-0.26	-12.15
3664.00	2768.00	-0.54	-12.14
3696.00	2768.00	-0.54	-12.19
3728.00	2768.00	-0.59	-12.28
3760.00	2768.00	-0.93	-12.35
3792.00	2768.00	-1.23	-12.39
3824.00	2768.00	-1.09	-12.44
3856.00	2768.00	-0.76	-12.55
3888.00	2768.00	-0.70	-12.71
3920.00	2768.00	-0.86	-12.89
3952.00	2768.00	-0.88	-13.08
3984.00	2768.00	-0.60	-13.14
4016.00	2768.00	-0.45	-13.04
4048.00	2768.00	-0.49	-12.86
4080.00	2768.00	-0.59	-12.76
4112.00	2768.00	-0.56	-12.87
4144.00	2768.00	-0.54	-13.07
4176.00	2768.00	-0.60	-13.12
4208.00	2768.00	-0.63	-12.91
4240.00	2768.00	-0.61	-12.51
4272.00	2768.00	-0.67	-12.25
4304.00	2768.00	-0.71	-12.06
4336.00	2768.00	-0.67	-11.90
4368.00	2768.00	-0.45	-11.68
4400.00	2768.00	-0.18	-11.51
4432.00	2768.00	-0.07	-11.30
4464.00	2768.00	-0.21	-11.14
4496.00	2768.00	-0.42	-11.04
4528.00	2768.00	-0.42	-11.00
4560.00	2768.00	-0.31	-10.93
4592.00	2768.00	-0.27	-10.93
4624.00	2768.00	-0.29	-11.07
4656.00	2768.00	-0.23	-11.28
4688.00	2768.00	-0.22	-11.41
4720.00	2768.00	-0.28	-11.55
4752.00	2768.00	-0.30	-11.59
4784.00	2768.00	-0.28	-11.60
4816.00	2768.00	-0.44	-11.56
4848.00	2768.00	-0.73	-11.61
4880.00	2768.00	-0.86	-11.67
4912.00	2768.00	-0.68	-11.67
4944.00	2768.00	-0.36	-11.62
4976.00	2768.00	-0.22	-11.51
5008.00	2768.00	-0.27	-11.56
5040.00	2768.00	-0.33	-11.54
5072.00	2768.00	-0.30	-11.53
5104.00	2768.00	-0.22	-11.38
5136.00	2768.00	-0.19	-11.36
5168.00	2768.00	-0.07	-11.51
5200.00	2768.00	0.18	-11.82
5232.00	2768.00	0.33	-12.11
5264.00	2768.00	0.32	-12.33
5296.00	2768.00	0.28	-12.13
5328.00	2768.00	0.21	-11.68
5360.00	2768.00	0.23	-11.14
5392.00	2768.00	0.22	-10.97
5424.00	2768.00	0.40	-11.08
5456.00	2768.00	0.59	-11.24
5488.00	2768.00	0.67	-11.42
5520.00	2768.00	0.73	-11.63
5552.00	2768.00	0.75	-11.56
5584.00	2768.00	0.57	-10.88
5616.00	2768.00	0.21	-9.86
5648.00	2768.00	-0.01	-9.23
5680.00	2768.00	0.01	-9.15
5712.00	2768.00	0.02	-9.23
5744.00	2768.00	-0.10	-9.22
5776.00	2768.00	0.00	-9.41
5808.00	2768.00	0.05	-9.14
5840.00	2768.00	0.07	-8.45
5872.00	2768.00	-0.01	-8.05
5904.00	2768.00	0.09	-7.89
5936.00	2768.00	0.12	-7.12
5968.00	2768.00	0.06	-5.39
6000.00	2768.00	-0.13	-3.97
6032.00	2768.00	-0.04	-2.62
6064.00	2768.00	0.08	-1.45
6096.00	2768.00	0.24	-0.48
6128.00	2768.00	0.26	-1.25
6160.00	2768.00	0.34	-2.58
6192.00	2768.00	0.54	-4.22
6224.00	2768.00	0.51	-5.60
6256.00	2768.00	0.43	-6.77
6288.00	2768.00	0.25	-7.20
6320.00	2768.00	0.08	-7.17
6352.00	2768.00	-0.13	-7.60
6384.00	2768.00	0.05	-8.53
6416.00	2768.00	0.46	-9.30
6448.00	2768.00	0.76	-9.66
6480.00	2768.00	0.71	-9.60
6512.00	2768.00	0.60	-9.57
6544.00	2768.00	0.57	-9.56
6576.00	2768.00	0.55	-9.61
16.00	2800.00	0.13	-15.46
48.00	2800.00	0.14	-15.45
80.00	2800.00	0.19	-15.44
112.00	2800.00	0.25	-15.41
144.00	2800.00	0.30	-15.40
176.00	2800.00	0.32	-15.45
208.00	2800.00	0.32	-15.52
240.00	2800.00	0.32	-15.63
272.00	2800.00	0.26	-15.61
304.00	2800.00	0.24	-15.46
336.00	2800.00	0.32	-15.25
368.00	2800.00	0.33	-15.20
400.00	2800.00	0.21	-15.37
432.00	2800.00	0.07	-15.56
464.00	2800.00	0.06	-15.69
496.00	2800.00	0.12	-15.70
528.00	2800.00	0.15	-15.60
560.00	2800.00	0.18	-15.44
592.00	2800.00	0.25	-15.30
624.00	2800.00	0.28	-15.31
656.00	2800.00	0.24	-15.38
688.00	2800.00	0.14	-15.41
720.00	2800.00	0.08	-15.42
752.00	2800.00	0.10	-15.41
784.00	2800.00	0.19	-15.42
816.00	2800.00	0.32	-15.39
848.00	2800.00	0.38	-15.35
880.00	2800.00	0.45	-15.36
912.00	2800.00	0.44	-15.48
944.00	2800.00	0.36	-15.62
976.00	2800.00	0.26	-15.63
1008.00	2800.00	0.28	-15.52
1040.00	2800.00	0.37	-15.45
1072.00	2800.00	0.41	-15.49
1104.00	2800.00	0.44	-15.55
1136.00	2800.00	0.51	-15.53
1168.00	2800.00	0.53	-15.49
1200.00	2800.00	0.49	-15.45
1232.00	2800.00	0.36	-15.42
1264.00	2800.00	0.35	-15.39
1296.00	2800.00	0.32	-15.38
1328.00	2800.00	0.34	-15.42
1360.00	2800.00	0.30	-15.49
1392.00	2800.00	0.25	-15.51
1424.00	2800.00	0.19	-15.51
1456.00	2800.00	0.21	-15.50
1488.00	2800.00	0.23	-15.50
1520.00	2800.00	0.25	-15.51
1552.00	2800.00	0.22	-15.53
1584.00	2800.00	0.26	-15.61
1616.00	2800.00	0.36	-15.67
1648.00	2800.00	0.50	-15.69
1680.00	2800.00	0.46	-15.66
1712.00	2800.00	0.35	-15.66
1744.00	2800.00	0.25	-15.62
1776.00	2800.00	0.25	-15.60
1808.00	2800.00	0.30	-15.55
1840.00	2800.00	0.28	-15.49
1872.00	2800.00	0.31	-15.51
1904.00	2800.00	0.32	-15.68
1936.00	2800.00	0.40	-15.85
1968.00	2800.00	0.42	-15.86
2000.00	2800.00	0.46	-15.68
2032.00	2800.00	0.44	-15.62
2064.00	2800.00	0.43	-15.67
2096.00	2800.00	0.44	-15.71
2128.00	2800.00	0.45	-15.67
2160.00	2800.00	0.49	-15.67
2192.00	2800.00	0.53	-15.73
2224.00	2800.00	0.49	-15.73
2256.00	2800.00	0.44	-15.71
2288.00	2800.00	0.36	-15.62
2320.00	2800.00	0.42	-15.62
2352.00	2800.00	0.45	-15.64
2384.00	2800.00	0.45	-15.61
2416.00	2800.00	0.47	-15.51
2448.00	2800.00	0.47	-15.38
2480.00	2800.00	0.50	-15.31
2512.00	2800.00	0.61	-15.37
2544.00	2800.00	0.67	-15.40
2576.00	2800.00	0.64	-15.37
2608.00	2800.00	0.53	-15.24
2640.00	2800.00	0.61	-15.21
2672.00	2800.00	0.78	-15.35
2704.00	2800.00	0.94	-15.44
2736.00	2800.00	1.00	-15.40
2768.00	2800.00	1.02	-15.25
2800.00	2800.00	1.08	-15.07
2832.00	2800.00	1.27	-14.89
2864.00	2800.00	1.51	-14.76
2896.00	2800.00	1.67	-14.78
2928.00	2800.00	1.60	-14.77
2960.00	2800.00	1.46	-14.59
2992.00	2800.00	1.31	-14.30
3024.00	2800.00	1.21	-14.01
3056.00	2800.00	1.07	-13.72
3088.00	2800.00	0.95	-13.51
3120.00	2800.00	0.81	-13.21
3152.00	2800.00	0.72	-12.91
3184.00	2800.00	0.68	-12.65
3216.00	2800.00	0.67	-12.52
3248.00	2800.00	0.65	-12.37
3280.00	2800.00	0.57	-12.09
3312.00	2800.00	0.42	-11.90
3344.00	2800.00	0.22	-11.92
3376.00	2800.00	0.06	-12.07
3408.00	2800.00	-0.00	-12.19
3440.00	2800.00	-0.06	-12.35
3472.00	2800.00	-0.16	-12.46
3504.00	2800.00	-0.39	-12.50
3536.00	2800.00	-0.48	-12.41
3568.00	2800.00	-0.43	-12.30
3600.00	2800.00	-0.52	-12.20
3632.00	2800.00	-0.74	-12.09
3664.00	2800.00	-0.85	-12.06
3696.00	2800.00	-0.76	-12.18
3728.00	2800.00	-0.85	-12.41
3760.00	2800.00	-1.22	-12.56
3792.00	2800.00	-1.51	-12.55
3824.00	2800.00	-1.36	-12.49
3856.00	2800.00	-1.04	-12.49
3888.00	2800.00	-0.95	-12.58
3920.00	2800.00	-1.03	-12.74
3952.00	2800.00	-0.98	-12.98
3984.00	2800.00	-0.66	-13.06
4016.00	2800.00	-0.53	-12.96
4048.00	2800.00	-0.58	-12.75
4080.00	2800.00	-0.60	-12.67
4112.00	2800.00	-0.54	-12.82
4144.00	2800.00	-0.52	-13.05
4176.00	2800.00	-0.63	-13.13
4208.00	2800.00	-0.67	-12.88
4240.00	2800.00	-0.63	-12.45
4272.00	2800.00	-0.61	-12.16
4304.00	2800.00	-0.66	-12.00
4336.00	2800.00	-0.68	-11.88
4368.00	2800.00	-0.59	-11.69
4400.00	2800.00	-0.34	-11.50
4432.00	2800.00	-0.14	-11.29
4464.00	2800.00	-0.18	-11.16
4496.00	2800.00	-0.41	-11.12
4528.00	2800.00	-0.48	-11.10
4560.00	2800.00	-0.46	-11.03
4592.00	2800.00	-0.42	-11.03
4624.00	2800.00	-0.40	-11.14
4656.00	2800.00	-0.27	-11.31
4688.00	2800.00	-0.22	-11.39
4720.00	2800.00	-0.31	-11.43
4752.00	2800.00	-0.39	-11.44
4784.00	2800.00	-0.42	-11.42
4816.00	2800.00	-0.50	-11.43
4848.00	2800.00	-0.67	-11.51
4880.00	2800.00	-0.78	-11.60
4912.00	2800.00	-0.73	-11.63
4944.00	2800.00	-0.51	-11.61
4976.00	2800.00	-0.37	-11.58
5008.00	2800.00	-0.38	-11.61
5040.00	2800.00	-0.44	-11.58
5072.00	2800.00	-0.42	-11.53
5104.00	2800.00	-0.31	-11.50
5136.00	2800.00	-0.21	-11.63
5168.00	2800.00	-0.04	-11.78
5200.00	2800.00	0.22	-11.91
5232.00	2800.00	0.35	-12.01
5264.00	2800.00	0.33	-12.31
5296.00	2800.00	0.35	-12.33
5328.00	2800.00	0.25	-12.01
5360.00	2800.00	0.25	-11.48
5392.00	2800.00	0.18	-11.19
5424.00	2800.00	0.37	-11.17
5456.00	2800.00	0.61	-11.25
5488.00	2800.00	0.68	-11.49
5520.00	2800.00	0.70	-11.82
5552.00	2800.00	0.56	-11.54
5584.00	2800.00	0.30	-10.59
5616.00	2800.00	0.01	-9.22
5648.00	2800.00	-0.09	-8.68
5680.00	2800.00	-0.00	-8.69
5712.00	2800.00	0.01	-8.84
5744.00	2800.00	-0.07	-8.94
5776.00	2800.00	0.06	-9.35
5808.00	2800.00	0.10	-9.61
5840.00	2800.00	0.03	-9.13
5872.00	2800.00	-0.08	-8.62
5904.00	2800.00	0.12	-8.14
5936.00	2800.00	0.26	-7.29
5968.00	2800.00	0.25	-5.42
6000.00	2800.00	0.03	-3.87
6032.00	2800.00	0.07	-2.40
6064.00	2800.00	0.11	-1.37
6096.00	2800.00	0.18	-0.51
6128.00	2800.00	0.23	-1.65
6160.00	2800.00	0.34	-3.36
6192.00	2800.00	0.43	-5.24
6224.00	2800.00	0.35	-6.25
6256.00	2800.00	0.26	-7.16
6288.00	2800.00	0.18	-7.50
6320.00	2800.00	-0.05	-7.55
6352.00	2800.00	-0.33	-7.79
6384.00	2800.00	-0.01	-8.36
6416.00	2800.00	0.61	-8.93
6448.00	2800.00	1.11	-9.23
6480.00	2800.00	0.98	-9.10
6512.00	2800.00	0.78	-8.96
6544.00	2800.00	0.71	-8.96
6576.00	2800.00	0.70	-9.10
16.00	2832.00	0.28	-15.32
48.00	2832.00	0.27	-15.34
80.00	2832.00	0.25	-15.38
112.00	2832.00	0.28	-15.40
144.00	2832.00	0.28	-15.41
176.00	2832.00	0.28	-15.44
208.00	2832.00	0.25	-15.52
240.00	2832.00	0.22	-15.57
272.00	2832.00	0.18	-15.49
304.00	2832.00	0.18	-15.26
336.00	2832.00	0.26	-15.01
368.00	2832.00	0.31	-14.99
400.00	2832.00	0.25	-15.24
432.00	2832.00	0.14	-15.52
464.00	2832.00	0.09	-15.73
496.00	2832.00	0.12	-15.71
528.00	2832.00	0.18	-15.61
560.00	2832.00	0.24	-15.40
592.00	2832.00	0.32	-15.27
624.00	2832.00	0.36	-15.27
656.00	2832.00	0.35	-15.33
688.00	2832.00	0.26	-15.37
720.00	2832.00	0.14	-15.39
752.00	2832.00	0.11	-15.38
784.00	2832.00	0.14	-15.38
816.00	2832.00	0.22	-15.36
848.00	2832.00	0.27	-15.32
880.00	2832.00	0.37	-15.33
912.00	2832.00	0.40	-15.40
944.00	2832.00	0.38	-15.54
976.00	2832.00	0.33	-15.59
1008.00	2832.00	0.38	-15.55
1040.00	2832.00	0.45	-15.56
1072.00	2832.00	0.45	-15.62
1104.00	2832.00	0.44	-15.64
1136.00	2832.00	0.47	-15.53
1168.00	2832.00	0.52	-15.42
1200.00	2832.00	0.50	-15.38
1232.00	2832.00	0.39	-15.41
1264.00	2832.00	0.35	-15.42
1296.00	2832.00	0.30	-15.39
1328.00	2832.00	0.29	-15.37
1360.00	2832.00	0.23	-15.43
1392.00	2832.00	0.18	-15.51
1424.00	2832.00	0.17	-15.54
1456.00	2832.00	0.24	-15.52
1488.00	2832.00	0.24	-15.53
1520.00	2832.00	0.20	-15.57
1552.00	2832.00	0.13	-15.62
1584.00	2832.00	0.19	-15.66
1616.00	2832.00	0.28	-15.69
1648.00	2832.00	0.40	-15.73
1680.00	2832.00	0.41	-15.70
1712.00	2832.00	0.39	-15.71
1744.00	2832.00	0.31	-15.70
1776.00	2832.00	0.29	-15.73
1808.00	2832.00	0.31	-15.70
1840.00	2832.00	0.30	-15.58
1872.00	2832.00	0.35	-15.51
1904.00	2832.00	0.38	-15.64
1936.00	2832.00	0.45	-15.82
1968.00	2832.00	0.42	-15.83
2000.00	2832.00	0.36	-15.68
2032.00	2832.00	0.25	-15.63
2064.00	2832.00	0.23	-15.69
2096.00	2832.00	0.29	-15.74
2128.00	2832.00	0.35	-15.72
2160.00	2832.00	0.35	-15.71
2192.00	2832.00	0.33	-15.75
2224.00	2832.00	0.34	-15.72
2256.00	2832.00	0.36	-15.69
2288.00	2832.00	0.34	-15.59
2320.00	2832.00	0.39	-15.63
2352.00	2832.00	0.45	-15.70
2384.00	2832.00	0.46	-15.72
2416.00	2832.00	0.48	-15.64
2448.00	2832.00	0.48	-15.51
2480.00	2832.00	0.54	-15.44
2512.00	2832.00	0.64	-15.51
2544.00	2832.00	0.67	-15.54
2576.00	2832.00	0.61	-15.45
2608.00	2832.00	0.46	-15.26
2640.00	2832.00	0.54	-15.25
2672.00	2832.00	0.77	-15.45
2704.00	2832.00	0.98	-15.57
2736.00	2832.00	1.06	-15.47
2768.00	2832.00	1.14	-15.36
2800.00	2832.00	1.27	-15.20
2832.00	2832.00	1.47	-14.99
2864.00	2832.00	1.70	-14.78
2896.00	2832.00	1.84	-14.73
2928.00	2832.00	1.79	-14.70
2960.00	2832.00	1.64	-14.46
2992.00	2832.00	1.44	-14.08
3024.00	2832.00	1.30	-13.78
3056.00	2832.00	1.09	-13.53
3088.00	2832.00	0.90	-13.27
3120.00	2832.00	0.71	-12.90
3152.00	2832.00	0.62	-12.55
3184.00	2832.00	0.61	-12.34
3216.00	2832.00	0.58	-12.28
3248.00	2832.00	0.50	-12.19
3280.00	2832.00	0.43	-11.97
3312.00	2832.00	0.36	-11.82
3344.00	2832.00	0.21	-11.88
3376.00	2832.00	0.05	-12.06
3408.00	2832.00	0.03	-12.18
3440.00	2832.00	-0.00	-12.30
3472.00	2832.00	-0.16	-12.40
3504.00	2832.00	-0.43	-12.45
3536.00	2832.00	-0.58	-12.41
3568.00	2832.00	-0.68	-12.39
3600.00	2832.00	-0.93	-12.36
3632.00	2832.00	-1.16	-12.24
3664.00	2832.00	-1.12	-12.14
3696.00	2832.00	-0.98	-12.26
3728.00	2832.00	-1.05	-12.49
3760.00	2832.00	-1.38	-12.54
3792.00	2832.00	-1.60	-12.43
3824.00	2832.00	-1.44	-12.37
3856.00	2832.00	-1.19	-12.44
3888.00	2832.00	-1.07	-12.53
3920.00	2832.00	-1.06	-12.64
3952.00	2832.00	-0.93	-12.87
3984.00	2832.00	-0.68	-12.98
4016.00	2832.00	-0.62	-12.93
4048.00	2832.00	-0.70	-12.77
4080.00	2832.00	-0.70	-12.70
4112.00	2832.00	-0.61	-12.79
4144.00	2832.00	-0.56	-12.94
4176.00	2832.00	-0.59	-13.00
4208.00	2832.00	-0.62	-12.78
4240.00	2832.00	-0.61	-12.44
4272.00	2832.00	-0.61	-12.20
4304.00	2832.00	-0.70	-12.08
4336.00	2832.00	-0.76	-11.93
4368.00	2832.00	-0.77	-11.68
4400.00	2832.00	-0.56	-11.44
4432.00	2832.00	-0.35	-11.30
4464.00	2832.00	-0.31	-11.24
4496.00	2832.00	-0.50	-11.22
4528.00	2832.00	-0.56	-11.18
4560.00	2832.00	-0.56	-11.11
4592.00	2832.00	-0.43	-11.09
4624.00	2832.00	-0.40	-11.14
4656.00	2832.00	-0.29	-11.26
4688.00	2832.00	-0.32	-11.31
4720.00	2832.00	-0.46	-11.32
4752.00	2832.00	-0.57	-11.30
4784.00	2832.00	-0.54	-11.35
4816.00	2832.00	-0.41	-11.39
4848.00	2832.00	-0.43	-11.46
4880.00	2832.00	-0.59	-11.49
4912.00	2832.00	-0.77	-11.53
4944.00	2832.00	-0.66	-11.57
4976.00	2832.00	-0.54	-11.62
5008.00	2832.00	-0.52	-11.68
5040.00	2832.00	-0.57	-11.73
5072.00	2832.00	-0.45	-11.76
5104.00	2832.00	-0.23	-11.81
5136.00	2832.00	-0.07	-11.88
5168.00	2832.00	0.08	-11.91
5200.00	2832.00	0.28	-11.92
5232.00	2832.00	0.36	-11.91
5264.00	2832.00	0.34	-12.11
5296.00	2832.00	0.35	-12.23
5328.00	2832.00	0.20	-12.09
5360.00	2832.00	0.13	-11.77
5392.00	2832.00	0.15	-11.50
5424.00	2832.00	0.39	-11.41
5456.00	2832.00	0.59	-11.37
5488.00	2832.00	0.53	-11.31
5520.00	2832.00	0.45	-11.40
5552.00	2832.00	0.30	-11.12
5584.00	2832.00	0.13	-10.54
5616.00	2832.00	-0.02	-9.49
5648.00	2832.00	-0.06	-8.89
5680.00	2832.00	-0.01	-8.65
5712.00	2832.00	-0.00	-8.63
5744.00	2832.00	-0.02	-8.63
5776.00	2832.00	0.12	-9.08
5808.00	2832.00	0.14	-9.54
5840.00	2832.00	0.01	-9.24
5872.00	2832.00	-0.15	-8.48
5904.00	2832.00	-0.07	-7.57
5936.00	2832.00	0.09	-6.62
5968.00	2832.00	0.19	-4.99
6000.00	2832.00	0.10	-3.89
6032.00	2832.00	0.22	-2.48
6064.00	2832.00	0.25	-1.49
6096.00	2832.00	0.33	-0.52
6128.00	2832.00	0.32	-2.15
6160.00	2832.00	0.31	-4.18
6192.00	2832.00	0.30	-6.15
6224.00	2832.00	0.27	-6.59
6256.00	2832.00	0.31	-7.03
6288.00	2832.00	0.33	-7.38
6320.00	2832.00	0.04	-7.61
6352.00	2832.00	-0.32	-8.07
6384.00	2832.00	-0.10	-8.63
6416.00	2832.00	0.52	-9.19
6448.00	2832.00	1.15	-9.34
6480.00	2832.00	1.12	-9.00
6512.00	2832.00	0.92	-8.79
6544.00	2832.00	0.77	-8.97
6576.00	2832.00	0.75	-9.23
16.00	2864.00	0.43	-15.23
48.00	2864.00	0.42	-15.27
80.00	2864.00	0.35	-15.35
112.00	2864.00	0.31	-15.42
144.00	2864.00	0.27	-15.44
176.00	2864.00	0.26	-15.44
208.00	2864.00	0.22	-15.45
240.00	2864.00	0.18	-15.43
272.00	2864.00	0.15	-15.35
304.00	2864.00	0.18	-15.20
336.00	2864.00	0.25	-15.01
368.00	2864.00	0.30	-14.97
400.00	2864.00	0.30	-15.19
432.00	2864.00	0.28	-15.43
464.00	2864.00	0.25	-15.60
496.00	2864.00	0.22	-15.54
528.00	2864.00	0.25	-15.46
560.00	2864.00	0.32	-15.29
592.00	2864.00	0.39	-15.19
624.00	2864.00	0.44	-15.18
656.00	2864.00	0.44	-15.25
688.00	2864.00	0.35	-15.31
720.00	2864.00	0.20	-15.38
752.00	2864.00	0.11	-15.35
784.00	2864.00	0.11	-15.32
816.00	2864.00	0.21	-15.30
848.00	2864.00	0.29	-15.28
880.00	2864.00	0.37	-15.32
912.00	2864.00	0.35	-15.42
944.00	2864.00	0.34	-15.59
976.00	2864.00	0.35	-15.69
1008.00	2864.00	0.43	-15.67
1040.00	2864.00	0.47	-15.67
1072.00	2864.00	0.46	-15.70
1104.00	2864.00	0.42	-15.65
1136.00	2864.00	0.42	-15.49
1168.00	2864.00	0.46	-15.35
1200.00	2864.00	0.49	-15.36
1232.00	2864.00	0.44	-15.46
1264.00	2864.00	0.35	-15.52
1296.00	2864.00	0.28	-15.47
1328.00	2864.00	0.24	-15.41
1360.00	2864.00	0.21	-15.43
1392.00	2864.00	0.13	-15.52
1424.00	2864.00	0.15	-15.57
1456.00	2864.00	0.25	-15.56
1488.00	2864.00	0.26	-15.62
1520.00	2864.00	0.20	-15.68
1552.00	2864.00	0.09	-15.71
1584.00	2864.00	0.14	-15.69
1616.00	2864.00	0.20	-15.68
1648.00	2864.00	0.28	-15.72
1680.00	2864.00	0.31	-15.71
1712.00	2864.00	0.37	-15.76
1744.00	2864.00	0.36	-15.76
1776.00	2864.00	0.34	-15.80
1808.00	2864.00	0.32	-15.74
1840.00	2864.00	0.33	-15.62
1872.00	2864.00	0.39	-15.55
1904.00	2864.00	0.42	-15.64
1936.00	2864.00	0.46	-15.76
1968.00	2864.00	0.38	-15.77
2000.00	2864.00	0.28	-15.68
2032.00	2864.00	0.17	-15.67
2064.00	2864.00	0.17	-15.74
2096.00	2864.00	0.27	-15.84
2128.00	2864.00	0.35	-15.87
2160.00	2864.00	0.31	-15.86
2192.00	2864.00	0.22	-15.84
2224.00	2864.00	0.23	-15.77
2256.00	2864.00	0.30	-15.72
2288.00	2864.00	0.36	-15.64
2320.00	2864.00	0.50	-15.68
2352.00	2864.00	0.58	-15.76
2384.00	2864.00	0.58	-15.79
2416.00	2864.00	0.50	-15.68
2448.00	2864.00	0.54	-15.53
2480.00	2864.00	0.63	-15.40
2512.00	2864.00	0.70	-15.43
2544.00	2864.00	0.71	-15.52
2576.00	2864.00	0.65	-15.45
2608.00	2864.00	0.53	-15.36
2640.00	2864.00	0.58	-15.36
2672.00	2864.00	0.73	-15.56
2704.00	2864.00	0.88	-15.65
2736.00	2864.00	0.93	-15.53
2768.00	2864.00	1.08	-15.47
2800.00	2864.00	1.33	-15.36
2832.00	2864.00	1.53	-15.11
2864.00	2864.00	1.72	-14.77
2896.00	2864.00	1.81	-14.62
2928.00	2864.00	1.80	-14.55
2960.00	2864.00	1.68	-14.36
2992.00	2864.00	1.47	-14.01
3024.00	2864.00	1.30	-13.73
3056.00	2864.00	1.08	-13.49
3088.00	2864.00	0.85	-13.16
3120.00	2864.00	0.68	-12.73
3152.00	2864.00	0.63	-12.36
3184.00	2864.00	0.62	-12.16
3216.00	2864.00	0.51	-12.08
3248.00	2864.00	0.35	-12.08
3280.00	2864.00	0.31	-11.99
3312.00	2864.00	0.34	-11.93
3344.00	2864.00	0.28	-11.94
3376.00	2864.00	0.12	-12.13
3408.00	2864.00	0.08	-12.28
3440.00	2864.00	0.08	-12.38
3472.00	2864.00	-0.06	-12.41
3504.00	2864.00	-0.37	-12.42
3536.00	2864.00	-0.61	-12.39
3568.00	2864.00	-0.83	-12.39
3600.00	2864.00	-1.12	-12.39
3632.00	2864.00	-1.27	-12.28
3664.00	2864.00	-1.23	-12.20
3696.00	2864.00	-1.11	-12.28
3728.00	2864.00	-1.22	-12.46
3760.00	2864.00	-1.36	-12.41
3792.00	2864.00	-1.43	-12.28
3824.00	2864.00	-1.22	-12.25
3856.00	2864.00	-1.11	-12.40
3888.00	2864.00	-1.04	-12.50
3920.00	2864.00	-1.04	-12.58
3952.00	2864.00	-0.88	-12.76
3984.00	2864.00	-0.71	-12.88
4016.00	2864.00	-0.71	-12.87
4048.00	2864.00	-0.81	-12.78
4080.00	2864.00	-0.79	-12.73
4112.00	2864.00	-0.73	-12.78
4144.00	2864.00	-0.67	-12.81
4176.00	2864.00	-0.64	-12.79
4208.00	2864.00	-0.65	-12.60
4240.00	2864.00	-0.68	-12.38
4272.00	2864.00	-0.71	-12.26
4304.00	2864.00	-0.81	-12.18
4336.00	2864.00	-0.87	-12.00
4368.00	2864.00	-0.92	-11.69
4400.00	2864.00	-0.76	-11.44
4432.00	2864.00	-0.61	-11.36
4464.00	2864.00	-0.52	-11.32
4496.00	2864.00	-0.61	-11.34
4528.00	2864.00	-0.55	-11.27
4560.00	2864.00	-0.46	-11.23
4592.00	2864.00	-0.33	-11.18
4624.00	2864.00	-0.38	-11.21
4656.00	2864.00	-0.45	-11.27
4688.00	2864.00	-0.54	-11.29
4720.00	2864.00	-0.68	-11.27
4752.00	2864.00	-0.76	-11.28
4784.00	2864.00	-0.67	-11.39
4816.00	2864.00	-0.49	-11.44
4848.00	2864.00	-0.50	-11.49
4880.00	2864.00	-0.64	-11.46
4912.00	2864.00	-0.74	-11.48
4944.00	2864.00	-0.59	-11.51
4976.00	2864.00	-0.50	-11.60
5008.00	2864.00	-0.54	-11.69
5040.00	2864.00	-0.56	-11.83
5072.00	2864.00	-0.36	-11.97
5104.00	2864.00	-0.04	-12.11
5136.00	2864.00	0.09	-12.08
5168.00	2864.00	0.16	-12.02
5200.00	2864.00	0.24	-11.96
5232.00	2864.00	0.31	-11.89
5264.00	2864.00	0.26	-11.86
5296.00	2864.00	0.22	-11.87
5328.00	2864.00	0.09	-11.83
5360.00	2864.00	0.04	-11.78
5392.00	2864.00	0.17	-11.68
5424.00	2864.00	0.42	-11.62
5456.00	2864.00	0.54	-11.52
5488.00	2864.00	0.40	-11.31
5520.00	2864.00	0.25	-11.17
5552.00	2864.00	0.21	-11.01
5584.00	2864.00	0.23	-10.95
5616.00	2864.00	0.23	-10.41
5648.00	2864.00	0.15	-9.67
5680.00	2864.00	0.03	-8.93
5712.00	2864.00	-0.03	-8.64
5744.00	2864.00	-0.02	-8.61
5776.00	2864.00	0.11	-9.09
5808.00	2864.00	0.08	-9.39
5840.00	2864.00	-0.03	-9.07
5872.00	2864.00	-0.15	-8.12
5904.00	2864.00	-0.08	-7.09
5936.00	2864.00	0.00	-6.03
5968.00	2864.00	0.09	-4.61
6000.00	2864.00	0.10	-3.64
6032.00	2864.00	0.30	-2.36
6064.00	2864.00	0.37	-1.34
6096.00	2864.00	0.44	-0.52
6128.00	2864.00	0.38	-2.18
6160.00	2864.00	0.32	-4.34
6192.00	2864.00	0.26	-6.24
6224.00	2864.00	0.26	-6.71
6256.00	2864.00	0.37	-7.21
6288.00	2864.00	0.29	-7.30
6320.00	2864.00	0.08	-7.61
6352.00	2864.00	-0.21	-8.07
6384.00	2864.00	0.04	-9.19
6416.00	2864.00	0.36	-9.74
6448.00	2864.00	0.81	-9.61
6480.00	2864.00	0.85	-8.92
6512.00	2864.00	0.81	-8.90
6544.00	2864.00	0.64	-9.33
6576.00	2864.00	0.58	-9.87
16.00	2896.00	0.41	-15.14
48.00	2896.00	0.38	-15.20
80.00	2896.00	0.32	-15.31
112.00	2896.00	0.29	-15.42
144.00	2896.00	0.27	-15.45
176.00	2896.00	0.28	-15.40
208.00	2896.00	0.29	-15.35
240.00	2896.00	0.28	-15.34
272.00	2896.00	0.29	-15.30
304.00	2896.00	0.29	-15.24
336.00	2896.00	0.32	-15.11
368.00	2896.00	0.30	-15.08
400.00	2896.00	0.32	-15.21
432.00	2896.00	0.32	-15.33
464.00	2896.00	0.30	-15.42
496.00	2896.00	0.24	-15.34
528.00	2896.00	0.24	-15.31
560.00	2896.00	0.31	-15.23
592.00	2896.00	0.39	-15.19
624.00	2896.00	0.45	-15.21
656.00	2896.00	0.45	-15.31
688.00	2896.00	0.36	-15.39
720.00	2896.00	0.22	-15.43
752.00	2896.00	0.13	-15.39
784.00	2896.00	0.16	-15.32
816.00	2896.00	0.30	-15.29
848.00	2896.00	0.38	-15.26
880.00	2896.00	0.37	-15.30
912.00	2896.00	0.25	-15.42
944.00	2896.00	0.22	-15.60
976.00	2896.00	0.29	-15.76
1008.00	2896.00	0.37	-15.76
1040.00	2896.00	0.39	-15.72
1072.00	2896.00	0.33	-15.69
1104.00	2896.00	0.30	-15.61
1136.00	2896.00	0.34	-15.47
1168.00	2896.00	0.41	-15.33
1200.00	2896.00	0.46	-15.36
1232.00	2896.00	0.42	-15.52
1264.00	2896.00	0.33	-15.60
1296.00	2896.00	0.26	-15.55
1328.00	2896.00	0.18	-15.49
1360.00	2896.00	0.19	-15.48
1392.00	2896.00	0.16	-15.54
1424.00	2896.00	0.22	-15.57
1456.00	2896.00	0.30	-15.59
1488.00	2896.00	0.30	-15.67
1520.00	2896.00	0.24	-15.74
1552.00	2896.00	0.12	-15.75
1584.00	2896.00	0.14	-15.68
1616.00	2896.00	0.18	-15.63
1648.00	2896.00	0.19	-15.68
1680.00	2896.00	0.20	-15.74
1712.00	2896.00	0.29	-15.84
1744.00	2896.00	0.35	-15.85
1776.00	2896.00	0.34	-15.81
1808.00	2896.00	0.33	-15.70
1840.00	2896.00	0.37	-15.62
1872.00	2896.00	0.42	-15.61
1904.00	2896.00	0.39	-15.65
1936.00	2896.00	0.36	-15.69
1968.00	2896.00	0.31	-15.72
2000.00	2896.00	0.27	-15.70
2032.00	2896.00	0.22	-15.71
2064.00	2896.00	0.23	-15.76
2096.00	2896.00	0.36	-15.89
2128.00	2896.00	0.40	-15.95
2160.00	2896.00	0.34	-15.95
2192.00	2896.00	0.20	-15.90
2224.00	2896.00	0.19	-15.85
2256.00	2896.00	0.26	-15.79
2288.00	2896.00	0.41	-15.81
2320.00	2896.00	0.63	-15.85
2352.00	2896.00	0.73	-15.91
2384.00	2896.00	0.64	-15.86
2416.00	2896.00	0.53	-15.72
2448.00	2896.00	0.64	-15.53
2480.00	2896.00	0.75	-15.34
2512.00	2896.00	0.77	-15.27
2544.00	2896.00	0.69	-15.38
2576.00	2896.00	0.65	-15.42
2608.00	2896.00	0.62	-15.49
2640.00	2896.00	0.68	-15.54
2672.00	2896.00	0.77	-15.68
2704.00	2896.00	0.81	-15.75
2736.00	2896.00	0.80	-15.64
2768.00	2896.00	0.97	-15.55
2800.00	2896.00	1.28	-15.42
2832.00	2896.00	1.55	-15.17
2864.00	2896.00	1.73	-14.83
2896.00	2896.00	1.77	-14.59
2928.00	2896.00	1.72	-14.46
2960.00	2896.00	1.58	-14.25
2992.00	2896.00	1.45	-13.96
3024.00	2896.00	1.35	-13.70
3056.00	2896.00	1.17	-13.49
3088.00	2896.00	0.90	-13.18
3120.00	2896.00	0.73	-12.79
3152.00	2896.00	0.69	-12.45
3184.00	2896.00	0.65	-12.19
3216.00	2896.00	0.47	-11.99
3248.00	2896.00	0.27	-11.92
3280.00	2896.00	0.26	-11.91
3312.00	2896.00	0.34	-11.94
3344.00	2896.00	0.32	-11.97
3376.00	2896.00	0.12	-12.16
3408.00	2896.00	0.03	-12.35
3440.00	2896.00	0.02	-12.48
3472.00	2896.00	-0.08	-12.46
3504.00	2896.00	-0.45	-12.46
3536.00	2896.00	-0.80	-12.39
3568.00	2896.00	-1.12	-12.39
3600.00	2896.00	-1.19	-12.36
3632.00	2896.00	-1.25	-12.30
3664.00	2896.00	-1.22	-12.23
3696.00	2896.00	-1.29	-12.28
3728.00	2896.00	-1.37	-12.39
3760.00	2896.00	-1.38	-12.33
3792.00	2896.00	-1.22	-12.22
3824.00	2896.00	-0.96	-12.21
3856.00	2896.00	-0.88	-12.38
3888.00	2896.00	-0.95	-12.50
3920.00	2896.00	-0.96	-12.61
3952.00	2896.00	-0.82	-12.73
3984.00	2896.00	-0.77	-12.80
4016.00	2896.00	-0.90	-12.75
4048.00	2896.00	-1.00	-12.70
4080.00	2896.00	-0.99	-12.71
4112.00	2896.00	-0.94	-12.78
4144.00	2896.00	-0.89	-12.73
4176.00	2896.00	-0.83	-12.61
4208.00	2896.00	-0.80	-12.45
4240.00	2896.00	-0.81	-12.39
4272.00	2896.00	-0.85	-12.35
4304.00	2896.00	-0.93	-12.25
4336.00	2896.00	-0.98	-11.95
4368.00	2896.00	-1.01	-11.66
4400.00	2896.00	-0.91	-11.43
4432.00	2896.00	-0.80	-11.39
4464.00	2896.00	-0.66	-11.36
4496.00	2896.00	-0.60	-11.38
4528.00	2896.00	-0.43	-11.33
4560.00	2896.00	-0.35	-11.29
4592.00	2896.00	-0.27	-11.24
4624.00	2896.00	-0.37	-11.28
4656.00	2896.00	-0.53	-11.34
4688.00	2896.00	-0.71	-11.32
4720.00	2896.00	-0.85	-11.28
4752.00	2896.00	-0.93	-11.32
4784.00	2896.00	-0.81	-11.52
4816.00	2896.00	-0.65	-11.59
4848.00	2896.00	-0.65	-11.59
4880.00	2896.00	-0.71	-11.47
4912.00	2896.00	-0.69	-11.46
4944.00	2896.00	-0.51	-11.51
4976.00	2896.00	-0.44	-11.60
5008.00	2896.00	-0.45	-11.67
5040.00	2896.00	-0.37	-11.84
5072.00	2896.00	-0.16	-12.05
5104.00	2896.00	0.09	-12.24
5136.00	2896.00	0.13	-12.20
5168.00	2896.00	0.14	-12.16
5200.00	2896.00	0.17	-12.15
5232.00	2896.00	0.26	-12.05
5264.00	2896.00	0.29	-11.83
5296.00	2896.00	0.23	-11.73
5328.00	2896.00	0.13	-11.75
5360.00	2896.00	0.08	-11.81
5392.00	2896.00	0.33	-11.73
5424.00	2896.00	0.52	-11.64
5456.00	2896.00	0.50	-11.49
5488.00	2896.00	0.22	-11.20
5520.00	2896.00	0.07	-11.01
5552.00	2896.00	0.21	-11.18
5584.00	2896.00	0.39	-11.49
5616.00	2896.00	0.43	-11.22
5648.00	2896.00	0.24	-10.16
5680.00	2896.00	0.01	-9.20
5712.00	2896.00	-0.10	-8.89
5744.00	2896.00	-0.06	-9.03
5776.00	2896.00	0.04	-9.34
5808.00	2896.00	0.00	-9.18
5840.00	2896.00	-0.04	-8.78
5872.00	2896.00	-0.07	-7.92
5904.00	2896.00	0.01	-6.95
5936.00	2896.00	-0.00	-5.69
5968.00	2896.00	0.01	-4.25
6000.00	2896.00	0.08	-3.32
6032.00	2896.00	0.29	-2.19
6064.00	2896.00	0.34	-1.13
6096.00	2896.00	0.36	-0.42
6128.00	2896.00	0.32	-1.53
6160.00	2896.00	0.36	-3.26
6192.00	2896.00	0.45	-4.97
6224.00	2896.00	0.48	-6.03
6256.00	2896.00	0.53	-7.06
6288.00	2896.00	0.36	-7.57
6320.00	2896.00	0.17	-7.98
6352.00	2896.00	-0.10	-8.41
6384.00	2896.00	0.01	-9.39
6416.00	2896.00	0.11	-9.84
6448.00	2896.00	0.29	-9.85
6480.00	2896.00	0.34	-9.43
6512.00	2896.00	0.41	-9.77
6544.00	2896.00	0.41	-10.27
6576.00	2896.00	0.38	-10.80
16.00	2928.00	0.12	-15.19
48.00	2928.00	0.12	-15.25
80.00	2928.00	0.18	-15.37
112.00	2928.00	0.26	-15.47
144.00	2928.00	0.28	-15.46
176.00	2928.00	0.31	-15.34
208.00	2928.00	0.38	-15.26
240.00	2928.00	0.42	-15.27
272.00	2928.00	0.48	-15.29
304.00	2928.00	0.42	-15.29
336.00	2928.00	0.38	-15.25
368.00	2928.00	0.26	-15.26
400.00	2928.00	0.27	-15.31
432.00	2928.00	0.27	-15.30
464.00	2928.00	0.26	-15.29
496.00	2928.00	0.18	-15.24
528.00	2928.00	0.20	-15.23
560.00	2928.00	0.29	-15.25
592.00	2928.00	0.37	-15.28
624.00	2928.00	0.42	-15.36
656.00	2928.00	0.41	-15.47
688.00	2928.00	0.33	-15.53
720.00	2928.00	0.22	-15.53
752.00	2928.00	0.17	-15.44
784.00	2928.00	0.22	-15.31
816.00	2928.00	0.39	-15.21
848.00	2928.00	0.42	-15.16
880.00	2928.00	0.36	-15.19
912.00	2928.00	0.21	-15.36
944.00	2928.00	0.15	-15.57
976.00	2928.00	0.23	-15.76
1008.00	2928.00	0.30	-15.79
1040.00	2928.00	0.32	-15.71
1072.00	2928.00	0.27	-15.66
1104.00	2928.00	0.27	-15.55
1136.00	2928.00	0.34	-15.42
1168.00	2928.00	0.39	-15.31
1200.00	2928.00	0.42	-15.38
1232.00	2928.00	0.37	-15.53
1264.00	2928.00	0.33	-15.60
1296.00	2928.00	0.28	-15.55
1328.00	2928.00	0.18	-15.50
1360.00	2928.00	0.18	-15.46
1392.00	2928.00	0.22	-15.51
1424.00	2928.00	0.33	-15.55
1456.00	2928.00	0.37	-15.61
1488.00	2928.00	0.33	-15.67
1520.00	2928.00	0.25	-15.72
1552.00	2928.00	0.14	-15.72
1584.00	2928.00	0.15	-15.69
1616.00	2928.00	0.21	-15.62
1648.00	2928.00	0.21	-15.62
1680.00	2928.00	0.19	-15.65
1712.00	2928.00	0.25	-15.77
1744.00	2928.00	0.28	-15.79
1776.00	2928.00	0.27	-15.67
1808.00	2928.00	0.28	-15.53
1840.00	2928.00	0.37	-15.53
1872.00	2928.00	0.39	-15.62
1904.00	2928.00	0.28	-15.64
1936.00	2928.00	0.22	-15.62
1968.00	2928.00	0.20	-15.65
2000.00	2928.00	0.22	-15.69
2032.00	2928.00	0.17	-15.71
2064.00	2928.00	0.17	-15.78
2096.00	2928.00	0.28	-15.87
2128.00	2928.00	0.37	-15.92
2160.00	2928.00	0.33	-15.93
2192.00	2928.00	0.22	-15.91
2224.00	2928.00	0.18	-15.88
2256.00	2928.00	0.28	-15.79
2288.00	2928.00	0.47	-15.84
2320.00	2928.00	0.71	-15.92
2352.00	2928.00	0.77	-15.96
2384.00	2928.00	0.66	-15.85
2416.00	2928.00	0.56	-15.66
2448.00	2928.00	0.61	-15.52
2480.00	2928.00	0.64	-15.41
2512.00	2928.00	0.64	-15.31
2544.00	2928.00	0.68	-15.35
2576.00	2928.00	0.79	-15.42
2608.00	2928.00	0.88	-15.58
2640.00	2928.00	0.93	-15.62
2672.00	2928.00	0.94	-15.78
2704.00	2928.00	0.91	-15.91
2736.00	2928.00	0.87	-15.86
2768.00	2928.00	1.03	-15.64
2800.00	2928.00	1.36	-15.37
2832.00	2928.00	1.67	-15.14
2864.00	2928.00	1.80	-14.93
2896.00	2928.00	1.74	-14.76
2928.00	2928.00	1.64	-14.57
2960.00	2928.00	1.50	-14.28
2992.00	2928.00	1.50	-13.95
3024.00	2928.00	1.47	-13.68
3056.00	2928.00	1.33	-13.50
3088.00	2928.00	1.07	-13.26
3120.00	2928.00	0.89	-12.95
3152.00	2928.00	0.82	-12.61
3184.00	2928.00	0.67	-12.28
3216.00	2928.00	0.44	-11.96
3248.00	2928.00	0.30	-11.77
3280.00	2928.00	0.30	-11.74
3312.00	2928.00	0.35	-11.83
3344.00	2928.00	0.26	-11.96
3376.00	2928.00	0.04	-12.17
3408.00	2928.00	-0.12	-12.34
3440.00	2928.00	-0.18	-12.44
3472.00	2928.00	-0.23	-12.35
3504.00	2928.00	-0.51	-12.32
3536.00	2928.00	-0.93	-12.28
3568.00	2928.00	-1.35	-12.28
3600.00	2928.00	-1.35	-12.21
3632.00	2928.00	-1.25	-12.13
3664.00	2928.00	-1.20	-12.08
3696.00	2928.00	-1.36	-12.16
3728.00	2928.00	-1.44	-12.29
3760.00	2928.00	-1.41	-12.35
3792.00	2928.00	-1.11	-12.32
3824.00	2928.00	-0.85	-12.26
3856.00	2928.00	-0.81	-12.31
3888.00	2928.00	-0.98	-12.40
3920.00	2928.00	-1.07	-12.49
3952.00	2928.00	-0.97	-12.58
3984.00	2928.00	-0.94	-12.60
4016.00	2928.00	-1.06	-12.55
4048.00	2928.00	-1.14	-12.50
4080.00	2928.00	-1.13	-12.51
4112.00	2928.00	-1.09	-12.58
4144.00	2928.00	-1.03	-12.53
4176.00	2928.00	-0.97	-12.40
4208.00	2928.00	-0.90	-12.29
4240.00	2928.00	-0.83	-12.30
4272.00	2928.00	-0.83	-12.27
4304.00	2928.00	-0.87	-12.15
4336.00	2928.00	-0.95	-11.86
4368.00	2928.00	-0.97	-11.68
4400.00	2928.00	-0.97	-11.54
4432.00	2928.00	-0.93	-11.54
4464.00	2928.00	-0.76	-11.47
4496.00	2928.00	-0.56	-11.44
4528.00	2928.00	-0.30	-11.36
4560.00	2928.00	-0.24	-11.31
4592.00	2928.00	-0.24	-11.28
4624.00	2928.00	-0.33	-11.33
4656.00	2928.00	-0.45	-11.36
4688.00	2928.00	-0.64	-11.32
4720.00	2928.00	-0.83	-11.28
4752.00	2928.00	-0.94	-11.37
4784.00	2928.00	-0.91	-11.57
4816.00	2928.00	-0.85	-11.64
4848.00	2928.00	-0.87	-11.60
4880.00	2928.00	-0.78	-11.50
4912.00	2928.00	-0.58	-11.52
4944.00	2928.00	-0.40	-11.64
4976.00	2928.00	-0.36	-11.74
5008.00	2928.00	-0.32	-11.82
5040.00	2928.00	-0.14	-11.95
5072.00	2928.00	0.02	-12.10
5104.00	2928.00	0.06	-12.21
5136.00	2928.00	-0.04	-12.16
5168.00	2928.00	-0.07	-12.21
5200.00	2928.00	0.00	-12.28
5232.00	2928.00	0.17	-12.19
5264.00	2928.00	0.28	-11.91
5296.00	2928.00	0.28	-11.74
5328.00	2928.00	0.26	-11.75
5360.00	2928.00	0.22	-11.84
5392.00	2928.00	0.38	-11.79
5424.00	2928.00	0.43	-11.66
5456.00	2928.00	0.38	-11.43
5488.00	2928.00	0.21	-11.21
5520.00	2928.00	0.14	-10.92
5552.00	2928.00	0.32	-11.13
5584.00	2928.00	0.46	-11.27
5616.00	2928.00	0.43	-11.06
5648.00	2928.00	0.16	-10.04
5680.00	2928.00	-0.07	-9.34
5712.00	2928.00	-0.07	-9.29
5744.00	2928.00	0.08	-9.59
5776.00	2928.00	0.18	-9.63
5808.00	2928.00	0.04	-9.11
5840.00	2928.00	-0.07	-8.64
5872.00	2928.00	-0.11	-7.92
5904.00	2928.00	-0.02	-7.02
5936.00	2928.00	-0.01	-5.58
5968.00	2928.00	0.02	-4.20
6000.00	2928.00	0.07	-3.36
6032.00	2928.00	0.18	-2.33
6064.00	2928.00	0.19	-1.15
6096.00	2928.00	0.21	-0.32
6128.00	2928.00	0.25	-0.95
6160.00	2928.00	0.42	-2.38
6192.00	2928.00	0.58	-4.01
6224.00	2928.00	0.60	-5.47
6256.00	2928.00	0.53	-6.86
6288.00	2928.00	0.31	-7.73
6320.00	2928.00	0.14	-8.48
6352.00	2928.00	-0.07	-8.87
6384.00	2928.00	0.00	-9.54
6416.00	2928.00	-0.04	-9.69
6448.00	2928.00	-0.04	-10.07
6480.00	2928.00	-0.01	-10.00
6512.00	2928.00	0.14	-10.62
6544.00	2928.00	0.28	-10.80
6576.00	2928.00	0.30	-11.24
16.00	2960.00	-0.11	-15.23
48.00	2960.00	-0.08	-15.28
80.00	2960.00	0.06	-15.36
112.00	2960.00	0.22	-15.42
144.00	2960.00	0.29	-15.38
176.00	2960.00	0.32	-15.28
208.00	2960.00	0.40	-15.20
240.00	2960.00	0.43	-15.27
272.00	2960.00	0.45	-15.35
304.00	2960.00	0.33	-15.40
336.00	2960.00	0.23	-15.38
368.00	2960.00	0.10	-15.36
400.00	2960.00	0.19	-15.32
432.00	2960.00	0.23	-15.28
464.00	2960.00	0.23	-15.29
496.00	2960.00	0.14	-15.32
528.00	2960.00	0.22	-15.33
560.00	2960.00	0.36	-15.34
592.00	2960.00	0.38	-15.39
624.00	2960.00	0.34	-15.51
656.00	2960.00	0.32	-15.60
688.00	2960.00	0.28	-15.67
720.00	2960.00	0.23	-15.62
752.00	2960.00	0.19	-15.50
784.00	2960.00	0.24	-15.32
816.00	2960.00	0.34	-15.18
848.00	2960.00	0.33	-15.09
880.00	2960.00	0.28	-15.12
912.00	2960.00	0.23	-15.27
944.00	2960.00	0.18	-15.49
976.00	2960.00	0.21	-15.68
1008.00	2960.00	0.25	-15.74
1040.00	2960.00	0.32	-15.70
1072.00	2960.00	0.30	-15.66
1104.00	2960.00	0.29	-15.58
1136.00	2960.00	0.30	-15.48
1168.00	2960.00	0.33	-15.40
1200.00	2960.00	0.33	-15.44
1232.00	2960.00	0.32	-15.57
1264.00	2960.00	0.36	-15.58
1296.00	2960.00	0.34	-15.55
1328.00	2960.00	0.22	-15.52
1360.00	2960.00	0.16	-15.46
1392.00	2960.00	0.24	-15.48
1424.00	2960.00	0.36	-15.48
1456.00	2960.00	0.41	-15.57
1488.00	2960.00	0.36	-15.63
1520.00	2960.00	0.26	-15.69
1552.00	2960.00	0.16	-15.70
1584.00	2960.00	0.16	-15.67
1616.00	2960.00	0.22	-15.57
1648.00	2960.00	0.22	-15.51
1680.00	2960.00	0.21	-15.49
1712.00	2960.00	0.26	-15.58
1744.00	2960.00	0.26	-15.67
1776.00	2960.00	0.22	-15.55
1808.00	2960.00	0.22	-15.41
1840.00	2960.00	0.25	-15.36
1872.00	2960.00	0.23	-15.47
1904.00	2960.00	0.08	-15.55
1936.00	2960.00	0.06	-15.63
1968.00	2960.00	0.07	-15.72
2000.00	2960.00	0.12	-15.73
2032.00	2960.00	0.08	-15.70
2064.00	2960.00	0.09	-15.74
2096.00	2960.00	0.23	-15.80
2128.00	2960.00	0.34	-15.82
2160.00	2960.00	0.32	-15.87
2192.00	2960.00	0.18	-15.93
2224.00	2960.00	0.16	-15.94
2256.00	2960.00	0.29	-15.83
2288.00	2960.00	0.51	-15.83
2320.00	2960.00	0.66	-15.93
2352.00	2960.00	0.68	-15.96
2384.00	2960.00	0.60	-15.86
2416.00	2960.00	0.56	-15.64
2448.00	2960.00	0.55	-15.56
2480.00	2960.00	0.53	-15.57
2512.00	2960.00	0.55	-15.57
2544.00	2960.00	0.71	-15.56
2576.00	2960.00	0.95	-15.58
2608.00	2960.00	1.13	-15.61
2640.00	2960.00	1.17	-15.60
2672.00	2960.00	1.12	-15.81
2704.00	2960.00	1.06	-16.09
2736.00	2960.00	1.09	-16.13
2768.00	2960.00	1.31	-15.80
2800.00	2960.00	1.62	-15.39
2832.00	2960.00	1.92	-15.14
2864.00	2960.00	1.95	-15.01
2896.00	2960.00	1.83	-14.84
2928.00	2960.00	1.63	-14.55
2960.00	2960.00	1.50	-14.15
2992.00	2960.00	1.51	-13.79
3024.00	2960.00	1.47	-13.52
3056.00	2960.00	1.33	-13.31
3088.00	2960.00	1.08	-13.09
3120.00	2960.00	0.88	-12.85
3152.00	2960.00	0.78	-12.57
3184.00	2960.00	0.58	-12.22
3216.00	2960.00	0.37	-11.84
3248.00	2960.00	0.30	-11.54
3280.00	2960.00	0.31	-11.52
3312.00	2960.00	0.28	-11.66
3344.00	2960.00	0.10	-11.89
3376.00	2960.00	-0.11	-12.08
3408.00	2960.00	-0.27	-12.16
3440.00	2960.00	-0.34	-12.18
3472.00	2960.00	-0.37	-12.09
3504.00	2960.00	-0.53	-12.10
3536.00	2960.00	-0.86	-12.08
3568.00	2960.00	-1.22	-12.10
3600.00	2960.00	-1.24	-12.02
3632.00	2960.00	-1.15	-11.94
3664.00	2960.00	-1.07	-11.88
3696.00	2960.00	-1.18	-11.98
3728.00	2960.00	-1.22	-12.15
3760.00	2960.00	-1.29	-12.29
3792.00	2960.00	-1.00	-12.30
3824.00	2960.00	-0.81	-12.23
3856.00	2960.00	-0.80	-12.23
3888.00	2960.00	-1.07	-12.32
3920.00	2960.00	-1.21	-12.40
3952.00	2960.00	-1.15	-12.43
3984.00	2960.00	-1.12	-12.39
4016.00	2960.00	-1.24	-12.32
4048.00	2960.00	-1.26	-12.26
4080.00	2960.00	-1.27	-12.26
4112.00	2960.00	-1.22	-12.29
4144.00	2960.00	-1.16	-12.25
4176.00	2960.00	-1.07	-12.21
4208.00	2960.00	-0.91	-12.19
4240.00	2960.00	-0.76	-12.20
4272.00	2960.00	-0.70	-12.10
4304.00	2960.00	-0.72	-11.93
4336.00	2960.00	-0.81	-11.68
4368.00	2960.00	-0.90	-11.59
4400.00	2960.00	-0.99	-11.55
4432.00	2960.00	-1.01	-11.58
4464.00	2960.00	-0.88	-11.51
4496.00	2960.00	-0.64	-11.45
4528.00	2960.00	-0.41	-11.35
4560.00	2960.00	-0.36	-11.26
4592.00	2960.00	-0.34	-11.25
4624.00	2960.00	-0.32	-11.31
4656.00	2960.00	-0.29	-11.34
4688.00	2960.00	-0.43	-11.28
4720.00	2960.00	-0.68	-11.25
4752.00	2960.00	-0.87	-11.34
4784.00	2960.00	-0.91	-11.51
4816.00	2960.00	-0.91	-11.56
4848.00	2960.00	-0.98	-11.51
4880.00	2960.00	-0.81	-11.47
4912.00	2960.00	-0.51	-11.59
4944.00	2960.00	-0.30	-11.77
4976.00	2960.00	-0.30	-11.84
5008.00	2960.00	-0.23	-11.93
5040.00	2960.00	0.01	-12.02
5072.00	2960.00	0.12	-12.09
5104.00	2960.00	-0.00	-12.15
5136.00	2960.00	-0.16	-12.18
5168.00	2960.00	-0.19	-12.29
5200.00	2960.00	-0.04	-12.32
5232.00	2960.00	0.10	-12.18
5264.00	2960.00	0.22	-11.94
5296.00	2960.00	0.24	-11.72
5328.00	2960.00	0.27	-11.69
5360.00	2960.00	0.19	-11.71
5392.00	2960.00	0.28	-11.71
5424.00	2960.00	0.30	-11.63
5456.00	2960.00	0.33	-11.46
5488.00	2960.00	0.24	-11.27
5520.00	2960.00	0.23	-10.94
5552.00	2960.00	0.38	-11.00
5584.00	2960.00	0.41	-10.75
5616.00	2960.00	0.29	-10.37
5648.00	2960.00	0.02	-9.61
5680.00	2960.00	-0.04	-9.60
5712.00	2960.00	0.06	-9.77
5744.00	2960.00	0.26	-9.93
5776.00	2960.00	0.32	-9.57
5808.00	2960.00	0.19	-9.11
5840.00	2960.00	0.02	-8.74
5872.00	2960.00	-0.09	-8.06
5904.00	2960.00	-0.06	-7.09
5936.00	2960.00	0.04	-5.62
5968.00	2960.00	0.13	-4.28
6000.00	2960.00	0.11	-3.73
6032.00	2960.00	0.11	-2.67
6064.00	2960.00	0.09	-1.45
6096.00	2960.00	0.18	-0.29
6128.00	2960.00	0.35	-0.90
6160.00	2960.00	0.51	-2.33
6192.00	2960.00	0.65	-4.03
6224.00	2960.00	0.61	-5.43
6256.00	2960.00	0.48	-6.73
6288.00	2960.00	0.22	-7.79
6320.00	2960.00	-0.04	-8.70
6352.00	2960.00	-0.26	-9.24
6384.00	2960.00	-0.33	-9.59
6416.00	2960.00	-0.36	-9.75
6448.00	2960.00	-0.20	-9.98
6480.00	2960.00	0.05	-10.02
6512.00	2960.00	0.23	-10.53
6544.00	2960.00	0.31	-10.88
6576.00	2960.00	0.27	-11.33
16.00	2992.00	-0.09	-15.34
48.00	2992.00	-0.05	-15.35
80.00	2992.00	0.08	-15.39
112.00	2992.00	0.21	-15.42
144.00	2992.00	0.30	-15.39
176.00	2992.00	0.37	-15.30
208.00	2992.00	0.42	-15.23
240.00	2992.00	0.41	-15.29
272.00	2992.00	0.35	-15.37
304.00	2992.00	0.18	-15.39
336.00	2992.00	0.03	-15.37
368.00	2992.00	-0.05	-15.32
400.00	2992.00	0.11	-15.29
432.00	2992.00	0.19	-15.25
464.00	2992.00	0.19	-15.32
496.00	2992.00	0.14	-15.40
528.00	2992.00	0.26	-15.41
560.00	2992.00	0.43	-15.39
592.00	2992.00	0.39	-15.40
624.00	2992.00	0.27	-15.52
656.00	2992.00	0.23	-15.63
688.00	2992.00	0.24	-15.67
720.00	2992.00	0.26	-15.58
752.00	2992.00	0.22	-15.48
784.00	2992.00	0.24	-15.35
816.00	2992.00	0.26	-15.24
848.00	2992.00	0.25	-15.12
880.00	2992.00	0.24	-15.11
912.00	2992.00	0.28	-15.26
944.00	2992.00	0.26	-15.51
976.00	2992.00	0.22	-15.67
1008.00	2992.00	0.22	-15.71
1040.00	2992.00	0.32	-15.67
1072.00	2992.00	0.38	-15.66
1104.00	2992.00	0.37	-15.61
1136.00	2992.00	0.31	-15.53
1168.00	2992.00	0.29	-15.47
1200.00	2992.00	0.29	-15.52
1232.00	2992.00	0.31	-15.61
1264.00	2992.00	0.38	-15.62
1296.00	2992.00	0.41	-15.57
1328.00	2992.00	0.30	-15.53
1360.00	2992.00	0.17	-15.50
1392.00	2992.00	0.20	-15.55
1424.00	2992.00	0.31	-15.55
1456.00	2992.00	0.39	-15.58
1488.00	2992.00	0.34	-15.58
1520.00	2992.00	0.29	-15.64
1552.00	2992.00	0.21	-15.69
1584.00	2992.00	0.17	-15.69
1616.00	2992.00	0.17	-15.60
1648.00	2992.00	0.19	-15.47
1680.00	2992.00	0.21	-15.42
1712.00	2992.00	0.28	-15.48
1744.00	2992.00	0.29	-15.59
1776.00	2992.00	0.22	-15.54
1808.00	2992.00	0.14	-15.42
1840.00	2992.00	0.05	-15.33
1872.00	2992.00	-0.02	-15.37
1904.00	2992.00	-0.10	-15.50
1936.00	2992.00	-0.02	-15.66
1968.00	2992.00	0.07	-15.76
2000.00	2992.00	0.12	-15.70
2032.00	2992.00	0.08	-15.61
2064.00	2992.00	0.08	-15.65
2096.00	2992.00	0.21	-15.70
2128.00	2992.00	0.30	-15.72
2160.00	2992.00	0.25	-15.77
2192.00	2992.00	0.13	-15.90
2224.00	2992.00	0.17	-15.99
2256.00	2992.00	0.34	-15.88
2288.00	2992.00	0.54	-15.73
2320.00	2992.00	0.57	-15.74
2352.00	2992.00	0.54	-15.83
2384.00	2992.00	0.50	-15.87
2416.00	2992.00	0.51	-15.74
2448.00	2992.00	0.52	-15.62
2480.00	2992.00	0.56	-15.55
2512.00	2992.00	0.62	-15.61
2544.00	2992.00	0.90	-15.71
2576.00	2992.00	1.18	-15.82
2608.00	2992.00	1.38	-15.78
2640.00	2992.00	1.32	-15.72
2672.00	2992.00	1.19	-15.96
2704.00	2992.00	1.14	-16.29
2736.00	2992.00	1.31	-16.29
2768.00	2992.00	1.62	-15.81
2800.00	2992.00	1.92	-15.32
2832.00	2992.00	2.11	-15.06
2864.00	2992.00	2.10	-14.95
2896.00	2992.00	1.98	-14.71
2928.00	2992.00	1.76	-14.30
2960.00	2992.00	1.55	-13.81
2992.00	2992.00	1.42	-13.45
3024.00	2992.00	1.25	-13.23
3056.00	2992.00	1.06	-13.02
3088.00	2992.00	0.84	-12.78
3120.00	2992.00	0.68	-12.62
3152.00	2992.00	0.56	-12.39
3184.00	2992.00	0.35	-12.04
3216.00	2992.00	0.16	-11.64
3248.00	2992.00	0.16	-11.39
3280.00	2992.00	0.20	-11.41
3312.00	2992.00	0.17	-11.58
3344.00	2992.00	-0.04	-11.84
3376.00	2992.00	-0.26	-12.03
3408.00	2992.00	-0.45	-12.06
3440.00	2992.00	-0.52	-11.98
3472.00	2992.00	-0.50	-11.89
3504.00	2992.00	-0.57	-11.94
3536.00	2992.00	-0.84	-11.99
3568.00	2992.00	-1.11	-11.99
3600.00	2992.00	-1.20	-11.87
3632.00	2992.00	-1.13	-11.79
3664.00	2992.00	-1.10	-11.79
3696.00	2992.00	-1.12	-11.92
3728.00	2992.00	-1.15	-12.09
3760.00	2992.00	-1.22	-12.22
3792.00	2992.00	-1.04	-12.16
3824.00	2992.00	-0.88	-12.05
3856.00	2992.00	-0.92	-12.07
3888.00	2992.00	-1.17	-12.21
3920.00	2992.00	-1.39	-12.32
3952.00	2992.00	-1.32	-12.35
3984.00	2992.00	-1.22	-12.28
4016.00	2992.00	-1.18	-12.21
4048.00	2992.00	-1.15	-12.10
4080.00	2992.00	-1.19	-12.07
4112.00	2992.00	-1.21	-12.04
4144.00	2992.00	-1.22	-12.08
4176.00	2992.00	-1.13	-12.15
4208.00	2992.00	-0.91	-12.20
4240.00	2992.00	-0.73	-12.12
4272.00	2992.00	-0.63	-11.93
4304.00	2992.00	-0.66	-11.71
4336.00	2992.00	-0.77	-11.54
4368.00	2992.00	-0.88	-11.51
4400.00	2992.00	-0.97	-11.52
4432.00	2992.00	-0.98	-11.54
4464.00	2992.00	-0.92	-11.48
4496.00	2992.00	-0.72	-11.39
4528.00	2992.00	-0.56	-11.24
4560.00	2992.00	-0.53	-11.15
4592.00	2992.00	-0.55	-11.22
4624.00	2992.00	-0.46	-11.28
4656.00	2992.00	-0.30	-11.31
4688.00	2992.00	-0.28	-11.21
4720.00	2992.00	-0.50	-11.22
4752.00	2992.00	-0.70	-11.26
4784.00	2992.00	-0.93	-11.32
4816.00	2992.00	-1.05	-11.30
4848.00	2992.00	-1.19	-11.31
4880.00	2992.00	-0.90	-11.42
4912.00	2992.00	-0.50	-11.66
4944.00	2992.00	-0.22	-11.84
4976.00	2992.00	-0.23	-11.86
5008.00	2992.00	-0.15	-11.93
5040.00	2992.00	0.09	-12.02
5072.00	2992.00	0.22	-12.08
5104.00	2992.00	0.09	-12.20
5136.00	2992.00	-0.08	-12.29
5168.00	2992.00	-0.12	-12.42
5200.00	2992.00	-0.02	-12.37
5232.00	2992.00	0.08	-12.19
5264.00	2992.00	0.16	-11.99
5296.00	2992.00	0.18	-11.76
5328.00	2992.00	0.21	-11.69
5360.00	2992.00	0.15	-11.70
5392.00	2992.00	0.16	-11.74
5424.00	2992.00	0.19	-11.71
5456.00	2992.00	0.28	-11.58
5488.00	2992.00	0.32	-11.42
5520.00	2992.00	0.33	-11.13
5552.00	2992.00	0.39	-11.00
5584.00	2992.00	0.33	-10.52
5616.00	2992.00	0.18	-10.04
5648.00	2992.00	-0.03	-9.46
5680.00	2992.00	-0.11	-9.45
5712.00	2992.00	0.01	-9.42
5744.00	2992.00	0.15	-9.26
5776.00	2992.00	0.24	-8.88
5808.00	2992.00	0.16	-8.66
5840.00	2992.00	0.06	-8.54
5872.00	2992.00	-0.01	-8.02
5904.00	2992.00	0.02	-7.13
5936.00	2992.00	0.13	-5.78
5968.00	2992.00	0.22	-4.54
6000.00	2992.00	0.18	-3.93
6032.00	2992.00	0.15	-2.77
6064.00	2992.00	0.15	-1.48
6096.00	2992.00	0.33	-0.57
6128.00	2992.00	0.51	-1.48
6160.00	2992.00	0.59	-3.05
6192.00	2992.00	0.61	-4.79
6224.00	2992.00	0.53	-6.07
6256.00	2992.00	0.39	-7.23
6288.00	2992.00	0.02	-7.87
6320.00	2992.00	-0.22	-8.43
6352.00	2992.00	-0.26	-8.90
6384.00	2992.00	-0.31	-9.35
6416.00	2992.00	-0.28	-9.68
6448.00	2992.00	-0.11	-9.82
6480.00	2992.00	0.31	-9.57
6512.00	2992.00	0.38	-9.99
6544.00	2992.00	0.33	-10.48
6576.00	2992.00	0.20	-11.17
16.00	3024.00	0.02	-15.47
48.00	3024.00	0.07	-15.42
80.00	3024.00	0.15	-15.32
112.00	3024.00	0.22	-15.26
144.00	3024.00	0.31	-15.24
176.00	3024.00	0.39	-15.24
208.00	3024.00	0.42	-15.21
240.00	3024.00	0.36	-15.27
272.00	3024.00	0.22	-15.36
304.00	3024.00	0.03	-15.38
336.00	3024.00	-0.07	-15.39
368.00	3024.00	-0.05	-15.34
400.00	3024.00	0.17	-15.28
432.00	3024.00	0.20	-15.20
464.00	3024.00	0.17	-15.26
496.00	3024.00	0.11	-15.38
528.00	3024.00	0.24	-15.42
560.00	3024.00	0.40	-15.39
592.00	3024.00	0.33	-15.40
624.00	3024.00	0.18	-15.51
656.00	3024.00	0.16	-15.59
688.00	3024.00	0.24	-15.60
720.00	3024.00	0.31	-15.49
752.00	3024.00	0.25	-15.43
784.00	3024.00	0.22	-15.38
816.00	3024.00	0.20	-15.37
848.00	3024.00	0.22	-15.26
880.00	3024.00	0.23	-15.22
912.00	3024.00	0.28	-15.28
944.00	3024.00	0.26	-15.47
976.00	3024.00	0.20	-15.59
1008.00	3024.00	0.20	-15.62
1040.00	3024.00	0.30	-15.58
1072.00	3024.00	0.39	-15.61
1104.00	3024.00	0.36	-15.61
1136.00	3024.00	0.23	-15.56
1168.00	3024.00	0.20	-15.53
1200.00	3024.00	0.25	-15.57
1232.00	3024.00	0.31	-15.67
1264.00	3024.00	0.37	-15.67
1296.00	3024.00	0.42	-15.60
1328.00	3024.00	0.36	-15.55
1360.00	3024.00	0.22	-15.57
1392.00	3024.00	0.17	-15.64
1424.00	3024.00	0.24	-15.61
1456.00	3024.00	0.35	-15.60
1488.00	3024.00	0.35	-15.59
1520.00	3024.00	0.33	-15.65
1552.00	3024.00	0.28	-15.71
1584.00	3024.00	0.21	-15.73
1616.00	3024.00	0.17	-15.68
1648.00	3024.00	0.18	-15.56
1680.00	3024.00	0.21	-15.50
1712.00	3024.00	0.26	-15.50
1744.00	3024.00	0.31	-15.59
1776.00	3024.00	0.28	-15.63
1808.00	3024.00	0.19	-15.57
1840.00	3024.00	0.01	-15.41
1872.00	3024.00	-0.10	-15.36
1904.00	3024.00	-0.12	-15.55
1936.00	3024.00	0.03	-15.74
1968.00	3024.00	0.19	-15.80
2000.00	3024.00	0.25	-15.65
2032.00	3024.00	0.24	-15.55
2064.00	3024.00	0.20	-15.59
2096.00	3024.00	0.28	-15.66
2128.00	3024.00	0.24	-15.68
2160.00	3024.00	0.12	-15.68
2192.00	3024.00	0.04	-15.79
2224.00	3024.00	0.15	-15.90
2256.00	3024.00	0.36	-15.92
2288.00	3024.00	0.51	-15.74
2320.00	3024.00	0.49	-15.71
2352.00	3024.00	0.44	-15.80
2384.00	3024.00	0.43	-15.95
2416.00	3024.00	0.50	-15.92
2448.00	3024.00	0.63	-15.78
2480.00	3024.00	0.76	-15.65
2512.00	3024.00	0.86	-15.71
2544.00	3024.00	1.08	-15.85
2576.00	3024.00	1.27	-16.00
2608.00	3024.00	1.40	-15.94
2640.00	3024.00	1.27	-15.94
2672.00	3024.00	1.10	-16.20
2704.00	3024.00	1.11	-16.43
2736.00	3024.00	1.43	-16.29
2768.00	3024.00	1.77	-15.78
2800.00	3024.00	1.97	-15.30
2832.00	3024.00	2.01	-14.97
2864.00	3024.00	1.98	-14.70
2896.00	3024.00	1.92	-14.32
2928.00	3024.00	1.71	-13.81
2960.00	3024.00	1.45	-13.35
2992.00	3024.00	1.21	-13.09
3024.00	3024.00	0.94	-12.99
3056.00	3024.00	0.72	-12.83
3088.00	3024.00	0.51	-12.59
3120.00	3024.00	0.40	-12.45
3152.00	3024.00	0.25	-12.25
3184.00	3024.00	0.07	-11.93
3216.00	3024.00	-0.03	-11.56
3248.00	3024.00	-0.03	-11.38
3280.00	3024.00	0.04	-11.44
3312.00	3024.00	-0.01	-11.62
3344.00	3024.00	-0.20	-11.82
3376.00	3024.00	-0.46	-11.98
3408.00	3024.00	-0.73	-12.04
3440.00	3024.00	-0.75	-12.00
3472.00	3024.00	-0.74	-11.94
3504.00	3024.00	-0.79	-11.97
3536.00	3024.00	-1.00	-11.97
3568.00	3024.00	-1.14	-11.90
3600.00	3024.00	-1.20	-11.78
3632.00	3024.00	-1.25	-11.78
3664.00	3024.00	-1.24	-11.84
3696.00	3024.00	-1.20	-11.95
3728.00	3024.00	-1.19	-12.07
3760.00	3024.00	-1.27	-12.10
3792.00	3024.00	-1.15	-11.98
3824.00	3024.00	-1.00	-11.86
3856.00	3024.00	-1.02	-11.96
3888.00	3024.00	-1.23	-12.17
3920.00	3024.00	-1.40	-12.28
3952.00	3024.00	-1.36	-12.29
3984.00	3024.00	-1.26	-12.25
4016.00	3024.00	-1.11	-12.24
4048.00	3024.00	-0.97	-12.15
4080.00	3024.00	-0.95	-12.08
4112.00	3024.00	-1.09	-12.02
4144.00	3024.00	-1.21	-12.05
4176.00	3024.00	-1.19	-12.13
4208.00	3024.00	-1.00	-12.14
4240.00	3024.00	-0.86	-12.04
4272.00	3024.00	-0.78	-11.81
4304.00	3024.00	-0.84	-11.58
4336.00	3024.00	-0.92	-11.39
4368.00	3024.00	-0.98	-11.35
4400.00	3024.00	-0.97	-11.38
4432.00	3024.00	-0.90	-11.37
4464.00	3024.00	-0.82	-11.34
4496.00	3024.00	-0.63	-11.28
4528.00	3024.00	-0.56	-11.18
4560.00	3024.00	-0.59	-11.14
4592.00	3024.00	-0.72	-11.24
4624.00	3024.00	-0.64	-11.28
4656.00	3024.00	-0.52	-11.28
4688.00	3024.00	-0.42	-11.17
4720.00	3024.00	-0.53	-11.16
4752.00	3024.00	-0.64	-11.13
4784.00	3024.00	-0.76	-11.10
4816.00	3024.00	-0.87	-11.09
4848.00	3024.00	-1.02	-11.21
4880.00	3024.00	-0.86	-11.42
4912.00	3024.00	-0.48	-11.66
4944.00	3024.00	-0.19	-11.79
4976.00	3024.00	-0.13	-11.80
5008.00	3024.00	-0.04	-11.87
5040.00	3024.00	0.16	-11.96
5072.00	3024.00	0.29	-12.01
5104.00	3024.00	0.24	-12.14
5136.00	3024.00	0.16	-12.25
5168.00	3024.00	0.13	-12.34
5200.00	3024.00	0.14	-12.28
5232.00	3024.00	0.17	-12.15
5264.00	3024.00	0.20	-12.04
5296.00	3024.00	0.20	-11.89
5328.00	3024.00	0.19	-11.84
5360.00	3024.00	0.14	-11.80
5392.00	3024.00	0.17	-11.76
5424.00	3024.00	0.24	-11.67
5456.00	3024.00	0.31	-11.55
5488.00	3024.00	0.32	-11.46
5520.00	3024.00	0.31	-11.36
5552.00	3024.00	0.32	-11.18
5584.00	3024.00	0.26	-10.66
5616.00	3024.00	0.21	-10.21
5648.00	3024.00	0.04	-9.58
5680.00	3024.00	-0.12	-9.42
5712.00	3024.00	-0.22	-8.90
5744.00	3024.00	-0.16	-8.54
5776.00	3024.00	-0.05	-8.19
5808.00	3024.00	-0.02	-8.27
5840.00	3024.00	0.02	-8.27
5872.00	3024.00	0.11	-7.72
5904.00	3024.00	0.18	-6.91
5936.00	3024.00	0.26	-5.91
5968.00	3024.00	0.28	-4.88
6000.00	3024.00	0.22	-4.06
6032.00	3024.00	0.25	-2.66
6064.00	3024.00	0.34	-1.32
6096.00	3024.00	0.56	-0.53
6128.00	3024.00	0.70	-1.69
6160.00	3024.00	0.71	-3.59
6192.00	3024.00	0.58	-5.52
6224.00	3024.00	0.40	-6.73
6256.00	3024.00	0.22	-7.59
6288.00	3024.00	-0.08	-7.88
6320.00	3024.00	-0.19	-7.94
6352.00	3024.00	-0.12	-8.16
6384.00	3024.00	-0.12	-8.64
6416.00	3024.00	-0.07	-9.29
6448.00	3024.00	0.07	-9.26
6480.00	3024.00	0.47	-8.85
6512.00	3024.00	0.39	-9.18
6544.00	3024.00	0.23	-10.03
6576.00	3024.00	0.01	-10.93
16.00	3056.00	0.09	-15.51
48.00	3056.00	0.14	-15.41
80.00	3056.00	0.22	-15.24
112.00	3056.00	0.27	-15.10
144.00	3056.00	0.31	-15.06
176.00	3056.00	0.32	-15.06
208.00	3056.00	0.34	-15.08
240.00	3056.00	0.33	-15.18
272.00	3056.00	0.26	-15.30
304.00	3056.00	0.11	-15.38
336.00	3056.00	0.07	-15.43
368.00	3056.00	0.12	-15.42
400.00	3056.00	0.23	-15.34
432.00	3056.00	0.18	-15.19
464.00	3056.00	0.10	-15.17
496.00	3056.00	0.11	-15.24
528.00	3056.00	0.22	-15.27
560.00	3056.00	0.31	-15.27
592.00	3056.00	0.25	-15.32
624.00	3056.00	0.16	-15.47
656.00	3056.00	0.20	-15.57
688.00	3056.00	0.29	-15.54
720.00	3056.00	0.34	-15.43
752.00	3056.00	0.28	-15.41
784.00	3056.00	0.21	-15.43
816.00	3056.00	0.19	-15.49
848.00	3056.00	0.23	-15.44
880.00	3056.00	0.25	-15.37
912.00	3056.00	0.28	-15.33
944.00	3056.00	0.24	-15.41
976.00	3056.00	0.18	-15.47
1008.00	3056.00	0.17	-15.49
1040.00	3056.00	0.24	-15.50
1072.00	3056.00	0.30	-15.58
1104.00	3056.00	0.24	-15.60
1136.00	3056.00	0.10	-15.54
1168.00	3056.00	0.09	-15.48
1200.00	3056.00	0.19	-15.54
1232.00	3056.00	0.28	-15.65
1264.00	3056.00	0.32	-15.68
1296.00	3056.00	0.33	-15.58
1328.00	3056.00	0.29	-15.53
1360.00	3056.00	0.21	-15.58
1392.00	3056.00	0.19	-15.69
1424.00	3056.00	0.24	-15.72
1456.00	3056.00	0.31	-15.72
1488.00	3056.00	0.32	-15.68
1520.00	3056.00	0.32	-15.66
1552.00	3056.00	0.30	-15.70
1584.00	3056.00	0.23	-15.76
1616.00	3056.00	0.17	-15.78
1648.00	3056.00	0.15	-15.70
1680.00	3056.00	0.14	-15.65
1712.00	3056.00	0.15	-15.62
1744.00	3056.00	0.21	-15.67
1776.00	3056.00	0.29	-15.74
1808.00	3056.00	0.29	-15.73
1840.00	3056.00	0.18	-15.61
1872.00	3056.00	0.03	-15.54
1904.00	3056.00	-0.01	-15.64
1936.00	3056.00	0.10	-15.73
1968.00	3056.00	0.28	-15.77
2000.00	3056.00	0.35	-15.68
2032.00	3056.00	0.34	-15.64
2064.00	3056.00	0.22	-15.63
2096.00	3056.00	0.17	-15.65
2128.00	3056.00	0.01	-15.69
2160.00	3056.00	-0.14	-15.67
2192.00	3056.00	-0.14	-15.74
2224.00	3056.00	0.05	-15.81
2256.00	3056.00	0.33	-15.87
2288.00	3056.00	0.49	-15.78
2320.00	3056.00	0.50	-15.78
2352.00	3056.00	0.47	-15.83
2384.00	3056.00	0.49	-15.96
2416.00	3056.00	0.59	-15.97
2448.00	3056.00	0.77	-15.90
2480.00	3056.00	0.94	-15.75
2512.00	3056.00	1.04	-15.77
2544.00	3056.00	1.16	-15.93
2576.00	3056.00	1.21	-16.14
2608.00	3056.00	1.27	-16.16
2640.00	3056.00	1.14	-16.23
2672.00	3056.00	1.03	-16.37
2704.00	3056.00	1.09	-16.37
2736.00	3056.00	1.46	-16.05
2768.00	3056.00	1.69	-15.64
2800.00	3056.00	1.73	-15.26
2832.00	3056.00	1.63	-14.89
2864.00	3056.00	1.64	-14.43
2896.00	3056.00	1.62	-13.94
2928.00	3056.00	1.43	-13.41
2960.00	3056.00	1.18	-13.03
2992.00	3056.00	0.93	-12.87
3024.00	3056.00	0.70	-12.87
3056.00	3056.00	0.47	-12.77
3088.00	3056.00	0.26	-12.54
3120.00	3056.00	0.14	-12.34
3152.00	3056.00	0.01	-12.10
3184.00	3056.00	-0.12	-11.84
3216.00	3056.00	-0.20	-11.55
3248.00	3056.00	-0.22	-11.46
3280.00	3056.00	-0.16	-11.53
3312.00	3056.00	-0.20	-11.68
3344.00	3056.00	-0.39	-11.80
3376.00	3056.00	-0.72	-11.92
3408.00	3056.00	-1.08	-12.02
3440.00	3056.00	-1.14	-12.08
3472.00	3056.00	-1.14	-12.07
3504.00	3056.00	-1.18	-12.07
3536.00	3056.00	-1.34	-12.00
3568.00	3056.00	-1.40	-11.86
3600.00	3056.00	-1.39	-11.73
3632.00	3056.00	-1.48	-11.77
3664.00	3056.00	-1.61	-11.94
3696.00	3056.00	-1.59	-12.10
3728.00	3056.00	-1.49	-12.17
3760.00	3056.00	-1.41	-12.10
3792.00	3056.00	-1.28	-11.94
3824.00	3056.00	-1.18	-11.86
3856.00	3056.00	-1.16	-11.99
3888.00	3056.00	-1.24	-12.15
3920.00	3056.00	-1.32	-12.16
3952.00	3056.00	-1.33	-12.15
3984.00	3056.00	-1.31	-12.17
4016.00	3056.00	-1.15	-12.26
4048.00	3056.00	-0.96	-12.25
4080.00	3056.00	-0.88	-12.19
4112.00	3056.00	-1.04	-12.13
4144.00	3056.00	-1.17	-12.12
4176.00	3056.00	-1.21	-12.14
4208.00	3056.00	-1.11	-12.09
4240.00	3056.00	-1.03	-11.98
4272.00	3056.00	-0.96	-11.75
4304.00	3056.00	-0.97	-11.49
4336.00	3056.00	-0.97	-11.28
4368.00	3056.00	-0.96	-11.20
4400.00	3056.00	-0.94	-11.26
4432.00	3056.00	-0.88	-11.28
4464.00	3056.00	-0.73	-11.33
4496.00	3056.00	-0.51	-11.32
4528.00	3056.00	-0.45	-11.34
4560.00	3056.00	-0.54	-11.36
4592.00	3056.00	-0.72	-11.39
4624.00	3056.00	-0.77	-11.34
4656.00	3056.00	-0.81	-11.26
4688.00	3056.00	-0.75	-11.18
4720.00	3056.00	-0.74	-11.17
4752.00	3056.00	-0.61	-11.09
4784.00	3056.00	-0.55	-11.01
4816.00	3056.00	-0.51	-11.06
4848.00	3056.00	-0.61	-11.25
4880.00	3056.00	-0.62	-11.45
4912.00	3056.00	-0.53	-11.61
4944.00	3056.00	-0.31	-11.70
4976.00	3056.00	-0.11	-11.73
5008.00	3056.00	0.14	-11.82
5040.00	3056.00	0.33	-11.89
5072.00	3056.00	0.47	-11.99
5104.00	3056.00	0.47	-12.12
5136.00	3056.00	0.44	-12.21
5168.00	3056.00	0.39	-12.24
5200.00	3056.00	0.32	-12.19
5232.00	3056.00	0.30	-12.15
5264.00	3056.00	0.29	-12.12
5296.00	3056.00	0.29	-12.03
5328.00	3056.00	0.17	-11.98
5360.00	3056.00	0.14	-11.90
5392.00	3056.00	0.19	-11.78
5424.00	3056.00	0.30	-11.59
5456.00	3056.00	0.31	-11.39
5488.00	3056.00	0.29	-11.29
5520.00	3056.00	0.28	-11.24
5552.00	3056.00	0.24	-11.08
5584.00	3056.00	0.19	-10.72
5616.00	3056.00	0.16	-10.35
5648.00	3056.00	0.01	-9.70
5680.00	3056.00	-0.23	-9.18
5712.00	3056.00	-0.38	-8.64
5744.00	3056.00	-0.31	-8.26
5776.00	3056.00	-0.17	-7.99
5808.00	3056.00	-0.10	-7.99
5840.00	3056.00	0.00	-7.91
5872.00	3056.00	0.14	-7.41
5904.00	3056.00	0.25	-6.70
5936.00	3056.00	0.28	-6.10
5968.00	3056.00	0.26	-5.37
6000.00	3056.00	0.22	-4.12
6032.00	3056.00	0.34	-2.44
6064.00	3056.00	0.52	-0.89
6096.00	3056.00	0.72	-0.33
6128.00	3056.00	0.75	-1.89
6160.00	3056.00	0.68	-4.01
6192.00	3056.00	0.47	-6.17
6224.00	3056.00	0.27	-7.02
6256.00	3056.00	0.12	-7.59
6288.00	3056.00	0.01	-7.71
6320.00	3056.00	0.03	-7.62
6352.00	3056.00	0.18	-7.75
6384.00	3056.00	0.26	-8.10
6416.00	3056.00	0.31	-8.67
6448.00	3056.00	0.25	-8.86
6480.00	3056.00	0.40	-8.82
6512.00	3056.00	0.23	-9.25
6544.00	3056.00	0.17	-9.92
6576.00	3056.00	0.02	-10.55
16.00	3088.00	0.16	-15.45
48.00	3088.00	0.24	-15.37
80.00	3088.00	0.33	-15.16
112.00	3088.00	0.37	-14.94
144.00	3088.00	0.30	-14.84
176.00	3088.00	0.22	-14.91
208.00	3088.00	0.21	-15.02
240.00	3088.00	0.27	-15.15
272.00	3088.00	0.27	-15.27
304.00	3088.00	0.19	-15.36
336.00	3088.00	0.24	-15.43
368.00	3088.00	0.30	-15.45
400.00	3088.00	0.37	-15.40
432.00	3088.00	0.22	-15.24
464.00	3088.00	0.09	-15.14
496.00	3088.00	0.09	-15.14
528.00	3088.00	0.18	-15.19
560.00	3088.00	0.22	-15.25
592.00	3088.00	0.17	-15.35
624.00	3088.00	0.14	-15.49
656.00	3088.00	0.24	-15.56
688.00	3088.00	0.32	-15.54
720.00	3088.00	0.34	-15.44
752.00	3088.00	0.27	-15.41
784.00	3088.00	0.20	-15.42
816.00	3088.00	0.21	-15.53
848.00	3088.00	0.26	-15.58
880.00	3088.00	0.34	-15.54
912.00	3088.00	0.33	-15.41
944.00	3088.00	0.27	-15.36
976.00	3088.00	0.19	-15.36
1008.00	3088.00	0.17	-15.37
1040.00	3088.00	0.21	-15.41
1072.00	3088.00	0.23	-15.50
1104.00	3088.00	0.11	-15.52
1136.00	3088.00	-0.03	-15.46
1168.00	3088.00	-0.02	-15.41
1200.00	3088.00	0.14	-15.48
1232.00	3088.00	0.29	-15.59
1264.00	3088.00	0.31	-15.63
1296.00	3088.00	0.26	-15.56
1328.00	3088.00	0.21	-15.53
1360.00	3088.00	0.17	-15.55
1392.00	3088.00	0.21	-15.64
1424.00	3088.00	0.27	-15.73
1456.00	3088.00	0.30	-15.80
1488.00	3088.00	0.28	-15.76
1520.00	3088.00	0.24	-15.68
1552.00	3088.00	0.23	-15.68
1584.00	3088.00	0.20	-15.76
1616.00	3088.00	0.17	-15.81
1648.00	3088.00	0.11	-15.74
1680.00	3088.00	0.07	-15.66
1712.00	3088.00	0.03	-15.60
1744.00	3088.00	0.07	-15.63
1776.00	3088.00	0.22	-15.72
1808.00	3088.00	0.31	-15.76
1840.00	3088.00	0.27	-15.68
1872.00	3088.00	0.10	-15.61
1904.00	3088.00	0.07	-15.62
1936.00	3088.00	0.16	-15.64
1968.00	3088.00	0.27	-15.69
2000.00	3088.00	0.28	-15.74
2032.00	3088.00	0.22	-15.79
2064.00	3088.00	0.08	-15.72
2096.00	3088.00	-0.06	-15.65
2128.00	3088.00	-0.23	-15.70
2160.00	3088.00	-0.35	-15.66
2192.00	3088.00	-0.30	-15.63
2224.00	3088.00	-0.11	-15.64
2256.00	3088.00	0.22	-15.84
2288.00	3088.00	0.43	-15.93
2320.00	3088.00	0.48	-15.99
2352.00	3088.00	0.46	-15.86
2384.00	3088.00	0.52	-15.85
2416.00	3088.00	0.67	-15.78
2448.00	3088.00	0.85	-15.86
2480.00	3088.00	0.95	-15.88
2512.00	3088.00	1.04	-15.97
2544.00	3088.00	1.12	-16.07
2576.00	3088.00	1.17	-16.25
2608.00	3088.00	1.15	-16.32
2640.00	3088.00	1.02	-16.45
2672.00	3088.00	0.96	-16.43
2704.00	3088.00	1.03	-16.26
2736.00	3088.00	1.29	-15.90
2768.00	3088.00	1.38	-15.63
2800.00	3088.00	1.32	-15.33
2832.00	3088.00	1.20	-14.90
2864.00	3088.00	1.16	-14.34
2896.00	3088.00	1.08	-13.83
2928.00	3088.00	0.84	-13.31
2960.00	3088.00	0.66	-12.94
2992.00	3088.00	0.55	-12.74
3024.00	3088.00	0.45	-12.75
3056.00	3088.00	0.29	-12.64
3088.00	3088.00	0.08	-12.40
3120.00	3088.00	0.01	-12.13
3152.00	3088.00	-0.10	-11.90
3184.00	3088.00	-0.20	-11.72
3216.00	3088.00	-0.28	-11.54
3248.00	3088.00	-0.29	-11.49
3280.00	3088.00	-0.22	-11.52
3312.00	3088.00	-0.29	-11.64
3344.00	3088.00	-0.55	-11.75
3376.00	3088.00	-0.92	-11.86
3408.00	3088.00	-1.29	-12.01
3440.00	3088.00	-1.40	-12.13
3472.00	3088.00	-1.42	-12.12
3504.00	3088.00	-1.42	-12.04
3536.00	3088.00	-1.46	-11.88
3568.00	3088.00	-1.48	-11.76
3600.00	3088.00	-1.55	-11.69
3632.00	3088.00	-1.68	-11.77
3664.00	3088.00	-1.90	-11.97
3696.00	3088.00	-1.84	-12.14
3728.00	3088.00	-1.65	-12.17
3760.00	3088.00	-1.41	-12.03
3792.00	3088.00	-1.26	-11.92
3824.00	3088.00	-1.22	-11.95
3856.00	3088.00	-1.23	-12.09
3888.00	3088.00	-1.28	-12.17
3920.00	3088.00	-1.31	-12.07
3952.00	3088.00	-1.34	-12.00
3984.00	3088.00	-1.38	-12.05
4016.00	3088.00	-1.29	-12.19
4048.00	3088.00	-1.11	-12.29
4080.00	3088.00	-1.00	-12.27
4112.00	3088.00	-1.07	-12.21
4144.00	3088.00	-1.11	-12.11
4176.00	3088.00	-1.15	-12.02
4208.00	3088.00	-1.16	-11.95
4240.00	3088.00	-1.15	-11.89
4272.00	3088.00	-1.06	-11.73
4304.00	3088.00	-0.94	-11.48
4336.00	3088.00	-0.86	-11.24
4368.00	3088.00	-0.85	-11.10
4400.00	3088.00	-0.90	-11.10
4432.00	3088.00	-0.92	-11.15
4464.00	3088.00	-0.75	-11.26
4496.00	3088.00	-0.54	-11.33
4528.00	3088.00	-0.45	-11.43
4560.00	3088.00	-0.47	-11.54
4592.00	3088.00	-0.58	-11.49
4624.00	3088.00	-0.76	-11.35
4656.00	3088.00	-0.98	-11.21
4688.00	3088.00	-1.02	-11.19
4720.00	3088.00	-0.88	-11.21
4752.00	3088.00	-0.62	-11.12
4784.00	3088.00	-0.35	-11.08
4816.00	3088.00	-0.18	-11.22
4848.00	3088.00	-0.25	-11.45
4880.00	3088.00	-0.45	-11.59
4912.00	3088.00	-0.61	-11.59
4944.00	3088.00	-0.45	-11.65
4976.00	3088.00	-0.16	-11.72
5008.00	3088.00	0.17	-11.85
5040.00	3088.00	0.36	-11.91
5072.00	3088.00	0.50	-12.03
5104.00	3088.00	0.58	-12.16
5136.00	3088.00	0.59	-12.18
5168.00	3088.00	0.50	-12.13
5200.00	3088.00	0.39	-12.09
5232.00	3088.00	0.33	-12.12
5264.00	3088.00	0.36	-12.12
5296.00	3088.00	0.38	-12.00
5328.00	3088.00	0.24	-11.93
5360.00	3088.00	0.16	-11.85
5392.00	3088.00	0.21	-11.81
5424.00	3088.00	0.31	-11.58
5456.00	3088.00	0.28	-11.29
5488.00	3088.00	0.24	-11.05
5520.00	3088.00	0.24	-10.97
5552.00	3088.00	0.21	-10.79
5584.00	3088.00	0.23	-10.46
5616.00	3088.00	0.26	-10.25
5648.00	3088.00	0.10	-9.84
5680.00	3088.00	-0.10	-9.81
5712.00	3088.00	-0.16	-9.49
5744.00	3088.00	0.02	-9.17
5776.00	3088.00	0.09	-8.49
5808.00	3088.00	0.01	-8.09
5840.00	3088.00	-0.03	-7.79
5872.00	3088.00	0.03	-7.28
5904.00	3088.00	0.17	-6.70
5936.00	3088.00	0.32	-6.20
5968.00	3088.00	0.34	-5.49
6000.00	3088.00	0.29	-4.04
6032.00	3088.00	0.34	-2.25
6064.00	3088.00	0.51	-0.71
6096.00	3088.00	0.68	-0.00
6128.00	3088.00	0.71	-1.94
6160.00	3088.00	0.65	-4.41
6192.00	3088.00	0.48	-6.81
6224.00	3088.00	0.28	-7.15
6256.00	3088.00	0.15	-7.26
6288.00	3088.00	0.04	-7.40
6320.00	3088.00	-0.01	-7.60
6352.00	3088.00	0.11	-7.97
6384.00	3088.00	0.28	-8.38
6416.00	3088.00	0.46	-8.78
6448.00	3088.00	0.47	-8.89
6480.00	3088.00	0.44	-9.11
6512.00	3088.00	0.25	-9.53
6544.00	3088.00	0.22	-10.01
6576.00	3088.00	0.16	-10.30
16.00	3120.00	0.23	-15.45
48.00	3120.00	0.29	-15.37
80.00	3120.00	0.38	-15.22
112.00	3120.00	0.39	-15.01
144.00	3120.00	0.25	-14.92
176.00	3120.00	0.12	-14.93
208.00	3120.00	0.09	-15.05
240.00	3120.00	0.19	-15.20
272.00	3120.00	0.26	-15.33
304.00	3120.00	0.30	-15.41
336.00	3120.00	0.38	-15.44
368.00	3120.00	0.42	-15.41
400.00	3120.00	0.39	-15.39
432.00	3120.00	0.24	-15.29
464.00	3120.00	0.10	-15.18
496.00	3120.00	0.11	-15.12
528.00	3120.00	0.20	-15.20
560.00	3120.00	0.21	-15.30
592.00	3120.00	0.16	-15.40
624.00	3120.00	0.13	-15.44
656.00	3120.00	0.24	-15.48
688.00	3120.00	0.31	-15.50
720.00	3120.00	0.31	-15.47
752.00	3120.00	0.29	-15.45
784.00	3120.00	0.21	-15.45
816.00	3120.00	0.26	-15.55
848.00	3120.00	0.28	-15.63
880.00	3120.00	0.36	-15.65
912.00	3120.00	0.34	-15.55
944.00	3120.00	0.28	-15.45
976.00	3120.00	0.22	-15.40
1008.00	3120.00	0.20	-15.37
1040.00	3120.00	0.20	-15.41
1072.00	3120.00	0.18	-15.46
1104.00	3120.00	0.07	-15.47
1136.00	3120.00	-0.03	-15.39
1168.00	3120.00	0.01	-15.29
1200.00	3120.00	0.19	-15.34
1232.00	3120.00	0.35	-15.47
1264.00	3120.00	0.33	-15.57
1296.00	3120.00	0.22	-15.58
1328.00	3120.00	0.12	-15.56
1360.00	3120.00	0.11	-15.55
1392.00	3120.00	0.18	-15.60
1424.00	3120.00	0.25	-15.69
1456.00	3120.00	0.27	-15.75
1488.00	3120.00	0.23	-15.70
1520.00	3120.00	0.18	-15.61
1552.00	3120.00	0.20	-15.65
1584.00	3120.00	0.20	-15.73
1616.00	3120.00	0.14	-15.75
1648.00	3120.00	0.04	-15.66
1680.00	3120.00	-0.02	-15.57
1712.00	3120.00	-0.05	-15.53
1744.00	3120.00	0.01	-15.57
1776.00	3120.00	0.11	-15.66
1808.00	3120.00	0.21	-15.73
1840.00	3120.00	0.20	-15.72
1872.00	3120.00	0.12	-15.72
1904.00	3120.00	0.13	-15.67
1936.00	3120.00	0.20	-15.64
1968.00	3120.00	0.17	-15.67
2000.00	3120.00	0.09	-15.80
2032.00	3120.00	0.00	-15.87
2064.00	3120.00	-0.07	-15.77
2096.00	3120.00	-0.23	-15.65
2128.00	3120.00	-0.31	-15.67
2160.00	3120.00	-0.33	-15.62
2192.00	3120.00	-0.23	-15.57
2224.00	3120.00	-0.14	-15.57
2256.00	3120.00	0.08	-15.81
2288.00	3120.00	0.28	-15.98
2320.00	3120.00	0.37	-16.04
2352.00	3120.00	0.41	-15.87
2384.00	3120.00	0.53	-15.77
2416.00	3120.00	0.67	-15.67
2448.00	3120.00	0.76	-15.81
2480.00	3120.00	0.77	-15.94
2512.00	3120.00	0.85	-15.98
2544.00	3120.00	1.03	-16.10
2576.00	3120.00	1.15	-16.30
2608.00	3120.00	1.10	-16.49
2640.00	3120.00	0.95	-16.56
2672.00	3120.00	0.84	-16.47
2704.00	3120.00	0.82	-16.36
2736.00	3120.00	0.92	-16.08
2768.00	3120.00	0.98	-15.81
2800.00	3120.00	1.01	-15.45
2832.00	3120.00	0.93	-15.04
2864.00	3120.00	0.83	-14.55
2896.00	3120.00	0.65	-14.06
2928.00	3120.00	0.34	-13.55
2960.00	3120.00	0.19	-13.10
2992.00	3120.00	0.19	-12.79
3024.00	3120.00	0.23	-12.66
3056.00	3120.00	0.10	-12.45
3088.00	3120.00	-0.07	-12.17
3120.00	3120.00	-0.10	-11.87
3152.00	3120.00	-0.18	-11.67
3184.00	3120.00	-0.32	-11.56
3216.00	3120.00	-0.45	-11.45
3248.00	3120.00	-0.39	-11.42
3280.00	3120.00	-0.26	-11.43
3312.00	3120.00	-0.31	-11.50
3344.00	3120.00	-0.69	-11.61
3376.00	3120.00	-1.11	-11.75
3408.00	3120.00	-1.42	-11.91
3440.00	3120.00	-1.52	-11.97
3472.00	3120.00	-1.48	-11.91
3504.00	3120.00	-1.42	-11.86
3536.00	3120.00	-1.34	-11.77
3568.00	3120.00	-1.36	-11.78
3600.00	3120.00	-1.56	-11.81
3632.00	3120.00	-1.68	-11.86
3664.00	3120.00	-1.91	-11.94
3696.00	3120.00	-1.85	-11.94
3728.00	3120.00	-1.71	-11.91
3760.00	3120.00	-1.50	-11.83
3792.00	3120.00	-1.31	-11.87
3824.00	3120.00	-1.29	-12.03
3856.00	3120.00	-1.27	-12.20
3888.00	3120.00	-1.33	-12.23
3920.00	3120.00	-1.39	-12.13
3952.00	3120.00	-1.43	-12.03
3984.00	3120.00	-1.46	-12.00
4016.00	3120.00	-1.43	-12.06
4048.00	3120.00	-1.32	-12.12
4080.00	3120.00	-1.20	-12.15
4112.00	3120.00	-1.11	-12.12
4144.00	3120.00	-1.07	-11.98
4176.00	3120.00	-1.10	-11.86
4208.00	3120.00	-1.17	-11.84
4240.00	3120.00	-1.18	-11.88
4272.00	3120.00	-1.10	-11.77
4304.00	3120.00	-0.94	-11.57
4336.00	3120.00	-0.82	-11.30
4368.00	3120.00	-0.81	-11.13
4400.00	3120.00	-0.89	-11.08
4432.00	3120.00	-0.95	-11.09
4464.00	3120.00	-0.87	-11.17
4496.00	3120.00	-0.75	-11.22
4528.00	3120.00	-0.64	-11.36
4560.00	3120.00	-0.57	-11.51
4592.00	3120.00	-0.56	-11.47
4624.00	3120.00	-0.76	-11.32
4656.00	3120.00	-0.94	-11.19
4688.00	3120.00	-0.93	-11.20
4720.00	3120.00	-0.73	-11.30
4752.00	3120.00	-0.53	-11.25
4784.00	3120.00	-0.35	-11.27
4816.00	3120.00	-0.20	-11.40
4848.00	3120.00	-0.26	-11.60
4880.00	3120.00	-0.50	-11.63
4912.00	3120.00	-0.69	-11.57
4944.00	3120.00	-0.59	-11.61
4976.00	3120.00	-0.32	-11.70
5008.00	3120.00	-0.12	-11.81
5040.00	3120.00	0.07	-11.85
5072.00	3120.00	0.29	-11.99
5104.00	3120.00	0.52	-12.14
5136.00	3120.00	0.58	-12.21
5168.00	3120.00	0.48	-12.17
5200.00	3120.00	0.35	-12.12
5232.00	3120.00	0.32	-12.09
5264.00	3120.00	0.42	-12.05
5296.00	3120.00	0.48	-11.88
5328.00	3120.00	0.34	-11.73
5360.00	3120.00	0.20	-11.65
5392.00	3120.00	0.21	-11.70
5424.00	3120.00	0.26	-11.49
5456.00	3120.00	0.21	-11.18
5488.00	3120.00	0.18	-10.82
5520.00	3120.00	0.19	-10.62
5552.00	3120.00	0.19	-10.39
5584.00	3120.00	0.24	-10.11
5616.00	3120.00	0.19	-9.90
5648.00	3120.00	0.09	-9.80
5680.00	3120.00	-0.02	-10.02
5712.00	3120.00	0.10	-10.11
5744.00	3120.00	0.32	-9.99
5776.00	3120.00	0.39	-9.36
5808.00	3120.00	0.22	-8.73
5840.00	3120.00	0.01	-8.12
5872.00	3120.00	-0.08	-7.52
5904.00	3120.00	0.08	-7.01
5936.00	3120.00	0.35	-6.44
5968.00	3120.00	0.46	-5.56
6000.00	3120.00	0.39	-3.80
6032.00	3120.00	0.37	-1.98
6064.00	3120.00	0.50	-0.52
6096.00	3120.00	0.62	-0.13
6128.00	3120.00	0.64	-2.26
6160.00	3120.00	0.59	-4.77
6192.00	3120.00	0.53	-7.15
6224.00	3120.00	0.39	-7.33
6256.00	3120.00	0.22	-7.37
6288.00	3120.00	-0.00	-7.62
6320.00	3120.00	-0.14	-8.13
6352.00	3120.00	-0.04	-8.79
6384.00	3120.00	0.15	-9.27
6416.00	3120.00	0.43	-9.48
6448.00	3120.00	0.51	-9.41
6480.00	3120.00	0.51	-9.60
6512.00	3120.00	0.28	-10.02
6544.00	3120.00	0.26	-10.38
6576.00	3120.00	0.22	-10.52
16.00	3152.00	0.30	-15.43
48.00	3152.00	0.31	-15.40
80.00	3152.00	0.35	-15.37
112.00	3152.00	0.34	-15.27
144.00	3152.00	0.23	-15.17
176.00	3152.00	0.12	-15.10
208.00	3152.00	0.06	-15.12
240.00	3152.00	0.11	-15.23
272.00	3152.00	0.18	-15.33
304.00	3152.00	0.27	-15.35
336.00	3152.00	0.36	-15.35
368.00	3152.00	0.38	-15.34
400.00	3152.00	0.29	-15.38
432.00	3152.00	0.16	-15.36
464.00	3152.00	0.09	-15.29
496.00	3152.00	0.15	-15.22
528.00	3152.00	0.26	-15.30
560.00	3152.00	0.22	-15.41
592.00	3152.00	0.13	-15.46
624.00	3152.00	0.08	-15.41
656.00	3152.00	0.16	-15.42
688.00	3152.00	0.23	-15.48
720.00	3152.00	0.23	-15.49
752.00	3152.00	0.26	-15.43
784.00	3152.00	0.23	-15.38
816.00	3152.00	0.29	-15.46
848.00	3152.00	0.29	-15.53
880.00	3152.00	0.32	-15.57
912.00	3152.00	0.29	-15.51
944.00	3152.00	0.24	-15.49
976.00	3152.00	0.23	-15.46
1008.00	3152.00	0.23	-15.41
1040.00	3152.00	0.21	-15.39
1072.00	3152.00	0.19	-15.46
1104.00	3152.00	0.13	-15.49
1136.00	3152.00	0.10	-15.41
1168.00	3152.00	0.17	-15.24
1200.00	3152.00	0.29	-15.25
1232.00	3152.00	0.39	-15.38
1264.00	3152.00	0.31	-15.54
1296.00	3152.00	0.21	-15.64
1328.00	3152.00	0.11	-15.66
1360.00	3152.00	0.10	-15.65
1392.00	3152.00	0.12	-15.61
1424.00	3152.00	0.19	-15.60
1456.00	3152.00	0.24	-15.60
1488.00	3152.00	0.22	-15.59
1520.00	3152.00	0.18	-15.60
1552.00	3152.00	0.23	-15.69
1584.00	3152.00	0.24	-15.74
1616.00	3152.00	0.15	-15.69
1648.00	3152.00	-0.03	-15.64
1680.00	3152.00	-0.11	-15.57
1712.00	3152.00	-0.10	-15.54
1744.00	3152.00	0.01	-15.50
1776.00	3152.00	0.09	-15.56
1808.00	3152.00	0.14	-15.62
1840.00	3152.00	0.14	-15.67
1872.00	3152.00	0.14	-15.75
1904.00	3152.00	0.22	-15.79
1936.00	3152.00	0.28	-15.76
1968.00	3152.00	0.16	-15.78
2000.00	3152.00	0.08	-15.84
2032.00	3152.00	0.00	-15.86
2064.00	3152.00	-0.01	-15.76
2096.00	3152.00	-0.16	-15.66
2128.00	3152.00	-0.16	-15.67
2160.00	3152.00	-0.10	-15.57
2192.00	3152.00	-0.01	-15.50
2224.00	3152.00	-0.05	-15.53
2256.00	3152.00	0.02	-15.79
2288.00	3152.00	0.12	-15.96
2320.00	3152.00	0.23	-15.99
2352.00	3152.00	0.32	-15.91
2384.00	3152.00	0.47	-15.87
2416.00	3152.00	0.55	-15.81
2448.00	3152.00	0.60	-15.87
2480.00	3152.00	0.59	-15.93
2512.00	3152.00	0.65	-15.90
2544.00	3152.00	0.82	-15.97
2576.00	3152.00	0.96	-16.22
2608.00	3152.00	0.95	-16.52
2640.00	3152.00	0.86	-16.65
2672.00	3152.00	0.73	-16.63
2704.00	3152.00	0.62	-16.66
2736.00	3152.00	0.59	-16.44
2768.00	3152.00	0.69	-16.03
2800.00	3152.00	0.82	-15.45
2832.00	3152.00	0.78	-14.96
2864.00	3152.00	0.58	-14.56
2896.00	3152.00	0.31	-14.16
2928.00	3152.00	-0.00	-13.77
2960.00	3152.00	-0.11	-13.27
2992.00	3152.00	-0.05	-12.82
3024.00	3152.00	-0.01	-12.49
3056.00	3152.00	-0.15	-12.18
3088.00	3152.00	-0.26	-11.90
3120.00	3152.00	-0.23	-11.66
3152.00	3152.00	-0.29	-11.53
3184.00	3152.00	-0.48	-11.42
3216.00	3152.00	-0.64	-11.33
3248.00	3152.00	-0.60	-11.26
3280.00	3152.00	-0.48	-11.34
3312.00	3152.00	-0.56	-11.39
3344.00	3152.00	-0.81	-11.51
3376.00	3152.00	-1.16	-11.63
3408.00	3152.00	-1.43	-11.79
3440.00	3152.00	-1.57	-11.86
3472.00	3152.00	-1.48	-11.77
3504.00	3152.00	-1.33	-11.75
3536.00	3152.00	-1.19	-11.73
3568.00	3152.00	-1.29	-11.84
3600.00	3152.00	-1.52	-11.92
3632.00	3152.00	-1.62	-11.95
3664.00	3152.00	-1.70	-11.89
3696.00	3152.00	-1.68	-11.75
3728.00	3152.00	-1.68	-11.67
3760.00	3152.00	-1.62	-11.63
3792.00	3152.00	-1.42	-11.71
3824.00	3152.00	-1.37	-11.89
3856.00	3152.00	-1.35	-12.13
3888.00	3152.00	-1.45	-12.23
3920.00	3152.00	-1.56	-12.20
3952.00	3152.00	-1.56	-12.08
3984.00	3152.00	-1.53	-12.00
4016.00	3152.00	-1.46	-12.00
4048.00	3152.00	-1.35	-11.99
4080.00	3152.00	-1.17	-12.02
4112.00	3152.00	-1.03	-11.98
4144.00	3152.00	-0.98	-11.88
4176.00	3152.00	-1.04	-11.76
4208.00	3152.00	-1.14	-11.76
4240.00	3152.00	-1.20	-11.86
4272.00	3152.00	-1.18	-11.84
4304.00	3152.00	-1.09	-11.73
4336.00	3152.00	-1.02	-11.51
4368.00	3152.00	-0.93	-11.32
4400.00	3152.00	-0.89	-11.18
4432.00	3152.00	-0.85	-11.04
4464.00	3152.00	-0.85	-10.99
4496.00	3152.00	-0.84	-10.98
4528.00	3152.00	-0.78	-11.12
4560.00	3152.00	-0.65	-11.31
4592.00	3152.00	-0.63	-11.37
4624.00	3152.00	-0.73	-11.32
4656.00	3152.00	-0.76	-11.27
4688.00	3152.00	-0.59	-11.25
4720.00	3152.00	-0.44	-11.30
4752.00	3152.00	-0.43	-11.25
4784.00	3152.00	-0.40	-11.33
4816.00	3152.00	-0.27	-11.50
4848.00	3152.00	-0.25	-11.68
4880.00	3152.00	-0.37	-11.69
4912.00	3152.00	-0.47	-11.64
4944.00	3152.00	-0.51	-11.64
4976.00	3152.00	-0.47	-11.70
5008.00	3152.00	-0.43	-11.75
5040.00	3152.00	-0.24	-11.80
5072.00	3152.00	-0.02	-11.89
5104.00	3152.00	0.18	-11.99
5136.00	3152.00	0.38	-11.99
5168.00	3152.00	0.41	-12.00
5200.00	3152.00	0.33	-12.02
5232.00	3152.00	0.31	-12.06
5264.00	3152.00	0.44	-11.99
5296.00	3152.00	0.55	-11.78
5328.00	3152.00	0.42	-11.58
5360.00	3152.00	0.24	-11.47
5392.00	3152.00	0.21	-11.50
5424.00	3152.00	0.23	-11.34
5456.00	3152.00	0.21	-11.11
5488.00	3152.00	0.16	-10.77
5520.00	3152.00	0.13	-10.53
5552.00	3152.00	0.13	-10.27
5584.00	3152.00	0.18	-9.97
5616.00	3152.00	0.21	-9.78
5648.00	3152.00	0.14	-9.75
5680.00	3152.00	0.12	-10.14
5712.00	3152.00	0.16	-10.13
5744.00	3152.00	0.48	-10.18
5776.00	3152.00	0.57	-9.82
5808.00	3152.00	0.47	-9.43
5840.00	3152.00	0.16	-8.75
5872.00	3152.00	0.07	-7.89
5904.00	3152.00	0.25	-7.30
5936.00	3152.00	0.49	-6.51
5968.00	3152.00	0.46	-5.51
6000.00	3152.00	0.35	-3.77
6032.00	3152.00	0.31	-1.96
6064.00	3152.00	0.45	-0.58
6096.00	3152.00	0.55	-0.39
6128.00	3152.00	0.55	-2.32
6160.00	3152.00	0.53	-4.66
6192.00	3152.00	0.54	-6.86
6224.00	3152.00	0.47	-7.42
6256.00	3152.00	0.31	-7.75
6288.00	3152.00	0.05	-8.25
6320.00	3152.00	-0.16	-8.89
6352.00	3152.00	-0.13	-9.51
6384.00	3152.00	0.04	-9.89
6416.00	3152.00	0.37	-10.00
6448.00	3152.00	0.54	-9.95
6480.00	3152.00	0.58	-10.00
6512.00	3152.00	0.37	-10.26
6544.00	3152.00	0.30	-10.52
6576.00	3152.00	0.23	-10.65
16.00	3184.00	0.24	-15.44
48.00	3184.00	0.17	-15.38
80.00	3184.00	0.14	-15.40
112.00	3184.00	0.16	-15.39
144.00	3184.00	0.19	-15.36
176.00	3184.00	0.17	-15.23
208.00	3184.00	0.16	-15.26
240.00	3184.00	0.15	-15.35
272.00	3184.00	0.21	-15.41
304.00	3184.00	0.24	-15.38
336.00	3184.00	0.29	-15.36
368.00	3184.00	0.33	-15.36
400.00	3184.00	0.25	-15.41
432.00	3184.00	0.14	-15.41
464.00	3184.00	0.10	-15.36
496.00	3184.00	0.20	-15.30
528.00	3184.00	0.32	-15.35
560.00	3184.00	0.26	-15.42
592.00	3184.00	0.16	-15.44
624.00	3184.00	0.10	-15.36
656.00	3184.00	0.13	-15.39
688.00	3184.00	0.19	-15.47
720.00	3184.00	0.21	-15.47
752.00	3184.00	0.27	-15.43
784.00	3184.00	0.27	-15.36
816.00	3184.00	0.30	-15.43
848.00	3184.00	0.25	-15.44
880.00	3184.00	0.19	-15.43
912.00	3184.00	0.14	-15.40
944.00	3184.00	0.13	-15.44
976.00	3184.00	0.21	-15.45
1008.00	3184.00	0.26	-15.40
1040.00	3184.00	0.27	-15.34
1072.00	3184.00	0.29	-15.41
1104.00	3184.00	0.30	-15.50
1136.00	3184.00	0.31	-15.45
1168.00	3184.00	0.34	-15.26
1200.00	3184.00	0.39	-15.25
1232.00	3184.00	0.38	-15.40
1264.00	3184.00	0.31	-15.57
1296.00	3184.00	0.23	-15.68
1328.00	3184.00	0.18	-15.70
1360.00	3184.00	0.14	-15.69
1392.00	3184.00	0.10	-15.58
1424.00	3184.00	0.11	-15.48
1456.00	3184.00	0.14	-15.42
1488.00	3184.00	0.17	-15.45
1520.00	3184.00	0.16	-15.56
1552.00	3184.00	0.23	-15.71
1584.00	3184.00	0.22	-15.76
1616.00	3184.00	0.10	-15.70
1648.00	3184.00	-0.10	-15.68
1680.00	3184.00	-0.19	-15.65
1712.00	3184.00	-0.12	-15.61
1744.00	3184.00	0.03	-15.51
1776.00	3184.00	0.10	-15.53
1808.00	3184.00	0.13	-15.62
1840.00	3184.00	0.16	-15.73
1872.00	3184.00	0.22	-15.85
1904.00	3184.00	0.28	-15.93
1936.00	3184.00	0.29	-15.91
1968.00	3184.00	0.15	-15.88
2000.00	3184.00	0.16	-15.88
2032.00	3184.00	0.15	-15.83
2064.00	3184.00	0.16	-15.73
2096.00	3184.00	0.01	-15.65
2128.00	3184.00	0.00	-15.68
2160.00	3184.00	0.09	-15.61
2192.00	3184.00	0.17	-15.55
2224.00	3184.00	0.09	-15.59
2256.00	3184.00	0.05	-15.76
2288.00	3184.00	0.06	-15.88
2320.00	3184.00	0.21	-15.98
2352.00	3184.00	0.36	-16.08
2384.00	3184.00	0.49	-16.15
2416.00	3184.00	0.47	-16.11
2448.00	3184.00	0.47	-16.08
2480.00	3184.00	0.46	-16.00
2512.00	3184.00	0.45	-15.82
2544.00	3184.00	0.54	-15.82
2576.00	3184.00	0.65	-16.12
2608.00	3184.00	0.72	-16.53
2640.00	3184.00	0.69	-16.78
2672.00	3184.00	0.54	-16.82
2704.00	3184.00	0.42	-16.80
2736.00	3184.00	0.36	-16.48
2768.00	3184.00	0.30	-15.94
2800.00	3184.00	0.37	-15.33
2832.00	3184.00	0.36	-14.82
2864.00	3184.00	0.32	-14.45
2896.00	3184.00	0.06	-14.09
2928.00	3184.00	-0.21	-13.78
2960.00	3184.00	-0.26	-13.28
2992.00	3184.00	-0.20	-12.74
3024.00	3184.00	-0.22	-12.27
3056.00	3184.00	-0.32	-11.95
3088.00	3184.00	-0.38	-11.76
3120.00	3184.00	-0.37	-11.64
3152.00	3184.00	-0.46	-11.55
3184.00	3184.00	-0.64	-11.44
3216.00	3184.00	-0.74	-11.33
3248.00	3184.00	-0.74	-11.24
3280.00	3184.00	-0.81	-11.35
3312.00	3184.00	-0.93	-11.41
3344.00	3184.00	-0.99	-11.47
3376.00	3184.00	-1.11	-11.48
3408.00	3184.00	-1.42	-11.60
3440.00	3184.00	-1.66	-11.71
3472.00	3184.00	-1.60	-11.71
3504.00	3184.00	-1.36	-11.75
3536.00	3184.00	-1.16	-11.78
3568.00	3184.00	-1.24	-11.87
3600.00	3184.00	-1.44	-11.92
3632.00	3184.00	-1.53	-11.96
3664.00	3184.00	-1.50	-11.92
3696.00	3184.00	-1.43	-11.73
3728.00	3184.00	-1.46	-11.62
3760.00	3184.00	-1.52	-11.54
3792.00	3184.00	-1.44	-11.60
3824.00	3184.00	-1.45	-11.76
3856.00	3184.00	-1.50	-12.04
3888.00	3184.00	-1.62	-12.19
3920.00	3184.00	-1.71	-12.20
3952.00	3184.00	-1.67	-12.08
3984.00	3184.00	-1.57	-12.00
4016.00	3184.00	-1.43	-11.98
4048.00	3184.00	-1.28	-11.90
4080.00	3184.00	-1.07	-11.88
4112.00	3184.00	-0.94	-11.83
4144.00	3184.00	-0.93	-11.80
4176.00	3184.00	-1.02	-11.73
4208.00	3184.00	-1.10	-11.73
4240.00	3184.00	-1.18	-11.85
4272.00	3184.00	-1.23	-11.92
4304.00	3184.00	-1.24	-11.91
4336.00	3184.00	-1.25	-11.70
4368.00	3184.00	-1.07	-11.42
4400.00	3184.00	-0.91	-11.22
4432.00	3184.00	-0.77	-11.01
4464.00	3184.00	-0.84	-10.90
4496.00	3184.00	-0.88	-10.86
4528.00	3184.00	-0.79	-11.01
4560.00	3184.00	-0.67	-11.22
4592.00	3184.00	-0.72	-11.35
4624.00	3184.00	-0.78	-11.38
4656.00	3184.00	-0.70	-11.32
4688.00	3184.00	-0.38	-11.24
4720.00	3184.00	-0.28	-11.22
4752.00	3184.00	-0.37	-11.22
4784.00	3184.00	-0.39	-11.33
4816.00	3184.00	-0.29	-11.51
4848.00	3184.00	-0.23	-11.66
4880.00	3184.00	-0.34	-11.67
4912.00	3184.00	-0.37	-11.65
4944.00	3184.00	-0.54	-11.62
4976.00	3184.00	-0.63	-11.65
5008.00	3184.00	-0.63	-11.69
5040.00	3184.00	-0.41	-11.79
5072.00	3184.00	-0.24	-11.83
5104.00	3184.00	-0.12	-11.78
5136.00	3184.00	0.13	-11.74
5168.00	3184.00	0.29	-11.78
5200.00	3184.00	0.32	-11.87
5232.00	3184.00	0.31	-11.95
5264.00	3184.00	0.37	-11.91
5296.00	3184.00	0.41	-11.68
5328.00	3184.00	0.29	-11.43
5360.00	3184.00	0.20	-11.36
5392.00	3184.00	0.24	-11.40
5424.00	3184.00	0.31	-11.29
5456.00	3184.00	0.35	-11.10
5488.00	3184.00	0.27	-10.86
5520.00	3184.00	0.14	-10.61
5552.00	3184.00	0.06	-10.31
5584.00	3184.00	0.07	-10.00
5616.00	3184.00	0.13	-9.79
5648.00	3184.00	0.11	-9.72
5680.00	3184.00	0.10	-9.83
5712.00	3184.00	0.04	-9.70
5744.00	3184.00	0.35	-9.74
5776.00	3184.00	0.52	-9.78
5808.00	3184.00	0.58	-9.69
5840.00	3184.00	0.28	-9.19
5872.00	3184.00	0.22	-8.30
5904.00	3184.00	0.33	-7.42
5936.00	3184.00	0.43	-6.43
5968.00	3184.00	0.29	-5.44
6000.00	3184.00	0.21	-3.82
6032.00	3184.00	0.27	-2.00
6064.00	3184.00	0.45	-0.55
6096.00	3184.00	0.52	-0.62
6128.00	3184.00	0.49	-2.21
6160.00	3184.00	0.48	-4.21
6192.00	3184.00	0.45	-6.01
6224.00	3184.00	0.42	-6.98
6256.00	3184.00	0.33	-7.76
6288.00	3184.00	0.17	-8.59
6320.00	3184.00	0.02	-9.35
6352.00	3184.00	-0.04	-9.86
6384.00	3184.00	0.06	-10.12
6416.00	3184.00	0.30	-10.16
6448.00	3184.00	0.52	-10.04
6480.00	3184.00	0.62	-9.90
6512.00	3184.00	0.49	-10.07
6544.00	3184.00	0.34	-10.46
6576.00	3184.00	0.23	-10.73
16.00	3216.00	0.11	-15.36
48.00	3216.00	0.01	-15.30
80.00	3216.00	-0.08	-15.34
112.00	3216.00	0.02	-15.40
144.00	3216.00	0.20	-15.44
176.00	3216.00	0.26	-15.35
208.00	3216.00	0.27	-15.37
240.00	3216.00	0.24	-15.42
272.00	3216.00	0.26	-15.42
304.00	3216.00	0.17	-15.33
336.00	3216.00	0.18	-15.31
368.00	3216.00	0.25	-15.35
400.00	3216.00	0.25	-15.41
432.00	3216.00	0.17	-15.42
464.00	3216.00	0.15	-15.38
496.00	3216.00	0.24	-15.36
528.00	3216.00	0.33	-15.37
560.00	3216.00	0.26	-15.41
592.00	3216.00	0.17	-15.41
624.00	3216.00	0.12	-15.39
656.00	3216.00	0.12	-15.43
688.00	3216.00	0.17	-15.47
720.00	3216.00	0.20	-15.43
752.00	3216.00	0.21	-15.35
784.00	3216.00	0.24	-15.29
816.00	3216.00	0.26	-15.37
848.00	3216.00	0.24	-15.36
880.00	3216.00	0.14	-15.32
912.00	3216.00	0.08	-15.29
944.00	3216.00	0.10	-15.39
976.00	3216.00	0.19	-15.47
1008.00	3216.00	0.25	-15.44
1040.00	3216.00	0.29	-15.39
1072.00	3216.00	0.36	-15.45
1104.00	3216.00	0.43	-15.51
1136.00	3216.00	0.43	-15.48
1168.00	3216.00	0.40	-15.35
1200.00	3216.00	0.35	-15.34
1232.00	3216.00	0.30	-15.44
1264.00	3216.00	0.28	-15.50
1296.00	3216.00	0.27	-15.56
1328.00	3216.00	0.28	-15.58
1360.00	3216.00	0.21	-15.62
1392.00	3216.00	0.11	-15.54
1424.00	3216.00	0.06	-15.47
1456.00	3216.00	0.08	-15.42
1488.00	3216.00	0.12	-15.44
1520.00	3216.00	0.11	-15.52
1552.00	3216.00	0.15	-15.63
1584.00	3216.00	0.14	-15.69
1616.00	3216.00	0.03	-15.70
1648.00	3216.00	-0.09	-15.77
1680.00	3216.00	-0.14	-15.73
1712.00	3216.00	-0.08	-15.61
1744.00	3216.00	-0.02	-15.47
1776.00	3216.00	0.06	-15.50
1808.00	3216.00	0.15	-15.68
1840.00	3216.00	0.25	-15.86
1872.00	3216.00	0.29	-15.96
1904.00	3216.00	0.30	-15.97
1936.00	3216.00	0.23	-15.91
1968.00	3216.00	0.15	-15.89
2000.00	3216.00	0.23	-15.90
2032.00	3216.00	0.27	-15.86
2064.00	3216.00	0.25	-15.80
2096.00	3216.00	0.16	-15.75
2128.00	3216.00	0.11	-15.77
2160.00	3216.00	0.15	-15.72
2192.00	3216.00	0.15	-15.66
2224.00	3216.00	0.14	-15.69
2256.00	3216.00	0.16	-15.79
2288.00	3216.00	0.17	-15.89
2320.00	3216.00	0.29	-16.03
2352.00	3216.00	0.39	-16.19
2384.00	3216.00	0.46	-16.30
2416.00	3216.00	0.44	-16.25
2448.00	3216.00	0.46	-16.15
2480.00	3216.00	0.47	-15.99
2512.00	3216.00	0.37	-15.88
2544.00	3216.00	0.29	-15.91
2576.00	3216.00	0.36	-16.23
2608.00	3216.00	0.54	-16.58
2640.00	3216.00	0.61	-16.83
2672.00	3216.00	0.45	-16.81
2704.00	3216.00	0.27	-16.58
2736.00	3216.00	0.20	-16.08
2768.00	3216.00	0.02	-15.52
2800.00	3216.00	-0.02	-15.02
2832.00	3216.00	0.00	-14.60
2864.00	3216.00	0.06	-14.28
2896.00	3216.00	-0.09	-13.95
2928.00	3216.00	-0.26	-13.59
2960.00	3216.00	-0.31	-13.01
2992.00	3216.00	-0.34	-12.42
3024.00	3216.00	-0.48	-11.96
3056.00	3216.00	-0.54	-11.76
3088.00	3216.00	-0.56	-11.73
3120.00	3216.00	-0.57	-11.75
3152.00	3216.00	-0.70	-11.68
3184.00	3216.00	-0.78	-11.54
3216.00	3216.00	-0.82	-11.36
3248.00	3216.00	-0.90	-11.24
3280.00	3216.00	-1.09	-11.35
3312.00	3216.00	-1.17	-11.42
3344.00	3216.00	-0.96	-11.42
3376.00	3216.00	-0.94	-11.37
3408.00	3216.00	-1.38	-11.48
3440.00	3216.00	-1.85	-11.71
3472.00	3216.00	-1.88	-11.86
3504.00	3216.00	-1.58	-11.94
3536.00	3216.00	-1.42	-11.89
3568.00	3216.00	-1.51	-11.79
3600.00	3216.00	-1.61	-11.70
3632.00	3216.00	-1.60	-11.77
3664.00	3216.00	-1.51	-11.90
3696.00	3216.00	-1.33	-11.90
3728.00	3216.00	-1.22	-11.80
3760.00	3216.00	-1.18	-11.61
3792.00	3216.00	-1.29	-11.53
3824.00	3216.00	-1.47	-11.65
3856.00	3216.00	-1.68	-11.92
3888.00	3216.00	-1.78	-12.10
3920.00	3216.00	-1.80	-12.08
3952.00	3216.00	-1.63	-11.99
3984.00	3216.00	-1.47	-12.00
4016.00	3216.00	-1.35	-12.03
4048.00	3216.00	-1.24	-11.90
4080.00	3216.00	-1.07	-11.80
4112.00	3216.00	-0.98	-11.73
4144.00	3216.00	-1.00	-11.79
4176.00	3216.00	-1.07	-11.77
4208.00	3216.00	-1.10	-11.75
4240.00	3216.00	-1.17	-11.78
4272.00	3216.00	-1.24	-11.91
4304.00	3216.00	-1.22	-11.93
4336.00	3216.00	-1.20	-11.70
4368.00	3216.00	-0.98	-11.34
4400.00	3216.00	-0.84	-11.08
4432.00	3216.00	-0.74	-10.88
4464.00	3216.00	-0.81	-10.81
4496.00	3216.00	-0.81	-10.82
4528.00	3216.00	-0.67	-11.01
4560.00	3216.00	-0.59	-11.20
4592.00	3216.00	-0.75	-11.32
4624.00	3216.00	-0.80	-11.34
4656.00	3216.00	-0.70	-11.26
4688.00	3216.00	-0.33	-11.16
4720.00	3216.00	-0.29	-11.09
4752.00	3216.00	-0.38	-11.16
4784.00	3216.00	-0.45	-11.31
4816.00	3216.00	-0.41	-11.51
4848.00	3216.00	-0.37	-11.59
4880.00	3216.00	-0.43	-11.61
4912.00	3216.00	-0.49	-11.62
4944.00	3216.00	-0.63	-11.63
4976.00	3216.00	-0.68	-11.63
5008.00	3216.00	-0.48	-11.71
5040.00	3216.00	-0.25	-11.83
5072.00	3216.00	-0.15	-11.84
5104.00	3216.00	-0.19	-11.68
5136.00	3216.00	-0.04	-11.54
5168.00	3216.00	0.09	-11.58
5200.00	3216.00	0.18	-11.67
5232.00	3216.00	0.20	-11.82
5264.00	3216.00	0.23	-11.82
5296.00	3216.00	0.20	-11.71
5328.00	3216.00	0.12	-11.53
5360.00	3216.00	0.12	-11.46
5392.00	3216.00	0.22	-11.44
5424.00	3216.00	0.36	-11.31
5456.00	3216.00	0.46	-11.10
5488.00	3216.00	0.40	-10.92
5520.00	3216.00	0.22	-10.70
5552.00	3216.00	0.09	-10.45
5584.00	3216.00	0.06	-10.21
5616.00	3216.00	0.10	-9.95
5648.00	3216.00	0.05	-9.77
5680.00	3216.00	0.07	-9.79
5712.00	3216.00	-0.00	-9.57
5744.00	3216.00	0.27	-9.53
5776.00	3216.00	0.37	-9.44
5808.00	3216.00	0.45	-9.41
5840.00	3216.00	0.21	-9.09
5872.00	3216.00	0.22	-8.30
5904.00	3216.00	0.31	-7.26
5936.00	3216.00	0.29	-6.08
5968.00	3216.00	0.11	-5.09
6000.00	3216.00	0.06	-3.59
6032.00	3216.00	0.20	-1.89
6064.00	3216.00	0.39	-0.49
6096.00	3216.00	0.46	-0.74
6128.00	3216.00	0.44	-2.10
6160.00	3216.00	0.41	-3.74
6192.00	3216.00	0.35	-5.16
6224.00	3216.00	0.33	-6.14
6256.00	3216.00	0.32	-7.22
6288.00	3216.00	0.20	-8.31
6320.00	3216.00	0.08	-9.23
6352.00	3216.00	-0.02	-9.68
6384.00	3216.00	0.08	-9.90
6416.00	3216.00	0.27	-9.97
6448.00	3216.00	0.53	-9.87
6480.00	3216.00	0.66	-9.69
6512.00	3216.00	0.66	-9.76
6544.00	3216.00	0.48	-10.19
6576.00	3216.00	0.43	-10.45
16.00	3248.00	0.04	-15.21
48.00	3248.00	-0.05	-15.18
80.00	3248.00	-0.11	-15.23
112.00	3248.00	0.02	-15.34
144.00	3248.00	0.23	-15.44
176.00	3248.00	0.30	-15.44
208.00	3248.00	0.31	-15.49
240.00	3248.00	0.30	-15.50
272.00	3248.00	0.31	-15.42
304.00	3248.00	0.17	-15.31
336.00	3248.00	0.16	-15.29
368.00	3248.00	0.26	-15.35
400.00	3248.00	0.33	-15.38
432.00	3248.00	0.27	-15.38
464.00	3248.00	0.25	-15.35
496.00	3248.00	0.31	-15.39
528.00	3248.00	0.34	-15.40
560.00	3248.00	0.30	-15.39
592.00	3248.00	0.22	-15.37
624.00	3248.00	0.17	-15.35
656.00	3248.00	0.16	-15.36
688.00	3248.00	0.19	-15.35
720.00	3248.00	0.21	-15.33
752.00	3248.00	0.16	-15.32
784.00	3248.00	0.18	-15.30
816.00	3248.00	0.25	-15.32
848.00	3248.00	0.30	-15.26
880.00	3248.00	0.27	-15.26
912.00	3248.00	0.18	-15.30
944.00	3248.00	0.17	-15.40
976.00	3248.00	0.19	-15.45
1008.00	3248.00	0.23	-15.43
1040.00	3248.00	0.26	-15.43
1072.00	3248.00	0.35	-15.39
1104.00	3248.00	0.45	-15.35
1136.00	3248.00	0.44	-15.37
1168.00	3248.00	0.35	-15.42
1200.00	3248.00	0.24	-15.47
1232.00	3248.00	0.19	-15.47
1264.00	3248.00	0.24	-15.39
1296.00	3248.00	0.29	-15.40
1328.00	3248.00	0.32	-15.46
1360.00	3248.00	0.20	-15.55
1392.00	3248.00	0.07	-15.51
1424.00	3248.00	0.01	-15.48
1456.00	3248.00	0.04	-15.46
1488.00	3248.00	0.09	-15.45
1520.00	3248.00	0.07	-15.42
1552.00	3248.00	0.10	-15.47
1584.00	3248.00	0.08	-15.57
1616.00	3248.00	0.02	-15.67
1648.00	3248.00	-0.03	-15.74
1680.00	3248.00	-0.00	-15.70
1712.00	3248.00	0.05	-15.58
1744.00	3248.00	0.03	-15.49
1776.00	3248.00	0.03	-15.57
1808.00	3248.00	0.12	-15.79
1840.00	3248.00	0.23	-15.94
1872.00	3248.00	0.27	-15.95
1904.00	3248.00	0.28	-15.85
1936.00	3248.00	0.22	-15.75
1968.00	3248.00	0.19	-15.73
2000.00	3248.00	0.21	-15.79
2032.00	3248.00	0.23	-15.81
2064.00	3248.00	0.18	-15.82
2096.00	3248.00	0.13	-15.77
2128.00	3248.00	0.09	-15.73
2160.00	3248.00	0.12	-15.68
2192.00	3248.00	0.10	-15.68
2224.00	3248.00	0.11	-15.74
2256.00	3248.00	0.18	-15.88
2288.00	3248.00	0.21	-15.98
2320.00	3248.00	0.29	-16.08
2352.00	3248.00	0.35	-16.20
2384.00	3248.00	0.42	-16.28
2416.00	3248.00	0.48	-16.25
2448.00	3248.00	0.48	-16.15
2480.00	3248.00	0.48	-16.00
2512.00	3248.00	0.33	-15.97
2544.00	3248.00	0.21	-16.07
2576.00	3248.00	0.27	-16.37
2608.00	3248.00	0.47	-16.59
2640.00	3248.00	0.52	-16.74
2672.00	3248.00	0.34	-16.67
2704.00	3248.00	0.11	-16.37
2736.00	3248.00	-0.01	-15.83
2768.00	3248.00	-0.28	-15.27
2800.00	3248.00	-0.41	-14.82
2832.00	3248.00	-0.39	-14.52
2864.00	3248.00	-0.26	-14.27
2896.00	3248.00	-0.30	-13.92
2928.00	3248.00	-0.42	-13.39
2960.00	3248.00	-0.49	-12.74
2992.00	3248.00	-0.59	-12.19
3024.00	3248.00	-0.76	-11.84
3056.00	3248.00	-0.81	-11.71
3088.00	3248.00	-0.82	-11.76
3120.00	3248.00	-0.88	-11.81
3152.00	3248.00	-1.06	-11.73
3184.00	3248.00	-1.07	-11.56
3216.00	3248.00	-1.02	-11.35
3248.00	3248.00	-0.93	-11.30
3280.00	3248.00	-1.11	-11.35
3312.00	3248.00	-1.10	-11.43
3344.00	3248.00	-0.88	-11.37
3376.00	3248.00	-0.87	-11.32
3408.00	3248.00	-1.35	-11.44
3440.00	3248.00	-1.85	-11.66
3472.00	3248.00	-1.92	-11.87
3504.00	3248.00	-1.64	-11.94
3536.00	3248.00	-1.61	-11.86
3568.00	3248.00	-1.71	-11.67
3600.00	3248.00	-1.83	-11.54
3632.00	3248.00	-1.72	-11.59
3664.00	3248.00	-1.59	-11.79
3696.00	3248.00	-1.28	-11.88
3728.00	3248.00	-1.02	-11.82
3760.00	3248.00	-0.90	-11.60
3792.00	3248.00	-1.11	-11.49
3824.00	3248.00	-1.44	-11.61
3856.00	3248.00	-1.74	-11.85
3888.00	3248.00	-1.84	-12.01
3920.00	3248.00	-1.77	-11.97
3952.00	3248.00	-1.51	-11.88
3984.00	3248.00	-1.29	-11.84
4016.00	3248.00	-1.24	-11.91
4048.00	3248.00	-1.23	-11.83
4080.00	3248.00	-1.21	-11.74
4112.00	3248.00	-1.16	-11.62
4144.00	3248.00	-1.16	-11.65
4176.00	3248.00	-1.14	-11.66
4208.00	3248.00	-1.08	-11.62
4240.00	3248.00	-1.11	-11.65
4272.00	3248.00	-1.15	-11.78
4304.00	3248.00	-1.07	-11.80
4336.00	3248.00	-0.96	-11.51
4368.00	3248.00	-0.77	-11.07
4400.00	3248.00	-0.71	-10.80
4432.00	3248.00	-0.73	-10.72
4464.00	3248.00	-0.80	-10.79
4496.00	3248.00	-0.77	-10.94
4528.00	3248.00	-0.64	-11.10
4560.00	3248.00	-0.63	-11.20
4592.00	3248.00	-0.80	-11.22
4624.00	3248.00	-0.82	-11.20
4656.00	3248.00	-0.70	-11.10
4688.00	3248.00	-0.44	-11.06
4720.00	3248.00	-0.45	-11.05
4752.00	3248.00	-0.54	-11.19
4784.00	3248.00	-0.54	-11.33
4816.00	3248.00	-0.48	-11.50
4848.00	3248.00	-0.48	-11.52
4880.00	3248.00	-0.56	-11.53
4912.00	3248.00	-0.50	-11.57
4944.00	3248.00	-0.44	-11.66
4976.00	3248.00	-0.30	-11.70
5008.00	3248.00	-0.13	-11.79
5040.00	3248.00	0.10	-11.88
5072.00	3248.00	0.19	-11.86
5104.00	3248.00	0.08	-11.70
5136.00	3248.00	-0.06	-11.59
5168.00	3248.00	-0.15	-11.60
5200.00	3248.00	-0.09	-11.59
5232.00	3248.00	-0.02	-11.67
5264.00	3248.00	0.04	-11.71
5296.00	3248.00	0.03	-11.71
5328.00	3248.00	0.04	-11.64
5360.00	3248.00	0.09	-11.61
5392.00	3248.00	0.19	-11.57
5424.00	3248.00	0.32	-11.38
5456.00	3248.00	0.44	-11.10
5488.00	3248.00	0.44	-10.90
5520.00	3248.00	0.33	-10.74
5552.00	3248.00	0.21	-10.55
5584.00	3248.00	0.17	-10.30
5616.00	3248.00	0.13	-10.00
5648.00	3248.00	0.04	-9.80
5680.00	3248.00	0.02	-9.75
5712.00	3248.00	0.07	-9.72
5744.00	3248.00	0.23	-9.64
5776.00	3248.00	0.27	-9.46
5808.00	3248.00	0.20	-9.16
5840.00	3248.00	0.02	-8.72
5872.00	3248.00	-0.02	-7.97
5904.00	3248.00	0.08	-6.88
5936.00	3248.00	0.14	-5.69
5968.00	3248.00	0.10	-4.69
6000.00	3248.00	0.04	-3.29
6032.00	3248.00	0.13	-1.73
6064.00	3248.00	0.23	-0.49
6096.00	3248.00	0.36	-0.82
6128.00	3248.00	0.40	-2.13
6160.00	3248.00	0.39	-3.62
6192.00	3248.00	0.32	-4.75
6224.00	3248.00	0.33	-5.53
6256.00	3248.00	0.41	-6.49
6288.00	3248.00	0.30	-7.53
6320.00	3248.00	0.13	-8.55
6352.00	3248.00	0.01	-9.19
6384.00	3248.00	0.11	-9.68
6416.00	3248.00	0.32	-9.87
6448.00	3248.00	0.58	-9.79
6480.00	3248.00	0.71	-9.57
6512.00	3248.00	0.69	-9.60
6544.00	3248.00	0.54	-9.95
6576.00	3248.00	0.51	-10.17
16.00	3280.00	0.08	-15.09
48.00	3280.00	0.01	-15.14
80.00	3280.00	0.06	-15.28
112.00	3280.00	0.17	-15.42
144.00	3280.00	0.33	-15.47
176.00	3280.00	0.33	-15.42
208.00	3280.00	0.30	-15.42
240.00	3280.00	0.31	-15.40
272.00	3280.00	0.32	-15.34
304.00	3280.00	0.28	-15.29
336.00	3280.00	0.27	-15.29
368.00	3280.00	0.29	-15.34
400.00	3280.00	0.28	-15.36
432.00	3280.00	0.25	-15.40
464.00	3280.00	0.27	-15.43
496.00	3280.00	0.34	-15.49
528.00	3280.00	0.37	-15.51
560.00	3280.00	0.34	-15.47
592.00	3280.00	0.25	-15.38
624.00	3280.00	0.18	-15.28
656.00	3280.00	0.18	-15.24
688.00	3280.00	0.19	-15.26
720.00	3280.00	0.17	-15.32
752.00	3280.00	0.08	-15.36
784.00	3280.00	0.09	-15.35
816.00	3280.00	0.21	-15.30
848.00	3280.00	0.35	-15.22
880.00	3280.00	0.40	-15.25
912.00	3280.00	0.30	-15.36
944.00	3280.00	0.25	-15.46
976.00	3280.00	0.23	-15.47
1008.00	3280.00	0.24	-15.45
1040.00	3280.00	0.17	-15.44
1072.00	3280.00	0.19	-15.34
1104.00	3280.00	0.30	-15.22
1136.00	3280.00	0.35	-15.30
1168.00	3280.00	0.30	-15.47
1200.00	3280.00	0.16	-15.58
1232.00	3280.00	0.12	-15.49
1264.00	3280.00	0.17	-15.32
1296.00	3280.00	0.24	-15.31
1328.00	3280.00	0.27	-15.40
1360.00	3280.00	0.18	-15.52
1392.00	3280.00	0.07	-15.52
1424.00	3280.00	0.02	-15.51
1456.00	3280.00	0.09	-15.52
1488.00	3280.00	0.14	-15.52
1520.00	3280.00	0.13	-15.46
1552.00	3280.00	0.17	-15.42
1584.00	3280.00	0.15	-15.46
1616.00	3280.00	0.10	-15.56
1648.00	3280.00	0.05	-15.63
1680.00	3280.00	0.13	-15.62
1712.00	3280.00	0.19	-15.58
1744.00	3280.00	0.09	-15.58
1776.00	3280.00	0.02	-15.69
1808.00	3280.00	0.05	-15.81
1840.00	3280.00	0.16	-15.88
1872.00	3280.00	0.14	-15.84
1904.00	3280.00	0.15	-15.75
1936.00	3280.00	0.17	-15.71
1968.00	3280.00	0.20	-15.71
2000.00	3280.00	0.17	-15.76
2032.00	3280.00	0.12	-15.84
2064.00	3280.00	0.04	-15.91
2096.00	3280.00	0.03	-15.91
2128.00	3280.00	0.06	-15.85
2160.00	3280.00	0.15	-15.74
2192.00	3280.00	0.12	-15.73
2224.00	3280.00	0.10	-15.76
2256.00	3280.00	0.15	-15.94
2288.00	3280.00	0.21	-16.05
2320.00	3280.00	0.24	-16.08
2352.00	3280.00	0.29	-16.12
2384.00	3280.00	0.40	-16.19
2416.00	3280.00	0.52	-16.22
2448.00	3280.00	0.49	-16.14
2480.00	3280.00	0.43	-16.02
2512.00	3280.00	0.30	-16.09
2544.00	3280.00	0.22	-16.24
2576.00	3280.00	0.30	-16.40
2608.00	3280.00	0.44	-16.46
2640.00	3280.00	0.42	-16.43
2672.00	3280.00	0.21	-16.30
2704.00	3280.00	-0.06	-16.12
2736.00	3280.00	-0.21	-15.74
2768.00	3280.00	-0.35	-15.33
2800.00	3280.00	-0.49	-14.83
2832.00	3280.00	-0.56	-14.54
2864.00	3280.00	-0.57	-14.29
2896.00	3280.00	-0.56	-13.88
2928.00	3280.00	-0.62	-13.23
2960.00	3280.00	-0.71	-12.63
2992.00	3280.00	-0.84	-12.22
3024.00	3280.00	-1.04	-11.96
3056.00	3280.00	-1.15	-11.78
3088.00	3280.00	-1.17	-11.73
3120.00	3280.00	-1.25	-11.70
3152.00	3280.00	-1.39	-11.59
3184.00	3280.00	-1.39	-11.46
3216.00	3280.00	-1.28	-11.32
3248.00	3280.00	-1.17	-11.32
3280.00	3280.00	-1.23	-11.33
3312.00	3280.00	-1.20	-11.38
3344.00	3280.00	-1.04	-11.34
3376.00	3280.00	-1.05	-11.32
3408.00	3280.00	-1.37	-11.39
3440.00	3280.00	-1.79	-11.59
3472.00	3280.00	-1.88	-11.76
3504.00	3280.00	-1.70	-11.84
3536.00	3280.00	-1.70	-11.75
3568.00	3280.00	-1.73	-11.58
3600.00	3280.00	-1.78	-11.48
3632.00	3280.00	-1.60	-11.50
3664.00	3280.00	-1.56	-11.63
3696.00	3280.00	-1.39	-11.73
3728.00	3280.00	-1.15	-11.73
3760.00	3280.00	-0.97	-11.59
3792.00	3280.00	-1.09	-11.49
3824.00	3280.00	-1.41	-11.54
3856.00	3280.00	-1.69	-11.72
3888.00	3280.00	-1.77	-11.87
3920.00	3280.00	-1.71	-11.87
3952.00	3280.00	-1.47	-11.81
3984.00	3280.00	-1.27	-11.74
4016.00	3280.00	-1.19	-11.77
4048.00	3280.00	-1.24	-11.68
4080.00	3280.00	-1.30	-11.56
4112.00	3280.00	-1.30	-11.43
4144.00	3280.00	-1.25	-11.45
4176.00	3280.00	-1.13	-11.48
4208.00	3280.00	-1.01	-11.41
4240.00	3280.00	-1.00	-11.37
4272.00	3280.00	-1.04	-11.41
4304.00	3280.00	-0.95	-11.40
4336.00	3280.00	-0.79	-11.16
4368.00	3280.00	-0.64	-10.83
4400.00	3280.00	-0.58	-10.63
4432.00	3280.00	-0.62	-10.63
4464.00	3280.00	-0.69	-10.76
4496.00	3280.00	-0.71	-10.97
4528.00	3280.00	-0.67	-11.13
4560.00	3280.00	-0.70	-11.18
4592.00	3280.00	-0.79	-11.15
4624.00	3280.00	-0.75	-11.11
4656.00	3280.00	-0.58	-11.02
4688.00	3280.00	-0.49	-11.04
4720.00	3280.00	-0.61	-11.09
4752.00	3280.00	-0.72	-11.26
4784.00	3280.00	-0.62	-11.37
4816.00	3280.00	-0.47	-11.47
4848.00	3280.00	-0.45	-11.48
4880.00	3280.00	-0.48	-11.52
4912.00	3280.00	-0.32	-11.63
4944.00	3280.00	-0.08	-11.77
4976.00	3280.00	0.13	-11.82
5008.00	3280.00	0.22	-11.88
5040.00	3280.00	0.41	-11.91
5072.00	3280.00	0.55	-11.89
5104.00	3280.00	0.40	-11.80
5136.00	3280.00	0.07	-11.76
5168.00	3280.00	-0.23	-11.73
5200.00	3280.00	-0.29	-11.66
5232.00	3280.00	-0.19	-11.67
5264.00	3280.00	-0.06	-11.70
5296.00	3280.00	0.04	-11.76
5328.00	3280.00	0.11	-11.74
5360.00	3280.00	0.14	-11.68
5392.00	3280.00	0.18	-11.56
5424.00	3280.00	0.26	-11.35
5456.00	3280.00	0.34	-11.12
5488.00	3280.00	0.37	-10.95
5520.00	3280.00	0.30	-10.77
5552.00	3280.00	0.25	-10.55
5584.00	3280.00	0.22	-10.24
5616.00	3280.00	0.19	-9.92
5648.00	3280.00	0.12	-9.75
5680.00	3280.00	0.12	-9.79
5712.00	3280.00	0.18	-9.94
5744.00	3280.00	0.24	-9.88
5776.00	3280.00	0.20	-9.55
5808.00	3280.00	0.06	-9.08
5840.00	3280.00	-0.08	-8.42
5872.00	3280.00	-0.17	-7.51
5904.00	3280.00	-0.05	-6.38
5936.00	3280.00	0.08	-5.33
5968.00	3280.00	0.17	-4.43
6000.00	3280.00	0.13	-3.09
6032.00	3280.00	0.18	-1.60
6064.00	3280.00	0.27	-0.50
6096.00	3280.00	0.37	-0.81
6128.00	3280.00	0.40	-2.14
6160.00	3280.00	0.34	-3.68
6192.00	3280.00	0.21	-4.74
6224.00	3280.00	0.25	-5.40
6256.00	3280.00	0.40	-6.10
6288.00	3280.00	0.43	-6.90
6320.00	3280.00	0.27	-7.81
6352.00	3280.00	0.14	-8.57
6384.00	3280.00	0.24	-9.29
6416.00	3280.00	0.39	-9.67
6448.00	3280.00	0.60	-9.74
6480.00	3280.00	0.66	-9.60
6512.00	3280.00	0.60	-9.62
6544.00	3280.00	0.47	-9.82
6576.00	3280.00	0.42	-9.99
16.00	3312.00	0.18	-14.99
48.00	3312.00	0.15	-15.11
80.00	3312.00	0.24	-15.31
112.00	3312.00	0.32	-15.38
144.00	3312.00	0.41	-15.34
176.00	3312.00	0.39	-15.27
208.00	3312.00	0.36	-15.34
240.00	3312.00	0.35	-15.36
272.00	3312.00	0.34	-15.32
304.00	3312.00	0.35	-15.27
336.00	3312.00	0.35	-15.27
368.00	3312.00	0.31	-15.31
400.00	3312.00	0.20	-15.36
432.00	3312.00	0.18	-15.42
464.00	3312.00	0.29	-15.48
496.00	3312.00	0.37	-15.56
528.00	3312.00	0.39	-15.63
560.00	3312.00	0.34	-15.57
592.00	3312.00	0.28	-15.39
624.00	3312.00	0.25	-15.19
656.00	3312.00	0.24	-15.16
688.00	3312.00	0.23	-15.28
720.00	3312.00	0.15	-15.44
752.00	3312.00	0.05	-15.51
784.00	3312.00	0.05	-15.44
816.00	3312.00	0.16	-15.32
848.00	3312.00	0.32	-15.26
880.00	3312.00	0.43	-15.33
912.00	3312.00	0.36	-15.47
944.00	3312.00	0.25	-15.51
976.00	3312.00	0.16	-15.46
1008.00	3312.00	0.15	-15.42
1040.00	3312.00	0.07	-15.46
1072.00	3312.00	0.06	-15.37
1104.00	3312.00	0.14	-15.20
1136.00	3312.00	0.24	-15.23
1168.00	3312.00	0.24	-15.40
1200.00	3312.00	0.14	-15.54
1232.00	3312.00	0.09	-15.51
1264.00	3312.00	0.09	-15.45
1296.00	3312.00	0.12	-15.46
1328.00	3312.00	0.14	-15.55
1360.00	3312.00	0.12	-15.64
1392.00	3312.00	0.11	-15.65
1424.00	3312.00	0.12	-15.57
1456.00	3312.00	0.15	-15.49
1488.00	3312.00	0.20	-15.50
1520.00	3312.00	0.21	-15.49
1552.00	3312.00	0.28	-15.48
1584.00	3312.00	0.22	-15.48
1616.00	3312.00	0.14	-15.52
1648.00	3312.00	0.03	-15.54
1680.00	3312.00	0.10	-15.58
1712.00	3312.00	0.18	-15.65
1744.00	3312.00	0.13	-15.75
1776.00	3312.00	0.04	-15.79
1808.00	3312.00	0.04	-15.78
1840.00	3312.00	0.12	-15.70
1872.00	3312.00	0.06	-15.64
1904.00	3312.00	0.04	-15.65
1936.00	3312.00	0.07	-15.72
1968.00	3312.00	0.13	-15.77
2000.00	3312.00	0.11	-15.78
2032.00	3312.00	0.06	-15.84
2064.00	3312.00	-0.01	-15.92
2096.00	3312.00	-0.02	-15.94
2128.00	3312.00	0.06	-15.89
2160.00	3312.00	0.16	-15.78
2192.00	3312.00	0.13	-15.74
2224.00	3312.00	0.03	-15.77
2256.00	3312.00	-0.01	-15.93
2288.00	3312.00	0.03	-16.00
2320.00	3312.00	0.10	-15.97
2352.00	3312.00	0.25	-15.98
2384.00	3312.00	0.43	-16.12
2416.00	3312.00	0.52	-16.24
2448.00	3312.00	0.43	-16.25
2480.00	3312.00	0.30	-16.17
2512.00	3312.00	0.20	-16.23
2544.00	3312.00	0.19	-16.28
2576.00	3312.00	0.21	-16.32
2608.00	3312.00	0.27	-16.37
2640.00	3312.00	0.23	-16.28
2672.00	3312.00	0.05	-16.08
2704.00	3312.00	-0.18	-15.86
2736.00	3312.00	-0.35	-15.56
2768.00	3312.00	-0.46	-15.28
2800.00	3312.00	-0.63	-14.84
2832.00	3312.00	-0.82	-14.51
2864.00	3312.00	-0.91	-14.16
2896.00	3312.00	-0.89	-13.65
2928.00	3312.00	-0.86	-13.03
2960.00	3312.00	-0.92	-12.60
2992.00	3312.00	-1.04	-12.37
3024.00	3312.00	-1.22	-12.16
3056.00	3312.00	-1.36	-11.84
3088.00	3312.00	-1.34	-11.63
3120.00	3312.00	-1.35	-11.50
3152.00	3312.00	-1.46	-11.39
3184.00	3312.00	-1.53	-11.32
3216.00	3312.00	-1.51	-11.32
3248.00	3312.00	-1.39	-11.38
3280.00	3312.00	-1.44	-11.40
3312.00	3312.00	-1.50	-11.44
3344.00	3312.00	-1.44	-11.44
3376.00	3312.00	-1.36	-11.41
3408.00	3312.00	-1.46	-11.46
3440.00	3312.00	-1.75	-11.59
3472.00	3312.00	-1.88	-11.70
3504.00	3312.00	-1.74	-11.70
3536.00	3312.00	-1.59	-11.60
3568.00	3312.00	-1.48	-11.51
3600.00	3312.00	-1.42	-11.48
3632.00	3312.00	-1.33	-11.50
3664.00	3312.00	-1.46	-11.60
3696.00	3312.00	-1.51	-11.67
3728.00	3312.00	-1.44	-11.69
3760.00	3312.00	-1.20	-11.59
3792.00	3312.00	-1.15	-11.53
3824.00	3312.00	-1.34	-11.53
3856.00	3312.00	-1.61	-11.64
3888.00	3312.00	-1.74	-11.77
3920.00	3312.00	-1.73	-11.83
3952.00	3312.00	-1.56	-11.80
3984.00	3312.00	-1.34	-11.67
4016.00	3312.00	-1.14	-11.62
4048.00	3312.00	-1.13	-11.51
4080.00	3312.00	-1.21	-11.39
4112.00	3312.00	-1.28	-11.31
4144.00	3312.00	-1.22	-11.38
4176.00	3312.00	-1.10	-11.44
4208.00	3312.00	-0.96	-11.36
4240.00	3312.00	-0.94	-11.24
4272.00	3312.00	-0.94	-11.16
4304.00	3312.00	-0.88	-11.07
4336.00	3312.00	-0.77	-10.95
4368.00	3312.00	-0.66	-10.79
4400.00	3312.00	-0.52	-10.71
4432.00	3312.00	-0.45	-10.77
4464.00	3312.00	-0.52	-10.91
4496.00	3312.00	-0.66	-11.10
4528.00	3312.00	-0.74	-11.17
4560.00	3312.00	-0.78	-11.18
4592.00	3312.00	-0.73	-11.13
4624.00	3312.00	-0.61	-11.07
4656.00	3312.00	-0.45	-11.02
4688.00	3312.00	-0.47	-11.08
4720.00	3312.00	-0.61	-11.20
4752.00	3312.00	-0.70	-11.36
4784.00	3312.00	-0.56	-11.37
4816.00	3312.00	-0.38	-11.40
4848.00	3312.00	-0.34	-11.40
4880.00	3312.00	-0.30	-11.54
4912.00	3312.00	-0.02	-11.77
4944.00	3312.00	0.26	-11.99
4976.00	3312.00	0.43	-12.04
5008.00	3312.00	0.37	-11.93
5040.00	3312.00	0.50	-11.86
5072.00	3312.00	0.64	-11.84
5104.00	3312.00	0.52	-11.90
5136.00	3312.00	0.20	-11.94
5168.00	3312.00	-0.12	-11.91
5200.00	3312.00	-0.25	-11.83
5232.00	3312.00	-0.20	-11.79
5264.00	3312.00	-0.08	-11.82
5296.00	3312.00	0.09	-11.80
5328.00	3312.00	0.22	-11.68
5360.00	3312.00	0.22	-11.54
5392.00	3312.00	0.20	-11.45
5424.00	3312.00	0.23	-11.35
5456.00	3312.00	0.29	-11.21
5488.00	3312.00	0.30	-11.05
5520.00	3312.00	0.20	-10.83
5552.00	3312.00	0.17	-10.50
5584.00	3312.00	0.19	-10.08
5616.00	3312.00	0.27	-9.77
5648.00	3312.00	0.24	-9.61
5680.00	3312.00	0.20	-9.71
5712.00	3312.00	0.18	-9.95
5744.00	3312.00	0.19	-9.94
5776.00	3312.00	0.19	-9.62
5808.00	3312.00	0.12	-9.07
5840.00	3312.00	0.04	-8.34
5872.00	3312.00	-0.07	-7.31
5904.00	3312.00	-0.00	-6.10
5936.00	3312.00	0.14	-5.10
5968.00	3312.00	0.29	-4.23
6000.00	3312.00	0.31	-2.60
6032.00	3312.00	0.32	-1.15
6064.00	3312.00	0.36	-0.16
6096.00	3312.00	0.37	-0.77
6128.00	3312.00	0.35	-2.14
6160.00	3312.00	0.24	-3.77
6192.00	3312.00	0.07	-4.94
6224.00	3312.00	0.04	-5.64
6256.00	3312.00	0.22	-6.13
6288.00	3312.00	0.42	-6.64
6320.00	3312.00	0.45	-7.31
6352.00	3312.00	0.41	-8.07
6384.00	3312.00	0.45	-8.88
6416.00	3312.00	0.53	-9.42
6448.00	3312.00	0.61	-9.67
6480.00	3312.00	0.56	-9.62
6512.00	3312.00	0.43	-9.61
6544.00	3312.00	0.31	-9.72
6576.00	3312.00	0.27	-9.90
16.00	3344.00	0.19	-15.08
48.00	3344.00	0.18	-15.18
80.00	3344.00	0.26	-15.32
112.00	3344.00	0.33	-15.30
144.00	3344.00	0.42	-15.18
176.00	3344.00	0.46	-15.14
208.00	3344.00	0.43	-15.25
240.00	3344.00	0.37	-15.33
272.00	3344.00	0.30	-15.30
304.00	3344.00	0.35	-15.26
336.00	3344.00	0.36	-15.25
368.00	3344.00	0.27	-15.26
400.00	3344.00	0.09	-15.31
432.00	3344.00	0.09	-15.42
464.00	3344.00	0.24	-15.52
496.00	3344.00	0.33	-15.62
528.00	3344.00	0.32	-15.69
560.00	3344.00	0.27	-15.62
592.00	3344.00	0.26	-15.40
624.00	3344.00	0.27	-15.18
656.00	3344.00	0.27	-15.19
688.00	3344.00	0.24	-15.38
720.00	3344.00	0.16	-15.57
752.00	3344.00	0.07	-15.60
784.00	3344.00	0.04	-15.47
816.00	3344.00	0.08	-15.38
848.00	3344.00	0.19	-15.41
880.00	3344.00	0.34	-15.54
912.00	3344.00	0.35	-15.66
944.00	3344.00	0.22	-15.62
976.00	3344.00	0.08	-15.52
1008.00	3344.00	0.05	-15.45
1040.00	3344.00	0.02	-15.52
1072.00	3344.00	0.00	-15.52
1104.00	3344.00	0.02	-15.40
1136.00	3344.00	0.12	-15.31
1168.00	3344.00	0.19	-15.33
1200.00	3344.00	0.16	-15.44
1232.00	3344.00	0.13	-15.52
1264.00	3344.00	0.10	-15.59
1296.00	3344.00	0.05	-15.62
1328.00	3344.00	0.04	-15.64
1360.00	3344.00	0.10	-15.66
1392.00	3344.00	0.22	-15.68
1424.00	3344.00	0.28	-15.57
1456.00	3344.00	0.23	-15.43
1488.00	3344.00	0.22	-15.42
1520.00	3344.00	0.20	-15.51
1552.00	3344.00	0.22	-15.54
1584.00	3344.00	0.14	-15.52
1616.00	3344.00	0.05	-15.49
1648.00	3344.00	-0.00	-15.49
1680.00	3344.00	0.04	-15.54
1712.00	3344.00	0.11	-15.65
1744.00	3344.00	0.07	-15.76
1776.00	3344.00	-0.00	-15.72
1808.00	3344.00	-0.02	-15.64
1840.00	3344.00	0.06	-15.55
1872.00	3344.00	0.03	-15.54
1904.00	3344.00	-0.04	-15.60
1936.00	3344.00	-0.06	-15.73
1968.00	3344.00	0.00	-15.78
2000.00	3344.00	0.04	-15.77
2032.00	3344.00	0.02	-15.82
2064.00	3344.00	-0.02	-15.92
2096.00	3344.00	-0.02	-15.98
2128.00	3344.00	0.05	-15.91
2160.00	3344.00	0.12	-15.81
2192.00	3344.00	0.08	-15.72
2224.00	3344.00	-0.01	-15.77
2256.00	3344.00	-0.05	-15.89
2288.00	3344.00	0.00	-15.91
2320.00	3344.00	0.10	-15.86
2352.00	3344.00	0.27	-15.89
2384.00	3344.00	0.42	-16.12
2416.00	3344.00	0.43	-16.29
2448.00	3344.00	0.32	-16.35
2480.00	3344.00	0.19	-16.33
2512.00	3344.00	0.14	-16.35
2544.00	3344.00	0.14	-16.31
2576.00	3344.00	0.13	-16.27
2608.00	3344.00	0.12	-16.28
2640.00	3344.00	0.09	-16.15
2672.00	3344.00	-0.06	-15.83
2704.00	3344.00	-0.27	-15.46
2736.00	3344.00	-0.50	-15.15
2768.00	3344.00	-0.63	-15.03
2800.00	3344.00	-0.76	-14.76
2832.00	3344.00	-0.99	-14.41
2864.00	3344.00	-1.10	-13.94
2896.00	3344.00	-1.05	-13.34
2928.00	3344.00	-0.96	-12.79
2960.00	3344.00	-1.00	-12.47
2992.00	3344.00	-1.18	-12.34
3024.00	3344.00	-1.32	-12.19
3056.00	3344.00	-1.38	-11.86
3088.00	3344.00	-1.32	-11.58
3120.00	3344.00	-1.32	-11.41
3152.00	3344.00	-1.36	-11.30
3184.00	3344.00	-1.42	-11.28
3216.00	3344.00	-1.45	-11.35
3248.00	3344.00	-1.52	-11.45
3280.00	3344.00	-1.67	-11.50
3312.00	3344.00	-1.83	-11.54
3344.00	3344.00	-1.74	-11.60
3376.00	3344.00	-1.60	-11.56
3408.00	3344.00	-1.53	-11.59
3440.00	3344.00	-1.78	-11.62
3472.00	3344.00	-1.91	-11.65
3504.00	3344.00	-1.83	-11.60
3536.00	3344.00	-1.59	-11.54
3568.00	3344.00	-1.43	-11.52
3600.00	3344.00	-1.36	-11.52
3632.00	3344.00	-1.32	-11.51
3664.00	3344.00	-1.43	-11.57
3696.00	3344.00	-1.59	-11.63
3728.00	3344.00	-1.67	-11.70
3760.00	3344.00	-1.50	-11.66
3792.00	3344.00	-1.24	-11.64
3824.00	3344.00	-1.36	-11.60
3856.00	3344.00	-1.61	-11.63
3888.00	3344.00	-1.84	-11.74
3920.00	3344.00	-1.83	-11.86
3952.00	3344.00	-1.73	-11.88
3984.00	3344.00	-1.52	-11.77
4016.00	3344.00	-1.21	-11.61
4048.00	3344.00	-1.08	-11.47
4080.00	3344.00	-1.08	-11.33
4112.00	3344.00	-1.20	-11.36
4144.00	3344.00	-1.18	-11.51
4176.00	3344.00	-1.14	-11.64
4208.00	3344.00	-1.02	-11.57
4240.00	3344.00	-0.97	-11.35
4272.00	3344.00	-0.91	-11.18
4304.00	3344.00	-0.87	-11.04
4336.00	3344.00	-0.79	-10.98
4368.00	3344.00	-0.69	-10.94
4400.00	3344.00	-0.53	-10.99
4432.00	3344.00	-0.38	-11.15
4464.00	3344.00	-0.43	-11.17
4496.00	3344.00	-0.60	-11.17
4528.00	3344.00	-0.74	-11.12
4560.00	3344.00	-0.77	-11.14
4592.00	3344.00	-0.64	-11.13
4624.00	3344.00	-0.49	-11.04
4656.00	3344.00	-0.35	-11.03
4688.00	3344.00	-0.41	-11.11
4720.00	3344.00	-0.48	-11.26
4752.00	3344.00	-0.57	-11.42
4784.00	3344.00	-0.55	-11.44
4816.00	3344.00	-0.44	-11.46
4848.00	3344.00	-0.33	-11.46
4880.00	3344.00	-0.17	-11.64
4912.00	3344.00	-0.01	-11.88
4944.00	3344.00	0.17	-12.05
4976.00	3344.00	0.21	-12.07
5008.00	3344.00	0.10	-11.91
5040.00	3344.00	0.17	-11.84
5072.00	3344.00	0.29	-11.86
5104.00	3344.00	0.34	-11.96
5136.00	3344.00	0.19	-12.00
5168.00	3344.00	0.02	-11.96
5200.00	3344.00	-0.08	-11.95
5232.00	3344.00	-0.04	-11.95
5264.00	3344.00	0.03	-11.93
5296.00	3344.00	0.15	-11.79
5328.00	3344.00	0.26	-11.57
5360.00	3344.00	0.25	-11.42
5392.00	3344.00	0.24	-11.38
5424.00	3344.00	0.27	-11.37
5456.00	3344.00	0.34	-11.25
5488.00	3344.00	0.33	-11.09
5520.00	3344.00	0.19	-10.81
5552.00	3344.00	0.11	-10.39
5584.00	3344.00	0.08	-9.91
5616.00	3344.00	0.19	-9.60
5648.00	3344.00	0.22	-9.45
5680.00	3344.00	0.23	-9.56
5712.00	3344.00	0.17	-9.82
5744.00	3344.00	0.14	-9.86
5776.00	3344.00	0.22	-9.59
5808.00	3344.00	0.29	-9.11
5840.00	3344.00	0.28	-8.44
5872.00	3344.00	0.11	-7.34
5904.00	3344.00	0.08	-6.04
5936.00	3344.00	0.24	-5.01
5968.00	3344.00	0.41	-4.16
6000.00	3344.00	0.50	-2.50
6032.00	3344.00	0.44	-1.02
6064.00	3344.00	0.42	-0.09
6096.00	3344.00	0.33	-0.73
6128.00	3344.00	0.28	-2.15
6160.00	3344.00	0.25	-3.76
6192.00	3344.00	0.04	-4.99
6224.00	3344.00	-0.09	-5.70
6256.00	3344.00	-0.05	-6.22
6288.00	3344.00	0.20	-6.89
6320.00	3344.00	0.40	-7.56
6352.00	3344.00	0.47	-8.21
6384.00	3344.00	0.52	-8.79
6416.00	3344.00	0.56	-9.30
6448.00	3344.00	0.58	-9.64
6480.00	3344.00	0.48	-9.59
6512.00	3344.00	0.33	-9.49
6544.00	3344.00	0.17	-9.53
6576.00	3344.00	0.12	-9.70
16.00	3376.00	0.23	-15.27
48.00	3376.00	0.25	-15.31
80.00	3376.00	0.30	-15.34
112.00	3376.00	0.32	-15.23
144.00	3376.00	0.37	-15.09
176.00	3376.00	0.44	-15.12
208.00	3376.00	0.42	-15.24
240.00	3376.00	0.34	-15.34
272.00	3376.00	0.26	-15.32
304.00	3376.00	0.28	-15.27
336.00	3376.00	0.29	-15.24
368.00	3376.00	0.20	-15.23
400.00	3376.00	0.06	-15.25
432.00	3376.00	0.09	-15.35
464.00	3376.00	0.24	-15.46
496.00	3376.00	0.33	-15.60
528.00	3376.00	0.30	-15.66
560.00	3376.00	0.19	-15.55
592.00	3376.00	0.15	-15.34
624.00	3376.00	0.19	-15.17
656.00	3376.00	0.24	-15.21
688.00	3376.00	0.26	-15.39
720.00	3376.00	0.19	-15.56
752.00	3376.00	0.14	-15.57
784.00	3376.00	0.10	-15.44
816.00	3376.00	0.07	-15.37
848.00	3376.00	0.11	-15.49
880.00	3376.00	0.26	-15.69
912.00	3376.00	0.34	-15.81
944.00	3376.00	0.22	-15.72
976.00	3376.00	0.05	-15.56
1008.00	3376.00	0.01	-15.45
1040.00	3376.00	0.07	-15.53
1072.00	3376.00	0.09	-15.64
1104.00	3376.00	0.05	-15.60
1136.00	3376.00	0.10	-15.41
1168.00	3376.00	0.15	-15.27
1200.00	3376.00	0.17	-15.30
1232.00	3376.00	0.18	-15.45
1264.00	3376.00	0.15	-15.60
1296.00	3376.00	0.08	-15.68
1328.00	3376.00	0.03	-15.67
1360.00	3376.00	0.10	-15.64
1392.00	3376.00	0.28	-15.61
1424.00	3376.00	0.36	-15.50
1456.00	3376.00	0.28	-15.35
1488.00	3376.00	0.21	-15.30
1520.00	3376.00	0.15	-15.40
1552.00	3376.00	0.14	-15.48
1584.00	3376.00	0.05	-15.50
1616.00	3376.00	-0.01	-15.47
1648.00	3376.00	-0.02	-15.46
1680.00	3376.00	-0.00	-15.49
1712.00	3376.00	0.02	-15.58
1744.00	3376.00	-0.01	-15.73
1776.00	3376.00	-0.05	-15.70
1808.00	3376.00	-0.03	-15.67
1840.00	3376.00	0.06	-15.58
1872.00	3376.00	0.09	-15.54
1904.00	3376.00	0.02	-15.54
1936.00	3376.00	-0.06	-15.59
1968.00	3376.00	-0.05	-15.66
2000.00	3376.00	0.00	-15.66
2032.00	3376.00	0.01	-15.70
2064.00	3376.00	-0.01	-15.79
2096.00	3376.00	0.00	-15.87
2128.00	3376.00	0.03	-15.82
2160.00	3376.00	0.02	-15.70
2192.00	3376.00	-0.02	-15.64
2224.00	3376.00	-0.05	-15.72
2256.00	3376.00	-0.04	-15.83
2288.00	3376.00	0.06	-15.81
2320.00	3376.00	0.15	-15.80
2352.00	3376.00	0.27	-15.91
2384.00	3376.00	0.30	-16.12
2416.00	3376.00	0.24	-16.24
2448.00	3376.00	0.19	-16.29
2480.00	3376.00	0.12	-16.31
2512.00	3376.00	0.12	-16.31
2544.00	3376.00	0.09	-16.27
2576.00	3376.00	0.01	-16.22
2608.00	3376.00	-0.05	-16.23
2640.00	3376.00	-0.07	-16.06
2672.00	3376.00	-0.20	-15.70
2704.00	3376.00	-0.43	-15.19
2736.00	3376.00	-0.71	-14.84
2768.00	3376.00	-0.84	-14.73
2800.00	3376.00	-0.93	-14.57
2832.00	3376.00	-1.13	-14.22
2864.00	3376.00	-1.24	-13.77
2896.00	3376.00	-1.18	-13.26
2928.00	3376.00	-1.05	-12.78
2960.00	3376.00	-1.10	-12.34
2992.00	3376.00	-1.32	-12.14
3024.00	3376.00	-1.44	-12.03
3056.00	3376.00	-1.42	-11.78
3088.00	3376.00	-1.36	-11.52
3120.00	3376.00	-1.39	-11.33
3152.00	3376.00	-1.37	-11.24
3184.00	3376.00	-1.30	-11.22
3216.00	3376.00	-1.35	-11.30
3248.00	3376.00	-1.56	-11.45
3280.00	3376.00	-1.75	-11.52
3312.00	3376.00	-1.89	-11.56
3344.00	3376.00	-1.83	-11.61
3376.00	3376.00	-1.75	-11.61
3408.00	3376.00	-1.66	-11.63
3440.00	3376.00	-1.81	-11.57
3472.00	3376.00	-1.90	-11.50
3504.00	3376.00	-1.86	-11.39
3536.00	3376.00	-1.68	-11.38
3568.00	3376.00	-1.60	-11.44
3600.00	3376.00	-1.60	-11.52
3632.00	3376.00	-1.58	-11.49
3664.00	3376.00	-1.50	-11.49
3696.00	3376.00	-1.52	-11.51
3728.00	3376.00	-1.63	-11.63
3760.00	3376.00	-1.60	-11.68
3792.00	3376.00	-1.39	-11.72
3824.00	3376.00	-1.42	-11.71
3856.00	3376.00	-1.65	-11.68
3888.00	3376.00	-1.89	-11.78
3920.00	3376.00	-1.91	-11.88
3952.00	3376.00	-1.83	-11.91
3984.00	3376.00	-1.62	-11.82
4016.00	3376.00	-1.33	-11.69
4048.00	3376.00	-1.15	-11.59
4080.00	3376.00	-1.09	-11.49
4112.00	3376.00	-1.16	-11.55
4144.00	3376.00	-1.17	-11.71
4176.00	3376.00	-1.20	-11.88
4208.00	3376.00	-1.14	-11.83
4240.00	3376.00	-1.09	-11.60
4272.00	3376.00	-0.97	-11.36
4304.00	3376.00	-0.87	-11.19
4336.00	3376.00	-0.82	-11.15
4368.00	3376.00	-0.77	-11.21
4400.00	3376.00	-0.65	-11.33
4432.00	3376.00	-0.50	-11.43
4464.00	3376.00	-0.45	-11.32
4496.00	3376.00	-0.59	-11.19
4528.00	3376.00	-0.71	-11.09
4560.00	3376.00	-0.73	-11.07
4592.00	3376.00	-0.54	-11.05
4624.00	3376.00	-0.38	-10.96
4656.00	3376.00	-0.28	-10.99
4688.00	3376.00	-0.28	-11.05
4720.00	3376.00	-0.28	-11.21
4752.00	3376.00	-0.39	-11.37
4784.00	3376.00	-0.51	-11.47
4816.00	3376.00	-0.47	-11.53
4848.00	3376.00	-0.27	-11.54
4880.00	3376.00	-0.04	-11.71
4912.00	3376.00	0.05	-11.92
4944.00	3376.00	0.09	-12.03
4976.00	3376.00	0.02	-11.97
5008.00	3376.00	-0.14	-11.74
5040.00	3376.00	-0.16	-11.62
5072.00	3376.00	-0.01	-11.63
5104.00	3376.00	0.22	-11.75
5136.00	3376.00	0.22	-11.80
5168.00	3376.00	0.17	-11.82
5200.00	3376.00	0.10	-11.90
5232.00	3376.00	0.12	-11.96
5264.00	3376.00	0.12	-11.93
5296.00	3376.00	0.14	-11.71
5328.00	3376.00	0.21	-11.48
5360.00	3376.00	0.23	-11.39
5392.00	3376.00	0.27	-11.42
5424.00	3376.00	0.32	-11.39
5456.00	3376.00	0.39	-11.21
5488.00	3376.00	0.41	-11.03
5520.00	3376.00	0.29	-10.76
5552.00	3376.00	0.17	-10.33
5584.00	3376.00	0.07	-9.87
5616.00	3376.00	0.14	-9.56
5648.00	3376.00	0.20	-9.38
5680.00	3376.00	0.29	-9.46
5712.00	3376.00	0.26	-9.64
5744.00	3376.00	0.20	-9.64
5776.00	3376.00	0.28	-9.50
5808.00	3376.00	0.41	-9.08
5840.00	3376.00	0.46	-8.46
5872.00	3376.00	0.31	-7.27
5904.00	3376.00	0.22	-5.98
5936.00	3376.00	0.32	-4.96
5968.00	3376.00	0.47	-4.04
6000.00	3376.00	0.55	-2.38
6032.00	3376.00	0.45	-0.91
6064.00	3376.00	0.36	-0.08
6096.00	3376.00	0.27	-0.69
6128.00	3376.00	0.28	-2.06
6160.00	3376.00	0.28	-3.59
6192.00	3376.00	0.11	-4.86
6224.00	3376.00	-0.09	-5.63
6256.00	3376.00	-0.12	-6.30
6288.00	3376.00	-0.00	-7.29
6320.00	3376.00	0.14	-8.27
6352.00	3376.00	0.25	-8.87
6384.00	3376.00	0.38	-9.15
6416.00	3376.00	0.54	-9.35
6448.00	3376.00	0.57	-9.62
6480.00	3376.00	0.46	-9.51
6512.00	3376.00	0.26	-9.38
6544.00	3376.00	0.09	-9.38
6576.00	3376.00	0.04	-9.54
16.00	3408.00	0.27	-15.33
48.00	3408.00	0.32	-15.36
80.00	3408.00	0.35	-15.41
112.00	3408.00	0.29	-15.31
144.00	3408.00	0.27	-15.20
176.00	3408.00	0.34	-15.24
208.00	3408.00	0.35	-15.33
240.00	3408.00	0.31	-15.39
272.00	3408.00	0.29	-15.34
304.00	3408.00	0.30	-15.23
336.00	3408.00	0.26	-15.19
368.00	3408.00	0.15	-15.21
400.00	3408.00	0.08	-15.22
432.00	3408.00	0.17	-15.29
464.00	3408.00	0.28	-15.39
496.00	3408.00	0.33	-15.53
528.00	3408.00	0.27	-15.57
560.00	3408.00	0.17	-15.48
592.00	3408.00	0.09	-15.34
624.00	3408.00	0.10	-15.27
656.00	3408.00	0.18	-15.29
688.00	3408.00	0.23	-15.39
720.00	3408.00	0.20	-15.48
752.00	3408.00	0.20	-15.48
784.00	3408.00	0.18	-15.40
816.00	3408.00	0.15	-15.39
848.00	3408.00	0.11	-15.51
880.00	3408.00	0.23	-15.68
912.00	3408.00	0.33	-15.78
944.00	3408.00	0.29	-15.73
976.00	3408.00	0.14	-15.60
1008.00	3408.00	0.06	-15.42
1040.00	3408.00	0.10	-15.42
1072.00	3408.00	0.14	-15.55
1104.00	3408.00	0.13	-15.62
1136.00	3408.00	0.16	-15.49
1168.00	3408.00	0.19	-15.31
1200.00	3408.00	0.21	-15.27
1232.00	3408.00	0.25	-15.36
1264.00	3408.00	0.24	-15.46
1296.00	3408.00	0.18	-15.54
1328.00	3408.00	0.08	-15.57
1360.00	3408.00	0.10	-15.56
1392.00	3408.00	0.23	-15.51
1424.00	3408.00	0.32	-15.40
1456.00	3408.00	0.29	-15.31
1488.00	3408.00	0.19	-15.29
1520.00	3408.00	0.10	-15.36
1552.00	3408.00	0.05	-15.43
1584.00	3408.00	-0.01	-15.47
1616.00	3408.00	-0.03	-15.48
1648.00	3408.00	-0.01	-15.45
1680.00	3408.00	0.01	-15.49
1712.00	3408.00	0.05	-15.55
1744.00	3408.00	0.02	-15.73
1776.00	3408.00	-0.02	-15.72
1808.00	3408.00	-0.08	-15.71
1840.00	3408.00	-0.00	-15.62
1872.00	3408.00	0.06	-15.53
1904.00	3408.00	0.07	-15.43
1936.00	3408.00	0.05	-15.41
1968.00	3408.00	0.03	-15.48
2000.00	3408.00	0.04	-15.56
2032.00	3408.00	0.00	-15.62
2064.00	3408.00	-0.01	-15.68
2096.00	3408.00	0.01	-15.74
2128.00	3408.00	0.02	-15.73
2160.00	3408.00	-0.03	-15.67
2192.00	3408.00	-0.04	-15.62
2224.00	3408.00	0.04	-15.65
2256.00	3408.00	0.11	-15.68
2288.00	3408.00	0.18	-15.70
2320.00	3408.00	0.18	-15.85
2352.00	3408.00	0.20	-16.07
2384.00	3408.00	0.17	-16.20
2416.00	3408.00	0.10	-16.22
2448.00	3408.00	0.05	-16.19
2480.00	3408.00	0.01	-16.17
2512.00	3408.00	0.02	-16.14
2544.00	3408.00	-0.02	-16.10
2576.00	3408.00	-0.15	-16.13
2608.00	3408.00	-0.27	-16.12
2640.00	3408.00	-0.28	-15.94
2672.00	3408.00	-0.36	-15.58
2704.00	3408.00	-0.58	-15.07
2736.00	3408.00	-0.84	-14.79
2768.00	3408.00	-1.00	-14.70
2800.00	3408.00	-1.06	-14.57
2832.00	3408.00	-1.19	-14.17
2864.00	3408.00	-1.24	-13.65
2896.00	3408.00	-1.19	-13.15
2928.00	3408.00	-1.15	-12.63
2960.00	3408.00	-1.28	-12.11
2992.00	3408.00	-1.55	-11.87
3024.00	3408.00	-1.68	-11.80
3056.00	3408.00	-1.63	-11.64
3088.00	3408.00	-1.54	-11.42
3120.00	3408.00	-1.57	-11.22
3152.00	3408.00	-1.47	-11.15
3184.00	3408.00	-1.32	-11.14
3216.00	3408.00	-1.35	-11.25
3248.00	3408.00	-1.61	-11.44
3280.00	3408.00	-1.76	-11.51
3312.00	3408.00	-1.83	-11.52
3344.00	3408.00	-1.76	-11.51
3376.00	3408.00	-1.77	-11.49
3408.00	3408.00	-1.68	-11.46
3440.00	3408.00	-1.72	-11.34
3472.00	3408.00	-1.76	-11.21
3504.00	3408.00	-1.74	-11.10
3536.00	3408.00	-1.72	-11.16
3568.00	3408.00	-1.73	-11.32
3600.00	3408.00	-1.87	-11.46
3632.00	3408.00	-1.81	-11.42
3664.00	3408.00	-1.53	-11.34
3696.00	3408.00	-1.39	-11.31
3728.00	3408.00	-1.49	-11.45
3760.00	3408.00	-1.67	-11.60
3792.00	3408.00	-1.56	-11.70
3824.00	3408.00	-1.53	-11.80
3856.00	3408.00	-1.66	-11.81
3888.00	3408.00	-1.86	-11.89
3920.00	3408.00	-1.86	-11.93
3952.00	3408.00	-1.78	-11.93
3984.00	3408.00	-1.64	-11.88
4016.00	3408.00	-1.44	-11.80
4048.00	3408.00	-1.28	-11.74
4080.00	3408.00	-1.18	-11.65
4112.00	3408.00	-1.17	-11.69
4144.00	3408.00	-1.17	-11.78
4176.00	3408.00	-1.22	-11.85
4208.00	3408.00	-1.26	-11.82
4240.00	3408.00	-1.23	-11.65
4272.00	3408.00	-1.09	-11.43
4304.00	3408.00	-0.91	-11.30
4336.00	3408.00	-0.88	-11.32
4368.00	3408.00	-0.91	-11.51
4400.00	3408.00	-0.86	-11.58
4432.00	3408.00	-0.69	-11.50
4464.00	3408.00	-0.54	-11.22
4496.00	3408.00	-0.61	-11.00
4528.00	3408.00	-0.71	-10.96
4560.00	3408.00	-0.68	-11.01
4592.00	3408.00	-0.43	-11.03
4624.00	3408.00	-0.27	-10.99
4656.00	3408.00	-0.20	-11.01
4688.00	3408.00	-0.21	-11.03
4720.00	3408.00	-0.22	-11.13
4752.00	3408.00	-0.33	-11.26
4784.00	3408.00	-0.44	-11.43
4816.00	3408.00	-0.33	-11.55
4848.00	3408.00	-0.11	-11.60
4880.00	3408.00	0.14	-11.71
4912.00	3408.00	0.15	-11.82
4944.00	3408.00	0.04	-11.82
4976.00	3408.00	-0.07	-11.73
5008.00	3408.00	-0.19	-11.55
5040.00	3408.00	-0.19	-11.43
5072.00	3408.00	-0.11	-11.42
5104.00	3408.00	0.10	-11.54
5136.00	3408.00	0.19	-11.64
5168.00	3408.00	0.21	-11.66
5200.00	3408.00	0.15	-11.72
5232.00	3408.00	0.17	-11.83
5264.00	3408.00	0.16	-11.87
5296.00	3408.00	0.16	-11.71
5328.00	3408.00	0.19	-11.55
5360.00	3408.00	0.24	-11.52
5392.00	3408.00	0.29	-11.53
5424.00	3408.00	0.36	-11.39
5456.00	3408.00	0.40	-11.12
5488.00	3408.00	0.43	-10.90
5520.00	3408.00	0.37	-10.67
5552.00	3408.00	0.26	-10.34
5584.00	3408.00	0.15	-9.94
5616.00	3408.00	0.17	-9.62
5648.00	3408.00	0.25	-9.41
5680.00	3408.00	0.35	-9.48
5712.00	3408.00	0.37	-9.58
5744.00	3408.00	0.32	-9.53
5776.00	3408.00	0.39	-9.47
5808.00	3408.00	0.48	-9.11
5840.00	3408.00	0.54	-8.40
5872.00	3408.00	0.44	-7.11
5904.00	3408.00	0.36	-5.86
5936.00	3408.00	0.44	-4.91
5968.00	3408.00	0.49	-3.88
6000.00	3408.00	0.47	-2.56
6032.00	3408.00	0.35	-1.10
6064.00	3408.00	0.27	-0.35
6096.00	3408.00	0.27	-0.63
6128.00	3408.00	0.34	-2.02
6160.00	3408.00	0.36	-3.50
6192.00	3408.00	0.21	-4.72
6224.00	3408.00	0.03	-5.51
6256.00	3408.00	-0.02	-6.39
6288.00	3408.00	-0.02	-7.65
6320.00	3408.00	-0.04	-8.86
6352.00	3408.00	0.03	-9.47
6384.00	3408.00	0.23	-9.58
6416.00	3408.00	0.47	-9.51
6448.00	3408.00	0.53	-9.58
6480.00	3408.00	0.44	-9.47
6512.00	3408.00	0.22	-9.37
6544.00	3408.00	0.09	-9.42
6576.00	3408.00	0.02	-9.56
16.00	3440.00	0.34	-15.24
48.00	3440.00	0.39	-15.27
80.00	3440.00	0.38	-15.39
112.00	3440.00	0.24	-15.34
144.00	3440.00	0.19	-15.32
176.00	3440.00	0.27	-15.34
208.00	3440.00	0.33	-15.44
240.00	3440.00	0.33	-15.49
272.00	3440.00	0.34	-15.42
304.00	3440.00	0.35	-15.29
336.00	3440.00	0.27	-15.26
368.00	3440.00	0.18	-15.31
400.00	3440.00	0.19	-15.33
432.00	3440.00	0.32	-15.38
464.00	3440.00	0.38	-15.39
496.00	3440.00	0.32	-15.47
528.00	3440.00	0.20	-15.50
560.00	3440.00	0.11	-15.49
592.00	3440.00	0.04	-15.43
624.00	3440.00	0.06	-15.38
656.00	3440.00	0.15	-15.37
688.00	3440.00	0.19	-15.41
720.00	3440.00	0.19	-15.45
752.00	3440.00	0.21	-15.42
784.00	3440.00	0.26	-15.38
816.00	3440.00	0.26	-15.40
848.00	3440.00	0.19	-15.50
880.00	3440.00	0.22	-15.57
912.00	3440.00	0.32	-15.58
944.00	3440.00	0.34	-15.56
976.00	3440.00	0.20	-15.48
1008.00	3440.00	0.10	-15.34
1040.00	3440.00	0.10	-15.26
1072.00	3440.00	0.21	-15.33
1104.00	3440.00	0.26	-15.45
1136.00	3440.00	0.27	-15.45
1168.00	3440.00	0.24	-15.39
1200.00	3440.00	0.21	-15.32
1232.00	3440.00	0.25	-15.28
1264.00	3440.00	0.26	-15.23
1296.00	3440.00	0.24	-15.25
1328.00	3440.00	0.16	-15.36
1360.00	3440.00	0.11	-15.49
1392.00	3440.00	0.16	-15.46
1424.00	3440.00	0.25	-15.36
1456.00	3440.00	0.30	-15.29
1488.00	3440.00	0.23	-15.35
1520.00	3440.00	0.13	-15.41
1552.00	3440.00	0.10	-15.45
1584.00	3440.00	0.08	-15.46
1616.00	3440.00	0.05	-15.53
1648.00	3440.00	0.01	-15.54
1680.00	3440.00	-0.02	-15.62
1712.00	3440.00	0.03	-15.64
1744.00	3440.00	0.04	-15.76
1776.00	3440.00	0.02	-15.77
1808.00	3440.00	-0.05	-15.77
1840.00	3440.00	-0.03	-15.67
1872.00	3440.00	0.02	-15.54
1904.00	3440.00	0.07	-15.42
1936.00	3440.00	0.11	-15.39
1968.00	3440.00	0.10	-15.49
2000.00	3440.00	0.09	-15.60
2032.00	3440.00	0.00	-15.63
2064.00	3440.00	-0.03	-15.63
2096.00	3440.00	0.02	-15.63
2128.00	3440.00	0.05	-15.68
2160.00	3440.00	0.03	-15.70
2192.00	3440.00	0.01	-15.74
2224.00	3440.00	0.15	-15.69
2256.00	3440.00	0.22	-15.65
2288.00	3440.00	0.22	-15.67
2320.00	3440.00	0.10	-15.91
2352.00	3440.00	0.08	-16.16
2384.00	3440.00	0.07	-16.22
2416.00	3440.00	-0.00	-16.14
2448.00	3440.00	-0.10	-16.03
2480.00	3440.00	-0.17	-15.96
2512.00	3440.00	-0.18	-15.92
2544.00	3440.00	-0.21	-15.96
2576.00	3440.00	-0.36	-16.05
2608.00	3440.00	-0.51	-16.06
2640.00	3440.00	-0.57	-15.92
2672.00	3440.00	-0.60	-15.59
2704.00	3440.00	-0.71	-15.06
2736.00	3440.00	-0.85	-14.80
2768.00	3440.00	-1.02	-14.68
2800.00	3440.00	-1.11	-14.55
2832.00	3440.00	-1.22	-14.08
2864.00	3440.00	-1.23	-13.49
2896.00	3440.00	-1.23	-12.97
2928.00	3440.00	-1.30	-12.44
2960.00	3440.00	-1.51	-11.99
2992.00	3440.00	-1.76	-11.79
3024.00	3440.00	-1.89	-11.74
3056.00	3440.00	-1.83	-11.57
3088.00	3440.00	-1.70	-11.28
3120.00	3440.00	-1.62	-11.08
3152.00	3440.00	-1.53	-11.07
3184.00	3440.00	-1.45	-11.16
3216.00	3440.00	-1.50	-11.27
3248.00	3440.00	-1.67	-11.43
3280.00	3440.00	-1.76	-11.45
3312.00	3440.00	-1.82	-11.41
3344.00	3440.00	-1.79	-11.37
3376.00	3440.00	-1.72	-11.38
3408.00	3440.00	-1.53	-11.36
3440.00	3440.00	-1.52	-11.27
3472.00	3440.00	-1.63	-11.13
3504.00	3440.00	-1.73	-11.01
3536.00	3440.00	-1.73	-11.06
3568.00	3440.00	-1.70	-11.22
3600.00	3440.00	-1.75	-11.40
3632.00	3440.00	-1.73	-11.43
3664.00	3440.00	-1.61	-11.39
3696.00	3440.00	-1.46	-11.32
3728.00	3440.00	-1.59	-11.41
3760.00	3440.00	-1.74	-11.54
3792.00	3440.00	-1.85	-11.70
3824.00	3440.00	-1.75	-11.85
3856.00	3440.00	-1.74	-11.89
3888.00	3440.00	-1.75	-11.90
3920.00	3440.00	-1.71	-11.84
3952.00	3440.00	-1.62	-11.82
3984.00	3440.00	-1.52	-11.85
4016.00	3440.00	-1.40	-11.86
4048.00	3440.00	-1.30	-11.82
4080.00	3440.00	-1.18	-11.68
4112.00	3440.00	-1.13	-11.66
4144.00	3440.00	-1.13	-11.65
4176.00	3440.00	-1.20	-11.66
4208.00	3440.00	-1.29	-11.58
4240.00	3440.00	-1.25	-11.45
4272.00	3440.00	-1.10	-11.28
4304.00	3440.00	-0.91	-11.20
4336.00	3440.00	-0.90	-11.30
4368.00	3440.00	-0.97	-11.51
4400.00	3440.00	-0.93	-11.49
4432.00	3440.00	-0.73	-11.24
4464.00	3440.00	-0.56	-10.96
4496.00	3440.00	-0.61	-10.85
4528.00	3440.00	-0.66	-10.93
4560.00	3440.00	-0.52	-10.99
4592.00	3440.00	-0.26	-11.05
4624.00	3440.00	-0.14	-11.05
4656.00	3440.00	-0.12	-11.05
4688.00	3440.00	-0.17	-11.01
4720.00	3440.00	-0.21	-11.03
4752.00	3440.00	-0.28	-11.14
4784.00	3440.00	-0.27	-11.30
4816.00	3440.00	-0.13	-11.42
4848.00	3440.00	0.05	-11.47
4880.00	3440.00	0.24	-11.58
4912.00	3440.00	0.22	-11.69
4944.00	3440.00	0.03	-11.74
4976.00	3440.00	-0.09	-11.61
5008.00	3440.00	-0.07	-11.43
5040.00	3440.00	-0.02	-11.24
5072.00	3440.00	-0.01	-11.21
5104.00	3440.00	0.04	-11.36
5136.00	3440.00	0.10	-11.54
5168.00	3440.00	0.11	-11.58
5200.00	3440.00	0.07	-11.58
5232.00	3440.00	0.11	-11.65
5264.00	3440.00	0.15	-11.77
5296.00	3440.00	0.15	-11.72
5328.00	3440.00	0.14	-11.65
5360.00	3440.00	0.18	-11.67
5392.00	3440.00	0.25	-11.66
5424.00	3440.00	0.34	-11.45
5456.00	3440.00	0.34	-11.10
5488.00	3440.00	0.35	-10.81
5520.00	3440.00	0.34	-10.60
5552.00	3440.00	0.32	-10.38
5584.00	3440.00	0.32	-10.12
5616.00	3440.00	0.37	-9.83
5648.00	3440.00	0.46	-9.55
5680.00	3440.00	0.46	-9.49
5712.00	3440.00	0.44	-9.49
5744.00	3440.00	0.35	-9.47
5776.00	3440.00	0.40	-9.40
5808.00	3440.00	0.48	-8.96
5840.00	3440.00	0.54	-8.12
5872.00	3440.00	0.51	-6.78
5904.00	3440.00	0.47	-5.55
5936.00	3440.00	0.49	-4.68
5968.00	3440.00	0.46	-3.68
6000.00	3440.00	0.40	-2.49
6032.00	3440.00	0.33	-1.09
6064.00	3440.00	0.29	-0.38
6096.00	3440.00	0.29	-0.63
6128.00	3440.00	0.33	-2.04
6160.00	3440.00	0.28	-3.50
6192.00	3440.00	0.13	-4.68
6224.00	3440.00	-0.00	-5.45
6256.00	3440.00	-0.01	-6.40
6288.00	3440.00	-0.01	-7.53
6320.00	3440.00	-0.02	-8.65
6352.00	3440.00	0.05	-9.41
6384.00	3440.00	0.23	-9.80
6416.00	3440.00	0.44	-9.78
6448.00	3440.00	0.50	-9.67
6480.00	3440.00	0.46	-9.51
6512.00	3440.00	0.23	-9.50
6544.00	3440.00	0.19	-9.62
6576.00	3440.00	0.14	-9.75
16.00	3472.00	0.32	-15.09
48.00	3472.00	0.42	-15.13
80.00	3472.00	0.41	-15.30
112.00	3472.00	0.25	-15.38
144.00	3472.00	0.15	-15.40
176.00	3472.00	0.25	-15.38
208.00	3472.00	0.40	-15.47
240.00	3472.00	0.43	-15.54
272.00	3472.00	0.41	-15.50
304.00	3472.00	0.38	-15.39
336.00	3472.00	0.28	-15.37
368.00	3472.00	0.20	-15.41
400.00	3472.00	0.26	-15.45
432.00	3472.00	0.38	-15.45
464.00	3472.00	0.41	-15.40
496.00	3472.00	0.30	-15.40
528.00	3472.00	0.15	-15.46
560.00	3472.00	0.08	-15.52
592.00	3472.00	0.10	-15.51
624.00	3472.00	0.15	-15.46
656.00	3472.00	0.21	-15.44
688.00	3472.00	0.16	-15.47
720.00	3472.00	0.13	-15.49
752.00	3472.00	0.17	-15.42
784.00	3472.00	0.26	-15.41
816.00	3472.00	0.32	-15.46
848.00	3472.00	0.27	-15.53
880.00	3472.00	0.26	-15.46
912.00	3472.00	0.29	-15.37
944.00	3472.00	0.30	-15.39
976.00	3472.00	0.13	-15.39
1008.00	3472.00	0.01	-15.32
1040.00	3472.00	0.06	-15.17
1072.00	3472.00	0.22	-15.16
1104.00	3472.00	0.35	-15.30
1136.00	3472.00	0.29	-15.42
1168.00	3472.00	0.20	-15.49
1200.00	3472.00	0.12	-15.39
1232.00	3472.00	0.12	-15.25
1264.00	3472.00	0.13	-15.10
1296.00	3472.00	0.22	-15.04
1328.00	3472.00	0.23	-15.19
1360.00	3472.00	0.20	-15.43
1392.00	3472.00	0.21	-15.51
1424.00	3472.00	0.28	-15.43
1456.00	3472.00	0.34	-15.36
1488.00	3472.00	0.27	-15.45
1520.00	3472.00	0.17	-15.50
1552.00	3472.00	0.18	-15.47
1584.00	3472.00	0.20	-15.43
1616.00	3472.00	0.16	-15.50
1648.00	3472.00	0.06	-15.56
1680.00	3472.00	-0.01	-15.70
1712.00	3472.00	0.03	-15.75
1744.00	3472.00	0.06	-15.77
1776.00	3472.00	0.08	-15.69
1808.00	3472.00	0.02	-15.66
1840.00	3472.00	0.00	-15.60
1872.00	3472.00	-0.02	-15.58
1904.00	3472.00	0.03	-15.54
1936.00	3472.00	0.10	-15.56
1968.00	3472.00	0.11	-15.61
2000.00	3472.00	0.07	-15.65
2032.00	3472.00	-0.05	-15.65
2064.00	3472.00	-0.11	-15.62
2096.00	3472.00	-0.01	-15.61
2128.00	3472.00	0.05	-15.72
2160.00	3472.00	0.12	-15.85
2192.00	3472.00	0.08	-15.93
2224.00	3472.00	0.17	-15.83
2256.00	3472.00	0.20	-15.70
2288.00	3472.00	0.12	-15.72
2320.00	3472.00	0.01	-15.90
2352.00	3472.00	-0.04	-16.09
2384.00	3472.00	-0.00	-16.13
2416.00	3472.00	-0.06	-16.05
2448.00	3472.00	-0.26	-15.89
2480.00	3472.00	-0.40	-15.79
2512.00	3472.00	-0.41	-15.81
2544.00	3472.00	-0.34	-15.92
2576.00	3472.00	-0.42	-16.00
2608.00	3472.00	-0.58	-16.02
2640.00	3472.00	-0.68	-15.96
2672.00	3472.00	-0.66	-15.70
2704.00	3472.00	-0.67	-15.20
2736.00	3472.00	-0.75	-14.90
2768.00	3472.00	-0.96	-14.75
2800.00	3472.00	-1.11	-14.59
2832.00	3472.00	-1.19	-14.12
2864.00	3472.00	-1.27	-13.41
2896.00	3472.00	-1.33	-12.87
2928.00	3472.00	-1.50	-12.34
2960.00	3472.00	-1.72	-12.02
2992.00	3472.00	-1.96	-11.90
3024.00	3472.00	-2.06	-11.85
3056.00	3472.00	-1.95	-11.66
3088.00	3472.00	-1.75	-11.39
3120.00	3472.00	-1.53	-11.26
3152.00	3472.00	-1.48	-11.29
3184.00	3472.00	-1.51	-11.31
3216.00	3472.00	-1.62	-11.36
3248.00	3472.00	-1.68	-11.46
3280.00	3472.00	-1.81	-11.50
3312.00	3472.00	-1.96	-11.47
3344.00	3472.00	-1.85	-11.42
3376.00	3472.00	-1.55	-11.43
3408.00	3472.00	-1.29	-11.38
3440.00	3472.00	-1.36	-11.31
3472.00	3472.00	-1.57	-11.18
3504.00	3472.00	-1.70	-11.11
3536.00	3472.00	-1.75	-11.17
3568.00	3472.00	-1.74	-11.32
3600.00	3472.00	-1.72	-11.43
3632.00	3472.00	-1.70	-11.49
3664.00	3472.00	-1.67	-11.51
3696.00	3472.00	-1.59	-11.48
3728.00	3472.00	-1.63	-11.48
3760.00	3472.00	-1.69	-11.52
3792.00	3472.00	-1.80	-11.69
3824.00	3472.00	-1.81	-11.85
3856.00	3472.00	-1.78	-11.90
3888.00	3472.00	-1.71	-11.82
3920.00	3472.00	-1.55	-11.70
3952.00	3472.00	-1.42	-11.67
3984.00	3472.00	-1.33	-11.76
4016.00	3472.00	-1.27	-11.81
4048.00	3472.00	-1.22	-11.80
4080.00	3472.00	-1.16	-11.66
4112.00	3472.00	-1.14	-11.62
4144.00	3472.00	-1.12	-11.57
4176.00	3472.00	-1.15	-11.48
4208.00	3472.00	-1.19	-11.33
4240.00	3472.00	-1.13	-11.19
4272.00	3472.00	-1.02	-11.13
4304.00	3472.00	-0.89	-11.14
4336.00	3472.00	-0.89	-11.22
4368.00	3472.00	-0.99	-11.28
4400.00	3472.00	-0.88	-11.15
4432.00	3472.00	-0.69	-10.92
4464.00	3472.00	-0.57	-10.81
4496.00	3472.00	-0.61	-10.86
4528.00	3472.00	-0.59	-11.02
4560.00	3472.00	-0.37	-11.09
4592.00	3472.00	-0.18	-11.15
4624.00	3472.00	-0.12	-11.15
4656.00	3472.00	-0.10	-11.11
4688.00	3472.00	-0.15	-11.03
4720.00	3472.00	-0.22	-10.98
4752.00	3472.00	-0.24	-11.03
4784.00	3472.00	-0.16	-11.17
4816.00	3472.00	0.01	-11.29
4848.00	3472.00	0.14	-11.38
4880.00	3472.00	0.30	-11.47
4912.00	3472.00	0.34	-11.58
4944.00	3472.00	0.16	-11.63
4976.00	3472.00	0.05	-11.56
5008.00	3472.00	0.08	-11.41
5040.00	3472.00	0.11	-11.24
5072.00	3472.00	0.01	-11.22
5104.00	3472.00	-0.09	-11.36
5136.00	3472.00	-0.08	-11.50
5168.00	3472.00	-0.06	-11.52
5200.00	3472.00	-0.07	-11.50
5232.00	3472.00	0.02	-11.54
5264.00	3472.00	0.09	-11.64
5296.00	3472.00	0.11	-11.73
5328.00	3472.00	0.09	-11.74
5360.00	3472.00	0.15	-11.77
5392.00	3472.00	0.22	-11.67
5424.00	3472.00	0.29	-11.41
5456.00	3472.00	0.29	-11.02
5488.00	3472.00	0.31	-10.71
5520.00	3472.00	0.31	-10.56
5552.00	3472.00	0.34	-10.42
5584.00	3472.00	0.38	-10.22
5616.00	3472.00	0.40	-9.91
5648.00	3472.00	0.47	-9.57
5680.00	3472.00	0.39	-9.44
5712.00	3472.00	0.34	-9.44
5744.00	3472.00	0.26	-9.54
5776.00	3472.00	0.38	-9.46
5808.00	3472.00	0.49	-8.97
5840.00	3472.00	0.54	-7.98
5872.00	3472.00	0.53	-6.66
5904.00	3472.00	0.51	-5.49
5936.00	3472.00	0.52	-4.67
5968.00	3472.00	0.46	-3.73
6000.00	3472.00	0.36	-2.57
6032.00	3472.00	0.30	-1.18
6064.00	3472.00	0.29	-0.47
6096.00	3472.00	0.27	-0.71
6128.00	3472.00	0.19	-2.14
6160.00	3472.00	0.10	-3.74
6192.00	3472.00	-0.02	-5.14
6224.00	3472.00	-0.09	-5.92
6256.00	3472.00	-0.13	-6.67
6288.00	3472.00	-0.07	-7.31
6320.00	3472.00	0.05	-8.13
6352.00	3472.00	0.21	-8.92
6384.00	3472.00	0.34	-9.58
6416.00	3472.00	0.44	-9.87
6448.00	3472.00	0.46	-9.81
6480.00	3472.00	0.43	-9.73
6512.00	3472.00	0.33	-9.73
6544.00	3472.00	0.40	-9.86
6576.00	3472.00	0.45	-9.95
16.00	3504.00	0.29	-15.07
48.00	3504.00	0.44	-15.13
80.00	3504.00	0.48	-15.30
112.00	3504.00	0.39	-15.41
144.00	3504.00	0.22	-15.43
176.00	3504.00	0.27	-15.40
208.00	3504.00	0.40	-15.46
240.00	3504.00	0.51	-15.51
272.00	3504.00	0.47	-15.48
304.00	3504.00	0.40	-15.45
336.00	3504.00	0.28	-15.46
368.00	3504.00	0.23	-15.49
400.00	3504.00	0.27	-15.52
432.00	3504.00	0.34	-15.52
464.00	3504.00	0.36	-15.43
496.00	3504.00	0.30	-15.39
528.00	3504.00	0.21	-15.42
560.00	3504.00	0.17	-15.48
592.00	3504.00	0.19	-15.48
624.00	3504.00	0.24	-15.44
656.00	3504.00	0.22	-15.48
688.00	3504.00	0.12	-15.49
720.00	3504.00	0.05	-15.47
752.00	3504.00	0.06	-15.39
784.00	3504.00	0.15	-15.44
816.00	3504.00	0.23	-15.51
848.00	3504.00	0.26	-15.56
880.00	3504.00	0.23	-15.46
912.00	3504.00	0.24	-15.35
944.00	3504.00	0.20	-15.33
976.00	3504.00	0.11	-15.29
1008.00	3504.00	0.05	-15.25
1040.00	3504.00	0.17	-15.15
1072.00	3504.00	0.34	-15.16
1104.00	3504.00	0.38	-15.28
1136.00	3504.00	0.24	-15.39
1168.00	3504.00	0.09	-15.42
1200.00	3504.00	-0.01	-15.31
1232.00	3504.00	-0.02	-15.17
1264.00	3504.00	0.01	-15.06
1296.00	3504.00	0.14	-15.01
1328.00	3504.00	0.26	-15.15
1360.00	3504.00	0.31	-15.39
1392.00	3504.00	0.29	-15.54
1424.00	3504.00	0.26	-15.58
1456.00	3504.00	0.26	-15.54
1488.00	3504.00	0.21	-15.59
1520.00	3504.00	0.15	-15.56
1552.00	3504.00	0.20	-15.49
1584.00	3504.00	0.25	-15.42
1616.00	3504.00	0.23	-15.44
1648.00	3504.00	0.12	-15.53
1680.00	3504.00	0.01	-15.64
1712.00	3504.00	-0.02	-15.68
1744.00	3504.00	-0.01	-15.67
1776.00	3504.00	0.02	-15.57
1808.00	3504.00	0.04	-15.54
1840.00	3504.00	0.04	-15.51
1872.00	3504.00	-0.00	-15.56
1904.00	3504.00	-0.03	-15.61
1936.00	3504.00	-0.03	-15.68
1968.00	3504.00	-0.03	-15.71
2000.00	3504.00	-0.06	-15.69
2032.00	3504.00	-0.13	-15.67
2064.00	3504.00	-0.19	-15.62
2096.00	3504.00	-0.08	-15.61
2128.00	3504.00	-0.00	-15.78
2160.00	3504.00	0.12	-15.95
2192.00	3504.00	0.06	-16.06
2224.00	3504.00	0.06	-15.95
2256.00	3504.00	0.03	-15.86
2288.00	3504.00	-0.03	-15.84
2320.00	3504.00	-0.06	-15.87
2352.00	3504.00	-0.08	-15.92
2384.00	3504.00	-0.06	-15.97
2416.00	3504.00	-0.15	-15.92
2448.00	3504.00	-0.35	-15.76
2480.00	3504.00	-0.50	-15.72
2512.00	3504.00	-0.46	-15.81
2544.00	3504.00	-0.34	-15.97
2576.00	3504.00	-0.35	-15.94
2608.00	3504.00	-0.46	-15.92
2640.00	3504.00	-0.59	-15.91
2672.00	3504.00	-0.60	-15.76
2704.00	3504.00	-0.67	-15.28
2736.00	3504.00	-0.79	-14.82
2768.00	3504.00	-1.03	-14.46
2800.00	3504.00	-1.19	-14.21
2832.00	3504.00	-1.23	-13.90
2864.00	3504.00	-1.30	-13.43
2896.00	3504.00	-1.40	-13.06
2928.00	3504.00	-1.69	-12.61
2960.00	3504.00	-1.97	-12.34
2992.00	3504.00	-2.19	-12.20
3024.00	3504.00	-2.25	-12.10
3056.00	3504.00	-2.11	-11.91
3088.00	3504.00	-1.93	-11.70
3120.00	3504.00	-1.66	-11.61
3152.00	3504.00	-1.57	-11.54
3184.00	3504.00	-1.63	-11.40
3216.00	3504.00	-1.73	-11.31
3248.00	3504.00	-1.81	-11.40
3280.00	3504.00	-2.07	-11.56
3312.00	3504.00	-2.36	-11.69
3344.00	3504.00	-2.16	-11.68
3376.00	3504.00	-1.68	-11.59
3408.00	3504.00	-1.31	-11.42
3440.00	3504.00	-1.45	-11.24
3472.00	3504.00	-1.62	-11.12
3504.00	3504.00	-1.74	-11.18
3536.00	3504.00	-1.82	-11.35
3568.00	3504.00	-1.89	-11.52
3600.00	3504.00	-1.82	-11.56
3632.00	3504.00	-1.75	-11.57
3664.00	3504.00	-1.78	-11.60
3696.00	3504.00	-1.75	-11.59
3728.00	3504.00	-1.69	-11.58
3760.00	3504.00	-1.54	-11.59
3792.00	3504.00	-1.56	-11.72
3824.00	3504.00	-1.68	-11.79
3856.00	3504.00	-1.76	-11.78
3888.00	3504.00	-1.71	-11.66
3920.00	3504.00	-1.46	-11.49
3952.00	3504.00	-1.25	-11.49
3984.00	3504.00	-1.18	-11.62
4016.00	3504.00	-1.17	-11.77
4048.00	3504.00	-1.17	-11.80
4080.00	3504.00	-1.15	-11.68
4112.00	3504.00	-1.17	-11.71
4144.00	3504.00	-1.07	-11.67
4176.00	3504.00	-1.02	-11.54
4208.00	3504.00	-0.98	-11.23
4240.00	3504.00	-0.96	-11.04
4272.00	3504.00	-0.86	-11.08
4304.00	3504.00	-0.81	-11.17
4336.00	3504.00	-0.83	-11.18
4368.00	3504.00	-0.89	-11.03
4400.00	3504.00	-0.73	-10.85
4432.00	3504.00	-0.58	-10.75
4464.00	3504.00	-0.54	-10.86
4496.00	3504.00	-0.56	-11.02
4528.00	3504.00	-0.49	-11.16
4560.00	3504.00	-0.27	-11.20
4592.00	3504.00	-0.26	-11.26
4624.00	3504.00	-0.28	-11.20
4656.00	3504.00	-0.22	-11.13
4688.00	3504.00	-0.12	-11.00
4720.00	3504.00	-0.12	-10.97
4752.00	3504.00	-0.13	-10.98
4784.00	3504.00	-0.04	-11.04
4816.00	3504.00	0.12	-11.12
4848.00	3504.00	0.23	-11.25
4880.00	3504.00	0.40	-11.37
4912.00	3504.00	0.54	-11.48
4944.00	3504.00	0.44	-11.51
4976.00	3504.00	0.20	-11.48
5008.00	3504.00	0.00	-11.39
5040.00	3504.00	-0.10	-11.33
5072.00	3504.00	-0.11	-11.37
5104.00	3504.00	-0.11	-11.44
5136.00	3504.00	-0.07	-11.44
5168.00	3504.00	-0.08	-11.44
5200.00	3504.00	-0.05	-11.53
5232.00	3504.00	0.07	-11.60
5264.00	3504.00	0.13	-11.62
5296.00	3504.00	0.10	-11.66
5328.00	3504.00	0.04	-11.67
5360.00	3504.00	0.11	-11.67
5392.00	3504.00	0.20	-11.53
5424.00	3504.00	0.30	-11.29
5456.00	3504.00	0.34	-10.97
5488.00	3504.00	0.37	-10.72
5520.00	3504.00	0.37	-10.64
5552.00	3504.00	0.40	-10.55
5584.00	3504.00	0.38	-10.29
5616.00	3504.00	0.32	-9.85
5648.00	3504.00	0.35	-9.46
5680.00	3504.00	0.28	-9.29
5712.00	3504.00	0.25	-9.36
5744.00	3504.00	0.19	-9.52
5776.00	3504.00	0.32	-9.48
5808.00	3504.00	0.43	-9.04
5840.00	3504.00	0.46	-8.07
5872.00	3504.00	0.42	-6.83
5904.00	3504.00	0.41	-5.70
5936.00	3504.00	0.42	-4.88
5968.00	3504.00	0.42	-3.95
6000.00	3504.00	0.35	-2.73
6032.00	3504.00	0.28	-1.29
6064.00	3504.00	0.25	-0.55
6096.00	3504.00	0.14	-0.84
6128.00	3504.00	0.02	-2.27
6160.00	3504.00	-0.10	-3.97
6192.00	3504.00	-0.17	-5.42
6224.00	3504.00	-0.18	-6.26
6256.00	3504.00	-0.14	-6.81
6288.00	3504.00	0.04	-7.14
6320.00	3504.00	0.24	-7.67
6352.00	3504.00	0.40	-8.43
6384.00	3504.00	0.46	-9.23
6416.00	3504.00	0.48	-9.79
6448.00	3504.00	0.49	-9.90
6480.00	3504.00	0.50	-9.89
6512.00	3504.00	0.50	-9.87
6544.00	3504.00	0.57	-9.94
6576.00	3504.00	0.63	-10.01
16.00	3536.00	0.28	-15.14
48.00	3536.00	0.45	-15.25
80.00	3536.00	0.54	-15.42
112.00	3536.00	0.49	-15.48
144.00	3536.00	0.28	-15.38
176.00	3536.00	0.23	-15.25
208.00	3536.00	0.32	-15.29
240.00	3536.00	0.41	-15.38
272.00	3536.00	0.40	-15.44
304.00	3536.00	0.32	-15.48
336.00	3536.00	0.21	-15.50
368.00	3536.00	0.17	-15.51
400.00	3536.00	0.19	-15.54
432.00	3536.00	0.25	-15.52
464.00	3536.00	0.30	-15.44
496.00	3536.00	0.33	-15.41
528.00	3536.00	0.32	-15.45
560.00	3536.00	0.29	-15.46
592.00	3536.00	0.29	-15.42
624.00	3536.00	0.28	-15.44
656.00	3536.00	0.21	-15.53
688.00	3536.00	0.10	-15.51
720.00	3536.00	0.02	-15.44
752.00	3536.00	0.02	-15.39
784.00	3536.00	0.09	-15.47
816.00	3536.00	0.19	-15.54
848.00	3536.00	0.26	-15.57
880.00	3536.00	0.21	-15.50
912.00	3536.00	0.20	-15.45
944.00	3536.00	0.15	-15.41
976.00	3536.00	0.15	-15.34
1008.00	3536.00	0.13	-15.26
1040.00	3536.00	0.25	-15.20
1072.00	3536.00	0.33	-15.27
1104.00	3536.00	0.30	-15.38
1136.00	3536.00	0.13	-15.44
1168.00	3536.00	0.00	-15.38
1200.00	3536.00	-0.05	-15.27
1232.00	3536.00	-0.04	-15.18
1264.00	3536.00	-0.00	-15.15
1296.00	3536.00	0.09	-15.18
1328.00	3536.00	0.18	-15.31
1360.00	3536.00	0.28	-15.46
1392.00	3536.00	0.27	-15.59
1424.00	3536.00	0.21	-15.66
1456.00	3536.00	0.14	-15.65
1488.00	3536.00	0.09	-15.61
1520.00	3536.00	0.09	-15.53
1552.00	3536.00	0.18	-15.48
1584.00	3536.00	0.25	-15.45
1616.00	3536.00	0.26	-15.43
1648.00	3536.00	0.16	-15.42
1680.00	3536.00	0.08	-15.43
1712.00	3536.00	-0.04	-15.53
1744.00	3536.00	-0.09	-15.64
1776.00	3536.00	-0.09	-15.65
1808.00	3536.00	-0.03	-15.62
1840.00	3536.00	0.02	-15.57
1872.00	3536.00	0.00	-15.56
1904.00	3536.00	-0.04	-15.58
1936.00	3536.00	-0.10	-15.63
1968.00	3536.00	-0.13	-15.68
2000.00	3536.00	-0.15	-15.68
2032.00	3536.00	-0.18	-15.68
2064.00	3536.00	-0.21	-15.66
2096.00	3536.00	-0.12	-15.70
2128.00	3536.00	-0.04	-15.87
2160.00	3536.00	0.07	-15.97
2192.00	3536.00	0.03	-15.99
2224.00	3536.00	-0.09	-15.90
2256.00	3536.00	-0.14	-15.92
2288.00	3536.00	-0.17	-15.96
2320.00	3536.00	-0.08	-15.93
2352.00	3536.00	-0.10	-15.89
2384.00	3536.00	-0.11	-15.88
2416.00	3536.00	-0.23	-15.79
2448.00	3536.00	-0.48	-15.62
2480.00	3536.00	-0.62	-15.64
2512.00	3536.00	-0.57	-15.78
2544.00	3536.00	-0.39	-15.90
2576.00	3536.00	-0.31	-15.77
2608.00	3536.00	-0.33	-15.73
2640.00	3536.00	-0.39	-15.78
2672.00	3536.00	-0.44	-15.75
2704.00	3536.00	-0.66	-15.35
2736.00	3536.00	-0.94	-14.77
2768.00	3536.00	-1.25	-14.21
2800.00	3536.00	-1.36	-13.78
2832.00	3536.00	-1.32	-13.67
2864.00	3536.00	-1.33	-13.64
2896.00	3536.00	-1.43	-13.55
2928.00	3536.00	-1.76	-13.10
2960.00	3536.00	-2.08	-12.67
2992.00	3536.00	-2.29	-12.40
3024.00	3536.00	-2.36	-12.23
3056.00	3536.00	-2.30	-12.07
3088.00	3536.00	-2.15	-11.98
3120.00	3536.00	-1.88	-11.88
3152.00	3536.00	-1.75	-11.69
3184.00	3536.00	-1.82	-11.40
3216.00	3536.00	-1.91	-11.29
3248.00	3536.00	-1.95	-11.42
3280.00	3536.00	-2.24	-11.66
3312.00	3536.00	-2.54	-11.86
3344.00	3536.00	-2.39	-11.81
3376.00	3536.00	-1.93	-11.61
3408.00	3536.00	-1.58	-11.31
3440.00	3536.00	-1.63	-11.07
3472.00	3536.00	-1.67	-10.99
3504.00	3536.00	-1.66	-11.16
3536.00	3536.00	-1.84	-11.44
3568.00	3536.00	-2.02	-11.65
3600.00	3536.00	-2.05	-11.64
3632.00	3536.00	-1.90	-11.59
3664.00	3536.00	-1.80	-11.57
3696.00	3536.00	-1.74	-11.57
3728.00	3536.00	-1.70	-11.64
3760.00	3536.00	-1.50	-11.71
3792.00	3536.00	-1.42	-11.82
3824.00	3536.00	-1.43	-11.76
3856.00	3536.00	-1.64	-11.67
3888.00	3536.00	-1.65	-11.54
3920.00	3536.00	-1.46	-11.38
3952.00	3536.00	-1.24	-11.40
3984.00	3536.00	-1.21	-11.56
4016.00	3536.00	-1.21	-11.76
4048.00	3536.00	-1.19	-11.80
4080.00	3536.00	-1.17	-11.69
4112.00	3536.00	-1.15	-11.73
4144.00	3536.00	-0.98	-11.81
4176.00	3536.00	-0.85	-11.67
4208.00	3536.00	-0.85	-11.35
4240.00	3536.00	-0.92	-11.07
4272.00	3536.00	-0.90	-11.16
4304.00	3536.00	-0.81	-11.26
4336.00	3536.00	-0.78	-11.26
4368.00	3536.00	-0.76	-11.02
4400.00	3536.00	-0.62	-10.83
4432.00	3536.00	-0.50	-10.81
4464.00	3536.00	-0.46	-10.97
4496.00	3536.00	-0.53	-11.13
4528.00	3536.00	-0.49	-11.21
4560.00	3536.00	-0.38	-11.23
4592.00	3536.00	-0.43	-11.27
4624.00	3536.00	-0.48	-11.17
4656.00	3536.00	-0.39	-11.14
4688.00	3536.00	-0.14	-11.09
4720.00	3536.00	-0.05	-11.17
4752.00	3536.00	0.01	-11.18
4784.00	3536.00	0.08	-11.15
4816.00	3536.00	0.21	-11.13
4848.00	3536.00	0.26	-11.22
4880.00	3536.00	0.44	-11.30
4912.00	3536.00	0.65	-11.36
4944.00	3536.00	0.62	-11.26
4976.00	3536.00	0.31	-11.26
5008.00	3536.00	-0.05	-11.24
5040.00	3536.00	-0.26	-11.38
5072.00	3536.00	-0.19	-11.52
5104.00	3536.00	-0.03	-11.52
5136.00	3536.00	0.12	-11.37
5168.00	3536.00	0.11	-11.37
5200.00	3536.00	0.13	-11.56
5232.00	3536.00	0.25	-11.70
5264.00	3536.00	0.24	-11.66
5296.00	3536.00	0.18	-11.66
5328.00	3536.00	0.09	-11.63
5360.00	3536.00	0.15	-11.55
5392.00	3536.00	0.23	-11.34
5424.00	3536.00	0.32	-11.14
5456.00	3536.00	0.41	-10.95
5488.00	3536.00	0.44	-10.79
5520.00	3536.00	0.44	-10.71
5552.00	3536.00	0.44	-10.60
5584.00	3536.00	0.35	-10.28
5616.00	3536.00	0.24	-9.81
5648.00	3536.00	0.21	-9.47
5680.00	3536.00	0.20	-9.35
5712.00	3536.00	0.22	-9.39
5744.00	3536.00	0.23	-9.40
5776.00	3536.00	0.29	-9.30
5808.00	3536.00	0.35	-8.94
5840.00	3536.00	0.34	-8.14
5872.00	3536.00	0.26	-7.04
5904.00	3536.00	0.24	-5.99
5936.00	3536.00	0.26	-5.14
5968.00	3536.00	0.32	-4.13
6000.00	3536.00	0.29	-2.78
6032.00	3536.00	0.22	-1.28
6064.00	3536.00	0.17	-0.55
6096.00	3536.00	0.07	-1.02
6128.00	3536.00	-0.03	-2.44
6160.00	3536.00	-0.13	-4.41
6192.00	3536.00	-0.22	-5.71
6224.00	3536.00	-0.18	-6.53
6256.00	3536.00	-0.01	-6.71
6288.00	3536.00	0.30	-7.08
6320.00	3536.00	0.57	-7.59
6352.00	3536.00	0.69	-8.29
6384.00	3536.00	0.67	-8.91
6416.00	3536.00	0.55	-9.51
6448.00	3536.00	0.50	-9.80
6480.00	3536.00	0.54	-9.95
6512.00	3536.00	0.63	-9.94
6544.00	3536.00	0.67	-9.92
6576.00	3536.00	0.70	-9.93
16.00	3568.00	0.25	-15.19
48.00	3568.00	0.34	-15.31
80.00	3568.00	0.40	-15.49
112.00	3568.00	0.38	-15.48
144.00	3568.00	0.21	-15.33
176.00	3568.00	0.15	-15.15
208.00	3568.00	0.18	-15.17
240.00	3568.00	0.25	-15.28
272.00	3568.00	0.25	-15.39
304.00	3568.00	0.22	-15.45
336.00	3568.00	0.19	-15.48
368.00	3568.00	0.17	-15.49
400.00	3568.00	0.19	-15.52
432.00	3568.00	0.22	-15.51
464.00	3568.00	0.25	-15.47
496.00	3568.00	0.29	-15.49
528.00	3568.00	0.32	-15.51
560.00	3568.00	0.34	-15.47
592.00	3568.00	0.32	-15.40
624.00	3568.00	0.31	-15.46
656.00	3568.00	0.23	-15.55
688.00	3568.00	0.15	-15.49
720.00	3568.00	0.06	-15.38
752.00	3568.00	0.05	-15.36
784.00	3568.00	0.10	-15.47
816.00	3568.00	0.19	-15.56
848.00	3568.00	0.23	-15.62
880.00	3568.00	0.15	-15.62
912.00	3568.00	0.18	-15.58
944.00	3568.00	0.17	-15.41
976.00	3568.00	0.23	-15.24
1008.00	3568.00	0.22	-15.16
1040.00	3568.00	0.29	-15.23
1072.00	3568.00	0.30	-15.38
1104.00	3568.00	0.22	-15.51
1136.00	3568.00	0.10	-15.53
1168.00	3568.00	0.03	-15.44
1200.00	3568.00	0.02	-15.34
1232.00	3568.00	0.07	-15.26
1264.00	3568.00	0.12	-15.27
1296.00	3568.00	0.12	-15.34
1328.00	3568.00	0.12	-15.45
1360.00	3568.00	0.18	-15.51
1392.00	3568.00	0.19	-15.59
1424.00	3568.00	0.12	-15.65
1456.00	3568.00	0.01	-15.68
1488.00	3568.00	-0.03	-15.62
1520.00	3568.00	0.02	-15.53
1552.00	3568.00	0.13	-15.51
1584.00	3568.00	0.21	-15.50
1616.00	3568.00	0.21	-15.47
1648.00	3568.00	0.11	-15.42
1680.00	3568.00	0.02	-15.37
1712.00	3568.00	-0.09	-15.47
1744.00	3568.00	-0.14	-15.62
1776.00	3568.00	-0.16	-15.67
1808.00	3568.00	-0.14	-15.66
1840.00	3568.00	-0.07	-15.59
1872.00	3568.00	-0.03	-15.53
1904.00	3568.00	-0.05	-15.53
1936.00	3568.00	-0.14	-15.58
1968.00	3568.00	-0.19	-15.71
2000.00	3568.00	-0.18	-15.75
2032.00	3568.00	-0.16	-15.77
2064.00	3568.00	-0.16	-15.75
2096.00	3568.00	-0.13	-15.78
2128.00	3568.00	-0.06	-15.88
2160.00	3568.00	0.01	-15.88
2192.00	3568.00	0.00	-15.86
2224.00	3568.00	-0.10	-15.83
2256.00	3568.00	-0.16	-15.95
2288.00	3568.00	-0.21	-16.01
2320.00	3568.00	-0.16	-15.96
2352.00	3568.00	-0.13	-15.92
2384.00	3568.00	-0.11	-15.87
2416.00	3568.00	-0.25	-15.75
2448.00	3568.00	-0.50	-15.60
2480.00	3568.00	-0.67	-15.64
2512.00	3568.00	-0.63	-15.76
2544.00	3568.00	-0.50	-15.78
2576.00	3568.00	-0.40	-15.60
2608.00	3568.00	-0.34	-15.52
2640.00	3568.00	-0.34	-15.58
2672.00	3568.00	-0.38	-15.60
2704.00	3568.00	-0.70	-15.29
2736.00	3568.00	-1.02	-14.77
2768.00	3568.00	-1.35	-14.07
2800.00	3568.00	-1.50	-13.39
2832.00	3568.00	-1.55	-13.15
2864.00	3568.00	-1.46	-13.26
2896.00	3568.00	-1.49	-13.33
2928.00	3568.00	-1.74	-13.02
2960.00	3568.00	-2.08	-12.66
2992.00	3568.00	-2.26	-12.42
3024.00	3568.00	-2.29	-12.28
3056.00	3568.00	-2.31	-12.18
3088.00	3568.00	-2.20	-12.16
3120.00	3568.00	-2.00	-12.02
3152.00	3568.00	-1.94	-11.74
3184.00	3568.00	-2.07	-11.43
3216.00	3568.00	-2.13	-11.34
3248.00	3568.00	-2.09	-11.48
3280.00	3568.00	-2.25	-11.71
3312.00	3568.00	-2.48	-11.83
3344.00	3568.00	-2.46	-11.67
3376.00	3568.00	-2.19	-11.45
3408.00	3568.00	-1.87	-11.27
3440.00	3568.00	-1.76	-11.16
3472.00	3568.00	-1.64	-11.14
3504.00	3568.00	-1.67	-11.24
3536.00	3568.00	-1.90	-11.44
3568.00	3568.00	-2.11	-11.58
3600.00	3568.00	-2.15	-11.58
3632.00	3568.00	-2.00	-11.54
3664.00	3568.00	-1.92	-11.51
3696.00	3568.00	-1.83	-11.54
3728.00	3568.00	-1.87	-11.71
3760.00	3568.00	-1.63	-11.86
3792.00	3568.00	-1.51	-11.93
3824.00	3568.00	-1.39	-11.81
3856.00	3568.00	-1.54	-11.70
3888.00	3568.00	-1.61	-11.60
3920.00	3568.00	-1.48	-11.44
3952.00	3568.00	-1.32	-11.44
3984.00	3568.00	-1.31	-11.58
4016.00	3568.00	-1.30	-11.78
4048.00	3568.00	-1.24	-11.81
4080.00	3568.00	-1.16	-11.69
4112.00	3568.00	-1.11	-11.65
4144.00	3568.00	-1.01	-11.68
4176.00	3568.00	-0.89	-11.63
4208.00	3568.00	-0.88	-11.45
4240.00	3568.00	-0.95	-11.23
4272.00	3568.00	-0.96	-11.24
4304.00	3568.00	-0.85	-11.26
4336.00	3568.00	-0.74	-11.25
4368.00	3568.00	-0.66	-11.08
4400.00	3568.00	-0.58	-10.99
4432.00	3568.00	-0.49	-11.03
4464.00	3568.00	-0.47	-11.18
4496.00	3568.00	-0.50	-11.26
4528.00	3568.00	-0.50	-11.20
4560.00	3568.00	-0.43	-11.13
4592.00	3568.00	-0.52	-11.16
4624.00	3568.00	-0.64	-11.21
4656.00	3568.00	-0.55	-11.27
4688.00	3568.00	-0.22	-11.30
4720.00	3568.00	0.02	-11.40
4752.00	3568.00	0.13	-11.43
4784.00	3568.00	0.17	-11.34
4816.00	3568.00	0.21	-11.18
4848.00	3568.00	0.21	-11.16
4880.00	3568.00	0.38	-11.19
4912.00	3568.00	0.63	-11.25
4944.00	3568.00	0.66	-11.18
4976.00	3568.00	0.40	-11.18
5008.00	3568.00	0.05	-11.21
5040.00	3568.00	-0.14	-11.42
5072.00	3568.00	-0.07	-11.58
5104.00	3568.00	0.10	-11.58
5136.00	3568.00	0.27	-11.42
5168.00	3568.00	0.28	-11.41
5200.00	3568.00	0.31	-11.56
5232.00	3568.00	0.39	-11.68
5264.00	3568.00	0.36	-11.65
5296.00	3568.00	0.30	-11.60
5328.00	3568.00	0.22	-11.50
5360.00	3568.00	0.21	-11.35
5392.00	3568.00	0.25	-11.16
5424.00	3568.00	0.32	-11.07
5456.00	3568.00	0.43	-11.00
5488.00	3568.00	0.44	-10.90
5520.00	3568.00	0.43	-10.78
5552.00	3568.00	0.41	-10.61
5584.00	3568.00	0.29	-10.27
5616.00	3568.00	0.19	-9.84
5648.00	3568.00	0.16	-9.56
5680.00	3568.00	0.21	-9.48
5712.00	3568.00	0.27	-9.48
5744.00	3568.00	0.29	-9.38
5776.00	3568.00	0.29	-9.20
5808.00	3568.00	0.26	-8.76
5840.00	3568.00	0.21	-8.00
5872.00	3568.00	0.16	-7.01
5904.00	3568.00	0.18	-6.01
5936.00	3568.00	0.19	-5.13
5968.00	3568.00	0.21	-4.08
6000.00	3568.00	0.20	-2.72
6032.00	3568.00	0.18	-1.25
6064.00	3568.00	0.16	-0.55
6096.00	3568.00	0.06	-1.06
6128.00	3568.00	-0.03	-2.47
6160.00	3568.00	-0.08	-4.23
6192.00	3568.00	-0.15	-5.30
6224.00	3568.00	-0.08	-6.10
6256.00	3568.00	0.17	-6.38
6288.00	3568.00	0.53	-7.02
6320.00	3568.00	0.83	-7.63
6352.00	3568.00	0.89	-8.42
6384.00	3568.00	0.81	-8.95
6416.00	3568.00	0.64	-9.40
6448.00	3568.00	0.56	-9.67
6480.00	3568.00	0.61	-9.92
6512.00	3568.00	0.63	-9.99
6544.00	3568.00	0.60	-9.96
6576.00	3568.00	0.54	-9.92
16.00	3600.00	0.20	-15.24
48.00	3600.00	0.20	-15.30
80.00	3600.00	0.16	-15.44
112.00	3600.00	0.13	-15.45
144.00	3600.00	0.04	-15.29
176.00	3600.00	0.04	-15.04
208.00	3600.00	0.08	-15.03
240.00	3600.00	0.09	-15.16
272.00	3600.00	0.11	-15.34
304.00	3600.00	0.14	-15.45
336.00	3600.00	0.20	-15.51
368.00	3600.00	0.21	-15.55
400.00	3600.00	0.19	-15.55
432.00	3600.00	0.21	-15.53
464.00	3600.00	0.22	-15.49
496.00	3600.00	0.22	-15.53
528.00	3600.00	0.23	-15.61
560.00	3600.00	0.26	-15.58
592.00	3600.00	0.24	-15.47
624.00	3600.00	0.29	-15.42
656.00	3600.00	0.30	-15.42
688.00	3600.00	0.25	-15.38
720.00	3600.00	0.14	-15.32
752.00	3600.00	0.14	-15.36
784.00	3600.00	0.21	-15.47
816.00	3600.00	0.29	-15.58
848.00	3600.00	0.24	-15.67
880.00	3600.00	0.13	-15.69
912.00	3600.00	0.17	-15.59
944.00	3600.00	0.22	-15.38
976.00	3600.00	0.26	-15.22
1008.00	3600.00	0.19	-15.16
1040.00	3600.00	0.20	-15.21
1072.00	3600.00	0.24	-15.30
1104.00	3600.00	0.21	-15.45
1136.00	3600.00	0.13	-15.56
1168.00	3600.00	0.09	-15.56
1200.00	3600.00	0.09	-15.46
1232.00	3600.00	0.16	-15.36
1264.00	3600.00	0.24	-15.35
1296.00	3600.00	0.23	-15.41
1328.00	3600.00	0.16	-15.47
1360.00	3600.00	0.14	-15.51
1392.00	3600.00	0.15	-15.51
1424.00	3600.00	0.13	-15.52
1456.00	3600.00	0.03	-15.56
1488.00	3600.00	-0.01	-15.55
1520.00	3600.00	0.02	-15.51
1552.00	3600.00	0.09	-15.48
1584.00	3600.00	0.13	-15.48
1616.00	3600.00	0.13	-15.48
1648.00	3600.00	0.02	-15.48
1680.00	3600.00	-0.07	-15.48
1712.00	3600.00	-0.16	-15.57
1744.00	3600.00	-0.14	-15.64
1776.00	3600.00	-0.13	-15.63
1808.00	3600.00	-0.16	-15.62
1840.00	3600.00	-0.13	-15.59
1872.00	3600.00	-0.10	-15.53
1904.00	3600.00	-0.10	-15.49
1936.00	3600.00	-0.15	-15.51
1968.00	3600.00	-0.15	-15.64
2000.00	3600.00	-0.10	-15.69
2032.00	3600.00	-0.09	-15.70
2064.00	3600.00	-0.12	-15.72
2096.00	3600.00	-0.13	-15.79
2128.00	3600.00	-0.05	-15.85
2160.00	3600.00	0.01	-15.80
2192.00	3600.00	0.04	-15.78
2224.00	3600.00	-0.02	-15.85
2256.00	3600.00	-0.07	-15.95
2288.00	3600.00	-0.17	-15.92
2320.00	3600.00	-0.21	-15.86
2352.00	3600.00	-0.18	-15.91
2384.00	3600.00	-0.14	-15.91
2416.00	3600.00	-0.26	-15.75
2448.00	3600.00	-0.57	-15.56
2480.00	3600.00	-0.83	-15.58
2512.00	3600.00	-0.81	-15.70
2544.00	3600.00	-0.65	-15.71
2576.00	3600.00	-0.51	-15.53
2608.00	3600.00	-0.50	-15.38
2640.00	3600.00	-0.50	-15.30
2672.00	3600.00	-0.52	-15.21
2704.00	3600.00	-0.74	-15.06
2736.00	3600.00	-1.01	-14.69
2768.00	3600.00	-1.33	-13.97
2800.00	3600.00	-1.51	-13.22
2832.00	3600.00	-1.60	-12.92
2864.00	3600.00	-1.51	-13.04
2896.00	3600.00	-1.57	-13.03
2928.00	3600.00	-1.78	-12.73
2960.00	3600.00	-2.00	-12.41
2992.00	3600.00	-2.06	-12.20
3024.00	3600.00	-2.03	-12.13
3056.00	3600.00	-2.09	-12.14
3088.00	3600.00	-2.06	-12.20
3120.00	3600.00	-2.01	-12.10
3152.00	3600.00	-2.10	-11.85
3184.00	3600.00	-2.25	-11.60
3216.00	3600.00	-2.25	-11.56
3248.00	3600.00	-2.08	-11.70
3280.00	3600.00	-2.07	-11.82
3312.00	3600.00	-2.21	-11.73
3344.00	3600.00	-2.37	-11.45
3376.00	3600.00	-2.31	-11.30
3408.00	3600.00	-2.08	-11.29
3440.00	3600.00	-1.81	-11.39
3472.00	3600.00	-1.67	-11.35
3504.00	3600.00	-1.74	-11.28
3536.00	3600.00	-1.95	-11.28
3568.00	3600.00	-2.09	-11.35
3600.00	3600.00	-2.12	-11.38
3632.00	3600.00	-2.09	-11.39
3664.00	3600.00	-2.11	-11.46
3696.00	3600.00	-2.04	-11.62
3728.00	3600.00	-2.05	-11.85
3760.00	3600.00	-1.82	-11.97
3792.00	3600.00	-1.76	-11.96
3824.00	3600.00	-1.63	-11.82
3856.00	3600.00	-1.65	-11.72
3888.00	3600.00	-1.64	-11.61
3920.00	3600.00	-1.57	-11.49
3952.00	3600.00	-1.46	-11.50
3984.00	3600.00	-1.41	-11.63
4016.00	3600.00	-1.32	-11.78
4048.00	3600.00	-1.25	-11.78
4080.00	3600.00	-1.17	-11.62
4112.00	3600.00	-1.13	-11.44
4144.00	3600.00	-1.13	-11.43
4176.00	3600.00	-1.06	-11.46
4208.00	3600.00	-1.01	-11.50
4240.00	3600.00	-1.02	-11.31
4272.00	3600.00	-1.06	-11.22
4304.00	3600.00	-0.96	-11.13
4336.00	3600.00	-0.78	-11.15
4368.00	3600.00	-0.63	-11.10
4400.00	3600.00	-0.58	-11.18
4432.00	3600.00	-0.53	-11.24
4464.00	3600.00	-0.49	-11.32
4496.00	3600.00	-0.47	-11.26
4528.00	3600.00	-0.46	-11.13
4560.00	3600.00	-0.39	-11.01
4592.00	3600.00	-0.42	-11.03
4624.00	3600.00	-0.52	-11.17
4656.00	3600.00	-0.51	-11.31
4688.00	3600.00	-0.27	-11.41
4720.00	3600.00	-0.01	-11.51
4752.00	3600.00	0.13	-11.56
4784.00	3600.00	0.14	-11.43
4816.00	3600.00	0.10	-11.21
4848.00	3600.00	0.11	-11.10
4880.00	3600.00	0.30	-11.14
4912.00	3600.00	0.56	-11.26
4944.00	3600.00	0.61	-11.26
4976.00	3600.00	0.48	-11.21
5008.00	3600.00	0.29	-11.18
5040.00	3600.00	0.13	-11.32
5072.00	3600.00	0.09	-11.48
5104.00	3600.00	0.14	-11.56
5136.00	3600.00	0.26	-11.51
5168.00	3600.00	0.31	-11.53
5200.00	3600.00	0.37	-11.56
5232.00	3600.00	0.46	-11.55
5264.00	3600.00	0.45	-11.47
5296.00	3600.00	0.43	-11.38
5328.00	3600.00	0.36	-11.29
5360.00	3600.00	0.31	-11.22
5392.00	3600.00	0.22	-11.15
5424.00	3600.00	0.22	-11.11
5456.00	3600.00	0.29	-11.03
5488.00	3600.00	0.35	-10.88
5520.00	3600.00	0.37	-10.69
5552.00	3600.00	0.36	-10.50
5584.00	3600.00	0.28	-10.25
5616.00	3600.00	0.22	-10.03
5648.00	3600.00	0.20	-9.81
5680.00	3600.00	0.27	-9.69
5712.00	3600.00	0.31	-9.55
5744.00	3600.00	0.32	-9.40
5776.00	3600.00	0.30	-9.14
5808.00	3600.00	0.26	-8.59
5840.00	3600.00	0.23	-7.72
5872.00	3600.00	0.20	-6.68
5904.00	3600.00	0.19	-5.68
5936.00	3600.00	0.16	-4.84
5968.00	3600.00	0.12	-3.90
6000.00	3600.00	0.14	-2.63
6032.00	3600.00	0.23	-1.25
6064.00	3600.00	0.27	-0.58
6096.00	3600.00	0.19	-1.08
6128.00	3600.00	0.01	-2.37
6160.00	3600.00	-0.03	-3.93
6192.00	3600.00	-0.11	-4.91
6224.00	3600.00	0.01	-5.70
6256.00	3600.00	0.22	-6.07
6288.00	3600.00	0.45	-6.88
6320.00	3600.00	0.66	-7.73
6352.00	3600.00	0.72	-8.68
6384.00	3600.00	0.72	-9.23
6416.00	3600.00	0.64	-9.56
6448.00	3600.00	0.60	-9.76
6480.00	3600.00	0.63	-10.00
6512.00	3600.00	0.59	-10.12
6544.00	3600.00	0.51	-10.14
6576.00	3600.00	0.44	-10.10
16.00	3632.00	0.14	-15.28
48.00	3632.00	0.10	-15.28
80.00	3632.00	0.03	-15.36
112.00	3632.00	0.02	-15.40
144.00	3632.00	-0.03	-15.31
176.00	3632.00	0.00	-15.10
208.00	3632.00	0.03	-15.04
240.00	3632.00	0.06	-15.09
272.00	3632.00	0.09	-15.17
304.00	3632.00	0.15	-15.29
336.00	3632.00	0.22	-15.46
368.00	3632.00	0.23	-15.58
400.00	3632.00	0.19	-15.57
432.00	3632.00	0.19	-15.51
464.00	3632.00	0.20	-15.43
496.00	3632.00	0.18	-15.46
528.00	3632.00	0.19	-15.58
560.00	3632.00	0.22	-15.62
592.00	3632.00	0.20	-15.48
624.00	3632.00	0.28	-15.32
656.00	3632.00	0.30	-15.24
688.00	3632.00	0.25	-15.27
720.00	3632.00	0.15	-15.26
752.00	3632.00	0.17	-15.32
784.00	3632.00	0.26	-15.42
816.00	3632.00	0.32	-15.56
848.00	3632.00	0.25	-15.67
880.00	3632.00	0.21	-15.66
912.00	3632.00	0.29	-15.52
944.00	3632.00	0.34	-15.36
976.00	3632.00	0.31	-15.26
1008.00	3632.00	0.19	-15.27
1040.00	3632.00	0.16	-15.30
1072.00	3632.00	0.20	-15.32
1104.00	3632.00	0.17	-15.44
1136.00	3632.00	0.10	-15.56
1168.00	3632.00	0.08	-15.61
1200.00	3632.00	0.11	-15.55
1232.00	3632.00	0.23	-15.46
1264.00	3632.00	0.32	-15.43
1296.00	3632.00	0.32	-15.44
1328.00	3632.00	0.24	-15.44
1360.00	3632.00	0.17	-15.43
1392.00	3632.00	0.17	-15.38
1424.00	3632.00	0.15	-15.36
1456.00	3632.00	0.10	-15.41
1488.00	3632.00	0.08	-15.47
1520.00	3632.00	0.06	-15.47
1552.00	3632.00	0.04	-15.43
1584.00	3632.00	-0.05	-15.43
1616.00	3632.00	-0.06	-15.53
1648.00	3632.00	-0.14	-15.61
1680.00	3632.00	-0.17	-15.65
1712.00	3632.00	-0.18	-15.64
1744.00	3632.00	-0.10	-15.58
1776.00	3632.00	-0.07	-15.47
1808.00	3632.00	-0.11	-15.45
1840.00	3632.00	-0.12	-15.46
1872.00	3632.00	-0.13	-15.49
1904.00	3632.00	-0.16	-15.46
1936.00	3632.00	-0.20	-15.45
1968.00	3632.00	-0.16	-15.50
2000.00	3632.00	-0.08	-15.51
2032.00	3632.00	-0.05	-15.54
2064.00	3632.00	-0.09	-15.61
2096.00	3632.00	-0.14	-15.74
2128.00	3632.00	-0.12	-15.80
2160.00	3632.00	-0.07	-15.78
2192.00	3632.00	0.00	-15.78
2224.00	3632.00	-0.01	-15.85
2256.00	3632.00	-0.05	-15.88
2288.00	3632.00	-0.16	-15.78
2320.00	3632.00	-0.24	-15.72
2352.00	3632.00	-0.24	-15.80
2384.00	3632.00	-0.20	-15.87
2416.00	3632.00	-0.23	-15.80
2448.00	3632.00	-0.47	-15.67
2480.00	3632.00	-0.74	-15.64
2512.00	3632.00	-0.79	-15.70
2544.00	3632.00	-0.66	-15.67
2576.00	3632.00	-0.55	-15.49
2608.00	3632.00	-0.61	-15.25
2640.00	3632.00	-0.70	-15.02
2672.00	3632.00	-0.68	-14.83
2704.00	3632.00	-0.76	-14.77
2736.00	3632.00	-0.92	-14.52
2768.00	3632.00	-1.22	-13.93
2800.00	3632.00	-1.37	-13.36
2832.00	3632.00	-1.51	-13.09
2864.00	3632.00	-1.58	-13.05
2896.00	3632.00	-1.82	-12.83
2928.00	3632.00	-2.02	-12.51
2960.00	3632.00	-2.05	-12.23
2992.00	3632.00	-1.99	-12.03
3024.00	3632.00	-1.87	-11.97
3056.00	3632.00	-1.92	-12.10
3088.00	3632.00	-1.95	-12.20
3120.00	3632.00	-2.06	-12.13
3152.00	3632.00	-2.20	-11.94
3184.00	3632.00	-2.33	-11.72
3216.00	3632.00	-2.28	-11.67
3248.00	3632.00	-2.09	-11.75
3280.00	3632.00	-1.96	-11.81
3312.00	3632.00	-1.99	-11.66
3344.00	3632.00	-2.19	-11.38
3376.00	3632.00	-2.34	-11.25
3408.00	3632.00	-2.28	-11.30
3440.00	3632.00	-2.06	-11.47
3472.00	3632.00	-1.95	-11.35
3504.00	3632.00	-2.01	-11.13
3536.00	3632.00	-2.12	-11.02
3568.00	3632.00	-2.15	-11.09
3600.00	3632.00	-2.09	-11.21
3632.00	3632.00	-2.12	-11.29
3664.00	3632.00	-2.15	-11.45
3696.00	3632.00	-2.10	-11.73
3728.00	3632.00	-2.01	-11.95
3760.00	3632.00	-1.83	-11.96
3792.00	3632.00	-1.81	-11.85
3824.00	3632.00	-1.85	-11.70
3856.00	3632.00	-1.84	-11.66
3888.00	3632.00	-1.81	-11.54
3920.00	3632.00	-1.68	-11.39
3952.00	3632.00	-1.49	-11.36
3984.00	3632.00	-1.33	-11.55
4016.00	3632.00	-1.24	-11.70
4048.00	3632.00	-1.27	-11.74
4080.00	3632.00	-1.26	-11.61
4112.00	3632.00	-1.24	-11.47
4144.00	3632.00	-1.26	-11.42
4176.00	3632.00	-1.24	-11.41
4208.00	3632.00	-1.20	-11.38
4240.00	3632.00	-1.15	-11.26
4272.00	3632.00	-1.16	-11.21
4304.00	3632.00	-1.02	-11.18
4336.00	3632.00	-0.81	-11.22
4368.00	3632.00	-0.63	-11.24
4400.00	3632.00	-0.60	-11.34
4432.00	3632.00	-0.61	-11.36
4464.00	3632.00	-0.56	-11.34
4496.00	3632.00	-0.49	-11.18
4528.00	3632.00	-0.44	-10.99
4560.00	3632.00	-0.33	-10.87
4592.00	3632.00	-0.34	-10.91
4624.00	3632.00	-0.40	-11.11
4656.00	3632.00	-0.40	-11.24
4688.00	3632.00	-0.25	-11.33
4720.00	3632.00	-0.04	-11.38
4752.00	3632.00	0.08	-11.42
4784.00	3632.00	0.03	-11.26
4816.00	3632.00	-0.05	-11.02
4848.00	3632.00	-0.02	-10.92
4880.00	3632.00	0.21	-11.05
4912.00	3632.00	0.53	-11.27
4944.00	3632.00	0.66	-11.33
4976.00	3632.00	0.69	-11.26
5008.00	3632.00	0.53	-11.14
5040.00	3632.00	0.33	-11.15
5072.00	3632.00	0.19	-11.23
5104.00	3632.00	0.21	-11.37
5136.00	3632.00	0.26	-11.48
5168.00	3632.00	0.26	-11.58
5200.00	3632.00	0.34	-11.56
5232.00	3632.00	0.49	-11.49
5264.00	3632.00	0.60	-11.38
5296.00	3632.00	0.63	-11.28
5328.00	3632.00	0.56	-11.19
5360.00	3632.00	0.48	-11.21
5392.00	3632.00	0.28	-11.22
5424.00	3632.00	0.21	-11.20
5456.00	3632.00	0.16	-11.01
5488.00	3632.00	0.20	-10.71
5520.00	3632.00	0.23	-10.47
5552.00	3632.00	0.27	-10.33
5584.00	3632.00	0.25	-10.24
5616.00	3632.00	0.21	-10.14
5648.00	3632.00	0.19	-9.97
5680.00	3632.00	0.25	-9.87
5712.00	3632.00	0.29	-9.74
5744.00	3632.00	0.28	-9.57
5776.00	3632.00	0.24	-9.18
5808.00	3632.00	0.28	-8.51
5840.00	3632.00	0.29	-7.55
5872.00	3632.00	0.25	-6.48
5904.00	3632.00	0.16	-5.48
5936.00	3632.00	0.12	-4.63
5968.00	3632.00	0.12	-3.68
6000.00	3632.00	0.19	-2.46
6032.00	3632.00	0.32	-1.19
6064.00	3632.00	0.37	-0.64
6096.00	3632.00	0.25	-0.96
6128.00	3632.00	-0.00	-2.04
6160.00	3632.00	-0.10	-3.23
6192.00	3632.00	-0.07	-4.38
6224.00	3632.00	0.12	-5.35
6256.00	3632.00	0.26	-6.10
6288.00	3632.00	0.33	-6.90
6320.00	3632.00	0.35	-7.95
6352.00	3632.00	0.43	-8.81
6384.00	3632.00	0.51	-9.44
6416.00	3632.00	0.60	-9.64
6448.00	3632.00	0.60	-9.88
6480.00	3632.00	0.58	-10.06
6512.00	3632.00	0.51	-10.19
6544.00	3632.00	0.40	-10.32
6576.00	3632.00	0.33	-10.35
16.00	3664.00	0.11	-15.28
48.00	3664.00	0.09	-15.25
80.00	3664.00	0.05	-15.30
112.00	3664.00	0.07	-15.35
144.00	3664.00	0.03	-15.32
176.00	3664.00	0.05	-15.20
208.00	3664.00	0.08	-15.16
240.00	3664.00	0.13	-15.11
272.00	3664.00	0.15	-15.07
304.00	3664.00	0.19	-15.11
336.00	3664.00	0.20	-15.29
368.00	3664.00	0.19	-15.46
400.00	3664.00	0.17	-15.48
432.00	3664.00	0.23	-15.43
464.00	3664.00	0.28	-15.35
496.00	3664.00	0.22	-15.37
528.00	3664.00	0.20	-15.50
560.00	3664.00	0.20	-15.57
592.00	3664.00	0.19	-15.41
624.00	3664.00	0.25	-15.17
656.00	3664.00	0.26	-15.07
688.00	3664.00	0.20	-15.17
720.00	3664.00	0.11	-15.24
752.00	3664.00	0.12	-15.32
784.00	3664.00	0.21	-15.43
816.00	3664.00	0.26	-15.58
848.00	3664.00	0.27	-15.64
880.00	3664.00	0.29	-15.60
912.00	3664.00	0.36	-15.48
944.00	3664.00	0.36	-15.42
976.00	3664.00	0.31	-15.43
1008.00	3664.00	0.20	-15.47
1040.00	3664.00	0.13	-15.45
1072.00	3664.00	0.13	-15.38
1104.00	3664.00	0.11	-15.42
1136.00	3664.00	0.07	-15.48
1168.00	3664.00	0.07	-15.52
1200.00	3664.00	0.12	-15.52
1232.00	3664.00	0.23	-15.49
1264.00	3664.00	0.31	-15.51
1296.00	3664.00	0.30	-15.49
1328.00	3664.00	0.25	-15.43
1360.00	3664.00	0.17	-15.36
1392.00	3664.00	0.14	-15.30
1424.00	3664.00	0.13	-15.27
1456.00	3664.00	0.16	-15.28
1488.00	3664.00	0.20	-15.34
1520.00	3664.00	0.15	-15.42
1552.00	3664.00	0.06	-15.45
1584.00	3664.00	-0.11	-15.51
1616.00	3664.00	-0.14	-15.62
1648.00	3664.00	-0.19	-15.71
1680.00	3664.00	-0.16	-15.70
1712.00	3664.00	-0.14	-15.63
1744.00	3664.00	-0.09	-15.52
1776.00	3664.00	-0.06	-15.42
1808.00	3664.00	-0.09	-15.42
1840.00	3664.00	-0.11	-15.47
1872.00	3664.00	-0.16	-15.53
1904.00	3664.00	-0.22	-15.45
1936.00	3664.00	-0.27	-15.32
1968.00	3664.00	-0.25	-15.22
2000.00	3664.00	-0.14	-15.28
2032.00	3664.00	-0.06	-15.41
2064.00	3664.00	-0.09	-15.56
2096.00	3664.00	-0.17	-15.64
2128.00	3664.00	-0.20	-15.73
2160.00	3664.00	-0.16	-15.75
2192.00	3664.00	-0.08	-15.77
2224.00	3664.00	-0.06	-15.80
2256.00	3664.00	-0.09	-15.78
2288.00	3664.00	-0.17	-15.68
2320.00	3664.00	-0.24	-15.60
2352.00	3664.00	-0.27	-15.63
2384.00	3664.00	-0.27	-15.73
2416.00	3664.00	-0.27	-15.75
2448.00	3664.00	-0.41	-15.71
2480.00	3664.00	-0.58	-15.70
2512.00	3664.00	-0.68	-15.72
2544.00	3664.00	-0.64	-15.62
2576.00	3664.00	-0.62	-15.36
2608.00	3664.00	-0.71	-15.06
2640.00	3664.00	-0.84	-14.70
2672.00	3664.00	-0.80	-14.55
2704.00	3664.00	-0.81	-14.54
2736.00	3664.00	-0.90	-14.37
2768.00	3664.00	-1.19	-13.85
2800.00	3664.00	-1.31	-13.48
2832.00	3664.00	-1.41	-13.39
2864.00	3664.00	-1.63	-13.29
2896.00	3664.00	-2.01	-13.02
2928.00	3664.00	-2.31	-12.73
2960.00	3664.00	-2.27	-12.43
2992.00	3664.00	-2.23	-12.14
3024.00	3664.00	-2.07	-11.93
3056.00	3664.00	-1.96	-12.09
3088.00	3664.00	-1.89	-12.13
3120.00	3664.00	-2.06	-12.08
3152.00	3664.00	-2.30	-11.90
3184.00	3664.00	-2.38	-11.76
3216.00	3664.00	-2.30	-11.73
3248.00	3664.00	-2.15	-11.78
3280.00	3664.00	-2.01	-11.82
3312.00	3664.00	-1.92	-11.70
3344.00	3664.00	-2.03	-11.48
3376.00	3664.00	-2.27	-11.32
3408.00	3664.00	-2.42	-11.24
3440.00	3664.00	-2.33	-11.26
3472.00	3664.00	-2.21	-11.07
3504.00	3664.00	-2.14	-10.88
3536.00	3664.00	-2.14	-10.86
3568.00	3664.00	-2.12	-11.00
3600.00	3664.00	-2.09	-11.16
3632.00	3664.00	-2.11	-11.27
3664.00	3664.00	-2.08	-11.47
3696.00	3664.00	-2.00	-11.75
3728.00	3664.00	-1.87	-11.90
3760.00	3664.00	-1.79	-11.82
3792.00	3664.00	-1.82	-11.68
3824.00	3664.00	-1.93	-11.53
3856.00	3664.00	-1.93	-11.51
3888.00	3664.00	-1.86	-11.39
3920.00	3664.00	-1.68	-11.17
3952.00	3664.00	-1.36	-11.06
3984.00	3664.00	-1.13	-11.19
4016.00	3664.00	-1.12	-11.41
4048.00	3664.00	-1.28	-11.55
4080.00	3664.00	-1.31	-11.58
4112.00	3664.00	-1.26	-11.54
4144.00	3664.00	-1.20	-11.52
4176.00	3664.00	-1.30	-11.38
4208.00	3664.00	-1.38	-11.22
4240.00	3664.00	-1.43	-11.13
4272.00	3664.00	-1.33	-11.17
4304.00	3664.00	-1.07	-11.23
4336.00	3664.00	-0.75	-11.29
4368.00	3664.00	-0.54	-11.30
4400.00	3664.00	-0.54	-11.39
4432.00	3664.00	-0.63	-11.36
4464.00	3664.00	-0.58	-11.30
4496.00	3664.00	-0.48	-11.14
4528.00	3664.00	-0.38	-10.95
4560.00	3664.00	-0.31	-10.85
4592.00	3664.00	-0.30	-10.91
4624.00	3664.00	-0.28	-11.02
4656.00	3664.00	-0.28	-11.13
4688.00	3664.00	-0.21	-11.19
4720.00	3664.00	-0.12	-11.24
4752.00	3664.00	-0.04	-11.24
4784.00	3664.00	-0.06	-11.08
4816.00	3664.00	-0.11	-10.89
4848.00	3664.00	-0.07	-10.83
4880.00	3664.00	0.13	-11.04
4912.00	3664.00	0.36	-11.25
4944.00	3664.00	0.48	-11.27
4976.00	3664.00	0.61	-11.16
5008.00	3664.00	0.54	-11.03
5040.00	3664.00	0.38	-11.02
5072.00	3664.00	0.21	-11.05
5104.00	3664.00	0.28	-11.22
5136.00	3664.00	0.32	-11.39
5168.00	3664.00	0.28	-11.46
5200.00	3664.00	0.28	-11.45
5232.00	3664.00	0.46	-11.39
5264.00	3664.00	0.65	-11.35
5296.00	3664.00	0.69	-11.27
5328.00	3664.00	0.60	-11.19
5360.00	3664.00	0.55	-11.26
5392.00	3664.00	0.37	-11.34
5424.00	3664.00	0.30	-11.34
5456.00	3664.00	0.16	-11.04
5488.00	3664.00	0.17	-10.69
5520.00	3664.00	0.16	-10.39
5552.00	3664.00	0.21	-10.25
5584.00	3664.00	0.20	-10.17
5616.00	3664.00	0.18	-10.11
5648.00	3664.00	0.16	-9.98
5680.00	3664.00	0.23	-9.90
5712.00	3664.00	0.26	-9.79
5744.00	3664.00	0.26	-9.52
5776.00	3664.00	0.21	-9.01
5808.00	3664.00	0.28	-8.37
5840.00	3664.00	0.32	-7.58
5872.00	3664.00	0.25	-6.62
5904.00	3664.00	0.12	-5.58
5936.00	3664.00	0.10	-4.66
5968.00	3664.00	0.18	-3.62
6000.00	3664.00	0.27	-2.39
6032.00	3664.00	0.37	-1.12
6064.00	3664.00	0.39	-0.61
6096.00	3664.00	0.28	-0.93
6128.00	3664.00	0.02	-1.98
6160.00	3664.00	-0.11	-3.17
6192.00	3664.00	-0.05	-4.33
6224.00	3664.00	0.19	-5.33
6256.00	3664.00	0.37	-6.21
6288.00	3664.00	0.34	-7.03
6320.00	3664.00	0.26	-8.00
6352.00	3664.00	0.21	-8.72
6384.00	3664.00	0.32	-9.42
6416.00	3664.00	0.43	-9.80
6448.00	3664.00	0.48	-10.08
6480.00	3664.00	0.49	-10.12
6512.00	3664.00	0.49	-10.15
6544.00	3664.00	0.39	-10.26
6576.00	3664.00	0.33	-10.35
16.00	3696.00	0.12	-15.24
48.00	3696.00	0.15	-15.20
80.00	3696.00	0.21	-15.24
112.00	3696.00	0.23	-15.34
144.00	3696.00	0.17	-15.37
176.00	3696.00	0.13	-15.31
208.00	3696.00	0.17	-15.23
240.00	3696.00	0.21	-15.12
272.00	3696.00	0.19	-15.03
304.00	3696.00	0.17	-15.02
336.00	3696.00	0.14	-15.17
368.00	3696.00	0.10	-15.31
400.00	3696.00	0.15	-15.34
432.00	3696.00	0.25	-15.32
464.00	3696.00	0.36	-15.31
496.00	3696.00	0.28	-15.34
528.00	3696.00	0.24	-15.43
560.00	3696.00	0.21	-15.46
592.00	3696.00	0.23	-15.31
624.00	3696.00	0.25	-15.12
656.00	3696.00	0.22	-15.04
688.00	3696.00	0.13	-15.17
720.00	3696.00	0.05	-15.27
752.00	3696.00	0.10	-15.33
784.00	3696.00	0.18	-15.41
816.00	3696.00	0.22	-15.51
848.00	3696.00	0.25	-15.55
880.00	3696.00	0.32	-15.50
912.00	3696.00	0.35	-15.44
944.00	3696.00	0.31	-15.47
976.00	3696.00	0.26	-15.57
1008.00	3696.00	0.20	-15.61
1040.00	3696.00	0.13	-15.57
1072.00	3696.00	0.05	-15.49
1104.00	3696.00	0.03	-15.48
1136.00	3696.00	0.06	-15.51
1168.00	3696.00	0.11	-15.53
1200.00	3696.00	0.17	-15.53
1232.00	3696.00	0.24	-15.54
1264.00	3696.00	0.27	-15.57
1296.00	3696.00	0.25	-15.54
1328.00	3696.00	0.20	-15.43
1360.00	3696.00	0.12	-15.32
1392.00	3696.00	0.06	-15.29
1424.00	3696.00	0.07	-15.28
1456.00	3696.00	0.16	-15.28
1488.00	3696.00	0.26	-15.31
1520.00	3696.00	0.21	-15.44
1552.00	3696.00	0.08	-15.51
1584.00	3696.00	-0.11	-15.59
1616.00	3696.00	-0.15	-15.65
1648.00	3696.00	-0.16	-15.67
1680.00	3696.00	-0.11	-15.64
1712.00	3696.00	-0.09	-15.58
1744.00	3696.00	-0.07	-15.53
1776.00	3696.00	-0.03	-15.42
1808.00	3696.00	-0.08	-15.45
1840.00	3696.00	-0.13	-15.52
1872.00	3696.00	-0.21	-15.67
1904.00	3696.00	-0.23	-15.61
1936.00	3696.00	-0.27	-15.41
1968.00	3696.00	-0.29	-15.20
2000.00	3696.00	-0.21	-15.20
2032.00	3696.00	-0.12	-15.34
2064.00	3696.00	-0.12	-15.50
2096.00	3696.00	-0.25	-15.56
2128.00	3696.00	-0.30	-15.61
2160.00	3696.00	-0.26	-15.66
2192.00	3696.00	-0.19	-15.69
2224.00	3696.00	-0.20	-15.71
2256.00	3696.00	-0.24	-15.73
2288.00	3696.00	-0.27	-15.69
2320.00	3696.00	-0.27	-15.59
2352.00	3696.00	-0.28	-15.49
2384.00	3696.00	-0.31	-15.50
2416.00	3696.00	-0.33	-15.57
2448.00	3696.00	-0.36	-15.64
2480.00	3696.00	-0.35	-15.70
2512.00	3696.00	-0.40	-15.73
2544.00	3696.00	-0.52	-15.62
2576.00	3696.00	-0.72	-15.27
2608.00	3696.00	-0.85	-14.93
2640.00	3696.00	-0.90	-14.63
2672.00	3696.00	-0.78	-14.58
2704.00	3696.00	-0.76	-14.55
2736.00	3696.00	-0.83	-14.40
2768.00	3696.00	-1.09	-14.01
2800.00	3696.00	-1.23	-13.64
2832.00	3696.00	-1.46	-13.40
2864.00	3696.00	-1.77	-13.13
2896.00	3696.00	-2.14	-12.98
2928.00	3696.00	-2.35	-12.85
2960.00	3696.00	-2.39	-12.55
2992.00	3696.00	-2.48	-12.18
3024.00	3696.00	-2.32	-11.90
3056.00	3696.00	-2.01	-11.99
3088.00	3696.00	-1.74	-11.94
3120.00	3696.00	-1.90	-11.88
3152.00	3696.00	-2.22	-11.83
3184.00	3696.00	-2.35	-11.76
3216.00	3696.00	-2.27	-11.72
3248.00	3696.00	-2.15	-11.69
3280.00	3696.00	-2.11	-11.74
3312.00	3696.00	-1.89	-11.66
3344.00	3696.00	-1.83	-11.50
3376.00	3696.00	-1.93	-11.36
3408.00	3696.00	-2.22	-11.24
3440.00	3696.00	-2.33	-11.15
3472.00	3696.00	-2.34	-11.01
3504.00	3696.00	-2.26	-10.96
3536.00	3696.00	-2.22	-11.09
3568.00	3696.00	-2.15	-11.23
3600.00	3696.00	-2.18	-11.33
3632.00	3696.00	-2.11	-11.35
3664.00	3696.00	-1.90	-11.47
3696.00	3696.00	-1.67	-11.67
3728.00	3696.00	-1.50	-11.81
3760.00	3696.00	-1.58	-11.73
3792.00	3696.00	-1.73	-11.61
3824.00	3696.00	-1.83	-11.49
3856.00	3696.00	-1.82	-11.49
3888.00	3696.00	-1.69	-11.35
3920.00	3696.00	-1.56	-11.05
3952.00	3696.00	-1.25	-10.81
3984.00	3696.00	-1.07	-10.81
4016.00	3696.00	-1.09	-11.06
4048.00	3696.00	-1.20	-11.35
4080.00	3696.00	-1.18	-11.56
4112.00	3696.00	-1.11	-11.58
4144.00	3696.00	-1.01	-11.48
4176.00	3696.00	-1.24	-11.31
4208.00	3696.00	-1.47	-11.10
4240.00	3696.00	-1.60	-11.06
4272.00	3696.00	-1.36	-11.12
4304.00	3696.00	-0.97	-11.24
4336.00	3696.00	-0.62	-11.35
4368.00	3696.00	-0.44	-11.43
4400.00	3696.00	-0.52	-11.47
4432.00	3696.00	-0.69	-11.42
4464.00	3696.00	-0.70	-11.30
4496.00	3696.00	-0.57	-11.20
4528.00	3696.00	-0.37	-11.05
4560.00	3696.00	-0.34	-10.99
4592.00	3696.00	-0.38	-11.05
4624.00	3696.00	-0.34	-11.14
4656.00	3696.00	-0.29	-11.15
4688.00	3696.00	-0.23	-11.07
4720.00	3696.00	-0.19	-11.07
4752.00	3696.00	-0.06	-11.14
4784.00	3696.00	0.01	-11.12
4816.00	3696.00	-0.01	-11.00
4848.00	3696.00	-0.00	-10.92
4880.00	3696.00	0.11	-10.99
4912.00	3696.00	0.22	-11.06
4944.00	3696.00	0.28	-11.02
4976.00	3696.00	0.46	-11.01
5008.00	3696.00	0.53	-11.01
5040.00	3696.00	0.46	-11.06
5072.00	3696.00	0.29	-11.03
5104.00	3696.00	0.34	-11.11
5136.00	3696.00	0.39	-11.27
5168.00	3696.00	0.34	-11.30
5200.00	3696.00	0.25	-11.27
5232.00	3696.00	0.33	-11.23
5264.00	3696.00	0.53	-11.33
5296.00	3696.00	0.61	-11.36
5328.00	3696.00	0.56	-11.31
5360.00	3696.00	0.57	-11.34
5392.00	3696.00	0.53	-11.41
5424.00	3696.00	0.50	-11.41
5456.00	3696.00	0.32	-11.12
5488.00	3696.00	0.24	-10.82
5520.00	3696.00	0.17	-10.45
5552.00	3696.00	0.12	-10.24
5584.00	3696.00	0.07	-10.05
5616.00	3696.00	0.05	-9.95
5648.00	3696.00	0.09	-9.86
5680.00	3696.00	0.18	-9.78
5712.00	3696.00	0.19	-9.68
5744.00	3696.00	0.15	-9.36
5776.00	3696.00	0.10	-8.84
5808.00	3696.00	0.20	-8.26
5840.00	3696.00	0.30	-7.76
5872.00	3696.00	0.26	-7.00
5904.00	3696.00	0.16	-5.96
5936.00	3696.00	0.13	-4.87
5968.00	3696.00	0.17	-3.68
6000.00	3696.00	0.23	-2.41
6032.00	3696.00	0.30	-1.06
6064.00	3696.00	0.35	-0.54
6096.00	3696.00	0.24	-0.95
6128.00	3696.00	0.05	-2.03
6160.00	3696.00	-0.03	-3.23
6192.00	3696.00	0.07	-4.39
6224.00	3696.00	0.30	-5.46
6256.00	3696.00	0.51	-6.45
6288.00	3696.00	0.55	-7.19
6320.00	3696.00	0.43	-7.95
6352.00	3696.00	0.25	-8.49
6384.00	3696.00	0.25	-9.12
6416.00	3696.00	0.35	-9.58
6448.00	3696.00	0.40	-9.90
6480.00	3696.00	0.43	-9.94
6512.00	3696.00	0.46	-9.95
6544.00	3696.00	0.41	-10.04
6576.00	3696.00	0.39	-10.15
16.00	3728.00	0.04	-15.21
48.00	3728.00	0.09	-15.17
80.00	3728.00	0.20	-15.22
112.00	3728.00	0.25	-15.32
144.00	3728.00	0.22	-15.42
176.00	3728.00	0.18	-15.35
208.00	3728.00	0.24	-15.24
240.00	3728.00	0.30	-15.19
272.00	3728.00	0.28	-15.16
304.00	3728.00	0.23	-15.21
336.00	3728.00	0.14	-15.18
368.00	3728.00	0.08	-15.21
400.00	3728.00	0.13	-15.22
432.00	3728.00	0.28	-15.26
464.00	3728.00	0.43	-15.33
496.00	3728.00	0.38	-15.36
528.00	3728.00	0.29	-15.42
560.00	3728.00	0.24	-15.39
592.00	3728.00	0.28	-15.27
624.00	3728.00	0.28	-15.15
656.00	3728.00	0.20	-15.14
688.00	3728.00	0.10	-15.26
720.00	3728.00	0.05	-15.36
752.00	3728.00	0.12	-15.39
784.00	3728.00	0.19	-15.37
816.00	3728.00	0.24	-15.36
848.00	3728.00	0.20	-15.37
880.00	3728.00	0.22	-15.38
912.00	3728.00	0.21	-15.43
944.00	3728.00	0.20	-15.50
976.00	3728.00	0.19	-15.59
1008.00	3728.00	0.17	-15.60
1040.00	3728.00	0.14	-15.53
1072.00	3728.00	0.09	-15.46
1104.00	3728.00	0.10	-15.47
1136.00	3728.00	0.17	-15.51
1168.00	3728.00	0.24	-15.46
1200.00	3728.00	0.25	-15.40
1232.00	3728.00	0.23	-15.49
1264.00	3728.00	0.21	-15.61
1296.00	3728.00	0.22	-15.64
1328.00	3728.00	0.20	-15.48
1360.00	3728.00	0.13	-15.38
1392.00	3728.00	0.02	-15.37
1424.00	3728.00	0.02	-15.37
1456.00	3728.00	0.11	-15.37
1488.00	3728.00	0.23	-15.38
1520.00	3728.00	0.21	-15.50
1552.00	3728.00	0.09	-15.58
1584.00	3728.00	-0.00	-15.61
1616.00	3728.00	-0.05	-15.57
1648.00	3728.00	-0.07	-15.52
1680.00	3728.00	-0.10	-15.52
1712.00	3728.00	-0.07	-15.53
1744.00	3728.00	-0.00	-15.54
1776.00	3728.00	0.06	-15.47
1808.00	3728.00	-0.02	-15.51
1840.00	3728.00	-0.10	-15.62
1872.00	3728.00	-0.17	-15.76
1904.00	3728.00	-0.17	-15.71
1936.00	3728.00	-0.20	-15.53
1968.00	3728.00	-0.28	-15.33
2000.00	3728.00	-0.24	-15.31
2032.00	3728.00	-0.21	-15.35
2064.00	3728.00	-0.25	-15.44
2096.00	3728.00	-0.38	-15.46
2128.00	3728.00	-0.38	-15.51
2160.00	3728.00	-0.32	-15.55
2192.00	3728.00	-0.29	-15.62
2224.00	3728.00	-0.31	-15.67
2256.00	3728.00	-0.34	-15.71
2288.00	3728.00	-0.31	-15.67
2320.00	3728.00	-0.27	-15.55
2352.00	3728.00	-0.20	-15.39
2384.00	3728.00	-0.24	-15.37
2416.00	3728.00	-0.36	-15.43
2448.00	3728.00	-0.39	-15.53
2480.00	3728.00	-0.28	-15.64
2512.00	3728.00	-0.22	-15.71
2544.00	3728.00	-0.38	-15.60
2576.00	3728.00	-0.72	-15.24
2608.00	3728.00	-0.93	-14.95
2640.00	3728.00	-0.99	-14.71
2672.00	3728.00	-0.82	-14.72
2704.00	3728.00	-0.72	-14.59
2736.00	3728.00	-0.77	-14.45
2768.00	3728.00	-1.00	-14.10
2800.00	3728.00	-1.25	-13.61
2832.00	3728.00	-1.58	-13.16
2864.00	3728.00	-1.81	-12.78
2896.00	3728.00	-1.96	-12.75
2928.00	3728.00	-2.06	-12.71
2960.00	3728.00	-2.29	-12.44
2992.00	3728.00	-2.54	-12.07
3024.00	3728.00	-2.37	-11.85
3056.00	3728.00	-1.81	-11.85
3088.00	3728.00	-1.38	-11.79
3120.00	3728.00	-1.50	-11.77
3152.00	3728.00	-1.93	-11.77
3184.00	3728.00	-2.16	-11.74
3216.00	3728.00	-2.14	-11.63
3248.00	3728.00	-2.05	-11.64
3280.00	3728.00	-1.97	-11.76
3312.00	3728.00	-1.71	-11.79
3344.00	3728.00	-1.59	-11.64
3376.00	3728.00	-1.64	-11.47
3408.00	3728.00	-1.89	-11.28
3440.00	3728.00	-2.05	-11.11
3472.00	3728.00	-2.15	-11.05
3504.00	3728.00	-2.13	-11.14
3536.00	3728.00	-2.06	-11.39
3568.00	3728.00	-1.97	-11.53
3600.00	3728.00	-2.04	-11.53
3632.00	3728.00	-2.01	-11.45
3664.00	3728.00	-1.77	-11.48
3696.00	3728.00	-1.45	-11.61
3728.00	3728.00	-1.17	-11.74
3760.00	3728.00	-1.30	-11.70
3792.00	3728.00	-1.44	-11.67
3824.00	3728.00	-1.51	-11.64
3856.00	3728.00	-1.42	-11.65
3888.00	3728.00	-1.31	-11.47
3920.00	3728.00	-1.24	-11.14
3952.00	3728.00	-1.10	-10.84
3984.00	3728.00	-1.03	-10.68
4016.00	3728.00	-1.03	-10.89
4048.00	3728.00	-1.02	-11.26
4080.00	3728.00	-0.94	-11.60
4112.00	3728.00	-0.91	-11.56
4144.00	3728.00	-0.83	-11.35
4176.00	3728.00	-1.06	-11.18
4208.00	3728.00	-1.31	-11.08
4240.00	3728.00	-1.48	-11.03
4272.00	3728.00	-1.19	-11.01
4304.00	3728.00	-0.83	-11.09
4336.00	3728.00	-0.52	-11.26
4368.00	3728.00	-0.43	-11.47
4400.00	3728.00	-0.58	-11.61
4432.00	3728.00	-0.82	-11.61
4464.00	3728.00	-0.92	-11.45
4496.00	3728.00	-0.75	-11.29
4528.00	3728.00	-0.46	-11.13
4560.00	3728.00	-0.39	-11.12
4592.00	3728.00	-0.44	-11.23
4624.00	3728.00	-0.41	-11.35
4656.00	3728.00	-0.34	-11.33
4688.00	3728.00	-0.26	-11.21
4720.00	3728.00	-0.21	-11.20
4752.00	3728.00	-0.03	-11.31
4784.00	3728.00	0.14	-11.41
4816.00	3728.00	0.19	-11.33
4848.00	3728.00	0.23	-11.17
4880.00	3728.00	0.24	-11.02
4912.00	3728.00	0.17	-10.90
4944.00	3728.00	0.10	-10.86
4976.00	3728.00	0.24	-10.94
5008.00	3728.00	0.50	-11.09
5040.00	3728.00	0.57	-11.20
5072.00	3728.00	0.45	-11.18
5104.00	3728.00	0.40	-11.16
5136.00	3728.00	0.44	-11.20
5168.00	3728.00	0.40	-11.12
5200.00	3728.00	0.25	-11.03
5232.00	3728.00	0.19	-11.02
5264.00	3728.00	0.29	-11.22
5296.00	3728.00	0.40	-11.36
5328.00	3728.00	0.42	-11.34
5360.00	3728.00	0.48	-11.30
5392.00	3728.00	0.60	-11.35
5424.00	3728.00	0.66	-11.35
5456.00	3728.00	0.54	-11.16
5488.00	3728.00	0.34	-10.94
5520.00	3728.00	0.14	-10.53
5552.00	3728.00	0.01	-10.24
5584.00	3728.00	-0.08	-9.99
5616.00	3728.00	-0.05	-9.86
5648.00	3728.00	0.04	-9.75
5680.00	3728.00	0.16	-9.51
5712.00	3728.00	0.17	-9.36
5744.00	3728.00	0.12	-9.09
5776.00	3728.00	0.03	-8.75
5808.00	3728.00	0.12	-8.28
5840.00	3728.00	0.26	-7.87
5872.00	3728.00	0.27	-7.16
5904.00	3728.00	0.24	-6.09
5936.00	3728.00	0.17	-4.93
5968.00	3728.00	0.12	-3.74
6000.00	3728.00	0.12	-2.49
6032.00	3728.00	0.19	-1.11
6064.00	3728.00	0.30	-0.53
6096.00	3728.00	0.17	-1.04
6128.00	3728.00	0.04	-2.24
6160.00	3728.00	-0.01	-3.55
6192.00	3728.00	0.13	-4.73
6224.00	3728.00	0.28	-5.81
6256.00	3728.00	0.50	-6.71
6288.00	3728.00	0.64	-7.35
6320.00	3728.00	0.62	-7.85
6352.00	3728.00	0.40	-8.41
6384.00	3728.00	0.28	-8.95
6416.00	3728.00	0.34	-9.47
6448.00	3728.00	0.41	-9.69
6480.00	3728.00	0.44	-9.78
6512.00	3728.00	0.47	-9.84
6544.00	3728.00	0.46	-9.89
6576.00	3728.00	0.47	-9.97
16.00	3760.00	-0.08	-15.17
48.00	3760.00	0.00	-15.13
80.00	3760.00	0.18	-15.18
112.00	3760.00	0.30	-15.29
144.00	3760.00	0.27	-15.42
176.00	3760.00	0.18	-15.37
208.00	3760.00	0.19	-15.24
240.00	3760.00	0.28	-15.24
272.00	3760.00	0.31	-15.26
304.00	3760.00	0.29	-15.34
336.00	3760.00	0.19	-15.23
368.00	3760.00	0.11	-15.19
400.00	3760.00	0.15	-15.20
432.00	3760.00	0.29	-15.25
464.00	3760.00	0.45	-15.35
496.00	3760.00	0.43	-15.42
528.00	3760.00	0.36	-15.49
560.00	3760.00	0.30	-15.45
592.00	3760.00	0.31	-15.32
624.00	3760.00	0.27	-15.21
656.00	3760.00	0.15	-15.21
688.00	3760.00	0.04	-15.30
720.00	3760.00	0.01	-15.37
752.00	3760.00	0.14	-15.35
784.00	3760.00	0.23	-15.24
816.00	3760.00	0.26	-15.13
848.00	3760.00	0.15	-15.17
880.00	3760.00	0.14	-15.28
912.00	3760.00	0.14	-15.42
944.00	3760.00	0.15	-15.47
976.00	3760.00	0.14	-15.51
1008.00	3760.00	0.09	-15.47
1040.00	3760.00	0.10	-15.34
1072.00	3760.00	0.11	-15.32
1104.00	3760.00	0.17	-15.34
1136.00	3760.00	0.25	-15.41
1168.00	3760.00	0.26	-15.28
1200.00	3760.00	0.21	-15.20
1232.00	3760.00	0.14	-15.37
1264.00	3760.00	0.14	-15.56
1296.00	3760.00	0.18	-15.67
1328.00	3760.00	0.15	-15.56
1360.00	3760.00	0.09	-15.50
1392.00	3760.00	0.01	-15.51
1424.00	3760.00	0.04	-15.50
1456.00	3760.00	0.11	-15.52
1488.00	3760.00	0.17	-15.53
1520.00	3760.00	0.12	-15.57
1552.00	3760.00	0.04	-15.57
1584.00	3760.00	0.02	-15.49
1616.00	3760.00	-0.01	-15.38
1648.00	3760.00	-0.07	-15.32
1680.00	3760.00	-0.14	-15.40
1712.00	3760.00	-0.08	-15.48
1744.00	3760.00	0.05	-15.56
1776.00	3760.00	0.11	-15.54
1808.00	3760.00	0.04	-15.55
1840.00	3760.00	-0.06	-15.63
1872.00	3760.00	-0.14	-15.76
1904.00	3760.00	-0.16	-15.71
1936.00	3760.00	-0.19	-15.59
1968.00	3760.00	-0.25	-15.44
2000.00	3760.00	-0.22	-15.37
2032.00	3760.00	-0.24	-15.33
2064.00	3760.00	-0.33	-15.36
2096.00	3760.00	-0.44	-15.42
2128.00	3760.00	-0.43	-15.42
2160.00	3760.00	-0.41	-15.44
2192.00	3760.00	-0.43	-15.52
2224.00	3760.00	-0.43	-15.62
2256.00	3760.00	-0.40	-15.65
2288.00	3760.00	-0.33	-15.62
2320.00	3760.00	-0.29	-15.54
2352.00	3760.00	-0.22	-15.42
2384.00	3760.00	-0.23	-15.40
2416.00	3760.00	-0.35	-15.43
2448.00	3760.00	-0.38	-15.53
2480.00	3760.00	-0.31	-15.61
2512.00	3760.00	-0.20	-15.66
2544.00	3760.00	-0.31	-15.55
2576.00	3760.00	-0.66	-15.26
2608.00	3760.00	-0.92	-15.05
2640.00	3760.00	-0.98	-14.95
2672.00	3760.00	-0.82	-14.91
2704.00	3760.00	-0.73	-14.66
2736.00	3760.00	-0.78	-14.36
2768.00	3760.00	-0.96	-13.98
2800.00	3760.00	-1.21	-13.41
2832.00	3760.00	-1.52	-12.98
2864.00	3760.00	-1.60	-12.67
2896.00	3760.00	-1.55	-12.68
2928.00	3760.00	-1.48	-12.56
2960.00	3760.00	-1.72	-12.25
2992.00	3760.00	-1.96	-11.96
3024.00	3760.00	-1.88	-11.85
3056.00	3760.00	-1.46	-11.83
3088.00	3760.00	-1.18	-11.75
3120.00	3760.00	-1.25	-11.72
3152.00	3760.00	-1.62	-11.69
3184.00	3760.00	-1.86	-11.60
3216.00	3760.00	-1.96	-11.49
3248.00	3760.00	-1.87	-11.60
3280.00	3760.00	-1.74	-11.86
3312.00	3760.00	-1.52	-11.94
3344.00	3760.00	-1.49	-11.81
3376.00	3760.00	-1.57	-11.62
3408.00	3760.00	-1.73	-11.41
3440.00	3760.00	-1.83	-11.25
3472.00	3760.00	-1.97	-11.21
3504.00	3760.00	-2.01	-11.34
3536.00	3760.00	-1.93	-11.59
3568.00	3760.00	-1.89	-11.68
3600.00	3760.00	-2.03	-11.57
3632.00	3760.00	-2.05	-11.46
3664.00	3760.00	-1.79	-11.51
3696.00	3760.00	-1.45	-11.68
3728.00	3760.00	-1.15	-11.77
3760.00	3760.00	-1.22	-11.69
3792.00	3760.00	-1.28	-11.65
3824.00	3760.00	-1.33	-11.64
3856.00	3760.00	-1.20	-11.69
3888.00	3760.00	-0.99	-11.56
3920.00	3760.00	-0.95	-11.32
3952.00	3760.00	-0.91	-11.08
3984.00	3760.00	-1.01	-10.92
4016.00	3760.00	-0.94	-11.12
4048.00	3760.00	-0.87	-11.47
4080.00	3760.00	-0.79	-11.76
4112.00	3760.00	-0.81	-11.66
4144.00	3760.00	-0.77	-11.42
4176.00	3760.00	-0.94	-11.32
4208.00	3760.00	-1.12	-11.29
4240.00	3760.00	-1.19	-11.16
4272.00	3760.00	-0.89	-11.08
4304.00	3760.00	-0.65	-11.14
4336.00	3760.00	-0.53	-11.38
4368.00	3760.00	-0.56	-11.57
4400.00	3760.00	-0.70	-11.71
4432.00	3760.00	-0.92	-11.74
4464.00	3760.00	-1.05	-11.56
4496.00	3760.00	-0.94	-11.34
4528.00	3760.00	-0.64	-11.16
4560.00	3760.00	-0.49	-11.16
4592.00	3760.00	-0.49	-11.31
4624.00	3760.00	-0.48	-11.49
4656.00	3760.00	-0.39	-11.52
4688.00	3760.00	-0.27	-11.43
4720.00	3760.00	-0.19	-11.40
4752.00	3760.00	-0.02	-11.44
4784.00	3760.00	0.19	-11.53
4816.00	3760.00	0.31	-11.43
4848.00	3760.00	0.43	-11.28
4880.00	3760.00	0.41	-10.96
4912.00	3760.00	0.25	-10.78
4944.00	3760.00	0.15	-10.79
4976.00	3760.00	0.28	-10.98
5008.00	3760.00	0.60	-11.16
5040.00	3760.00	0.71	-11.27
5072.00	3760.00	0.57	-11.26
5104.00	3760.00	0.37	-11.19
5136.00	3760.00	0.33	-11.13
5168.00	3760.00	0.34	-11.00
5200.00	3760.00	0.25	-10.89
5232.00	3760.00	0.15	-10.99
5264.00	3760.00	0.17	-11.26
5296.00	3760.00	0.28	-11.47
5328.00	3760.00	0.32	-11.43
5360.00	3760.00	0.38	-11.33
5392.00	3760.00	0.56	-11.33
5424.00	3760.00	0.66	-11.31
5456.00	3760.00	0.59	-11.14
5488.00	3760.00	0.33	-10.88
5520.00	3760.00	0.10	-10.51
5552.00	3760.00	-0.09	-10.19
5584.00	3760.00	-0.20	-9.99
5616.00	3760.00	-0.16	-9.84
5648.00	3760.00	-0.05	-9.73
5680.00	3760.00	0.12	-9.43
5712.00	3760.00	0.19	-9.21
5744.00	3760.00	0.12	-8.92
5776.00	3760.00	0.02	-8.64
5808.00	3760.00	0.06	-8.31
5840.00	3760.00	0.21	-7.86
5872.00	3760.00	0.24	-7.03
5904.00	3760.00	0.17	-5.84
5936.00	3760.00	0.11	-4.72
5968.00	3760.00	0.07	-3.67
6000.00	3760.00	0.12	-2.46
6032.00	3760.00	0.19	-1.11
6064.00	3760.00	0.29	-0.49
6096.00	3760.00	0.15	-0.97
6128.00	3760.00	0.07	-2.16
6160.00	3760.00	0.03	-3.61
6192.00	3760.00	0.15	-4.97
6224.00	3760.00	0.21	-6.19
6256.00	3760.00	0.38	-7.01
6288.00	3760.00	0.64	-7.61
6320.00	3760.00	0.73	-8.12
6352.00	3760.00	0.60	-8.69
6384.00	3760.00	0.45	-9.08
6416.00	3760.00	0.45	-9.37
6448.00	3760.00	0.45	-9.54
6480.00	3760.00	0.38	-9.71
6512.00	3760.00	0.38	-9.84
6544.00	3760.00	0.50	-9.84
6576.00	3760.00	0.60	-9.83
16.00	3792.00	-0.19	-15.18
48.00	3792.00	-0.13	-15.12
80.00	3792.00	0.02	-15.14
112.00	3792.00	0.20	-15.17
144.00	3792.00	0.21	-15.29
176.00	3792.00	0.16	-15.31
208.00	3792.00	0.14	-15.29
240.00	3792.00	0.24	-15.33
272.00	3792.00	0.31	-15.33
304.00	3792.00	0.31	-15.37
336.00	3792.00	0.21	-15.26
368.00	3792.00	0.14	-15.22
400.00	3792.00	0.18	-15.25
432.00	3792.00	0.33	-15.32
464.00	3792.00	0.45	-15.40
496.00	3792.00	0.45	-15.47
528.00	3792.00	0.37	-15.52
560.00	3792.00	0.30	-15.46
592.00	3792.00	0.27	-15.33
624.00	3792.00	0.24	-15.19
656.00	3792.00	0.10	-15.20
688.00	3792.00	-0.01	-15.28
720.00	3792.00	-0.05	-15.35
752.00	3792.00	0.11	-15.31
784.00	3792.00	0.24	-15.15
816.00	3792.00	0.28	-15.01
848.00	3792.00	0.16	-15.06
880.00	3792.00	0.08	-15.22
912.00	3792.00	0.03	-15.41
944.00	3792.00	0.02	-15.43
976.00	3792.00	0.03	-15.41
1008.00	3792.00	0.04	-15.36
1040.00	3792.00	0.09	-15.25
1072.00	3792.00	0.11	-15.26
1104.00	3792.00	0.15	-15.22
1136.00	3792.00	0.19	-15.23
1168.00	3792.00	0.18	-15.08
1200.00	3792.00	0.10	-15.02
1232.00	3792.00	0.03	-15.21
1264.00	3792.00	0.05	-15.42
1296.00	3792.00	0.10	-15.59
1328.00	3792.00	0.10	-15.57
1360.00	3792.00	0.08	-15.55
1392.00	3792.00	0.07	-15.57
1424.00	3792.00	0.11	-15.59
1456.00	3792.00	0.10	-15.59
1488.00	3792.00	0.09	-15.58
1520.00	3792.00	0.04	-15.55
1552.00	3792.00	-0.03	-15.51
1584.00	3792.00	-0.04	-15.38
1616.00	3792.00	-0.09	-15.27
1648.00	3792.00	-0.13	-15.27
1680.00	3792.00	-0.17	-15.37
1712.00	3792.00	-0.07	-15.48
1744.00	3792.00	0.06	-15.55
1776.00	3792.00	0.05	-15.56
1808.00	3792.00	-0.03	-15.51
1840.00	3792.00	-0.13	-15.51
1872.00	3792.00	-0.19	-15.55
1904.00	3792.00	-0.27	-15.52
1936.00	3792.00	-0.31	-15.46
1968.00	3792.00	-0.29	-15.36
2000.00	3792.00	-0.19	-15.33
2032.00	3792.00	-0.16	-15.31
2064.00	3792.00	-0.26	-15.36
2096.00	3792.00	-0.37	-15.40
2128.00	3792.00	-0.38	-15.37
2160.00	3792.00	-0.40	-15.36
2192.00	3792.00	-0.46	-15.41
2224.00	3792.00	-0.42	-15.49
2256.00	3792.00	-0.36	-15.52
2288.00	3792.00	-0.31	-15.53
2320.00	3792.00	-0.33	-15.51
2352.00	3792.00	-0.28	-15.44
2384.00	3792.00	-0.23	-15.41
2416.00	3792.00	-0.28	-15.39
2448.00	3792.00	-0.28	-15.45
2480.00	3792.00	-0.28	-15.50
2512.00	3792.00	-0.27	-15.54
2544.00	3792.00	-0.37	-15.43
2576.00	3792.00	-0.64	-15.21
2608.00	3792.00	-0.88	-15.09
2640.00	3792.00	-0.98	-15.03
2672.00	3792.00	-0.87	-14.96
2704.00	3792.00	-0.81	-14.62
2736.00	3792.00	-0.80	-14.36
2768.00	3792.00	-0.94	-13.96
2800.00	3792.00	-1.15	-13.42
2832.00	3792.00	-1.40	-12.98
2864.00	3792.00	-1.36	-12.76
2896.00	3792.00	-1.13	-12.80
2928.00	3792.00	-1.00	-12.63
2960.00	3792.00	-1.12	-12.30
2992.00	3792.00	-1.27	-12.10
3024.00	3792.00	-1.26	-11.99
3056.00	3792.00	-1.13	-11.98
3088.00	3792.00	-1.12	-11.84
3120.00	3792.00	-1.18	-11.77
3152.00	3792.00	-1.39	-11.59
3184.00	3792.00	-1.61	-11.44
3216.00	3792.00	-1.78	-11.41
3248.00	3792.00	-1.68	-11.65
3280.00	3792.00	-1.39	-11.96
3312.00	3792.00	-1.21	-12.11
3344.00	3792.00	-1.36	-12.02
3376.00	3792.00	-1.60	-11.83
3408.00	3792.00	-1.74	-11.60
3440.00	3792.00	-1.74	-11.48
3472.00	3792.00	-1.87	-11.43
3504.00	3792.00	-1.94	-11.48
3536.00	3792.00	-1.83	-11.61
3568.00	3792.00	-1.80	-11.66
3600.00	3792.00	-1.96	-11.55
3632.00	3792.00	-2.03	-11.52
3664.00	3792.00	-1.87	-11.66
3696.00	3792.00	-1.57	-11.90
3728.00	3792.00	-1.40	-11.94
3760.00	3792.00	-1.41	-11.71
3792.00	3792.00	-1.37	-11.57
3824.00	3792.00	-1.41	-11.49
3856.00	3792.00	-1.24	-11.53
3888.00	3792.00	-0.99	-11.52
3920.00	3792.00	-0.79	-11.46
3952.00	3792.00	-0.75	-11.36
3984.00	3792.00	-0.90	-11.23
4016.00	3792.00	-0.87	-11.38
4048.00	3792.00	-0.80	-11.66
4080.00	3792.00	-0.75	-11.82
4112.00	3792.00	-0.82	-11.71
4144.00	3792.00	-0.84	-11.54
4176.00	3792.00	-0.87	-11.48
4208.00	3792.00	-0.96	-11.38
4240.00	3792.00	-0.94	-11.18
4272.00	3792.00	-0.74	-11.14
4304.00	3792.00	-0.60	-11.26
4336.00	3792.00	-0.57	-11.49
4368.00	3792.00	-0.68	-11.58
4400.00	3792.00	-0.81	-11.66
4432.00	3792.00	-0.98	-11.74
4464.00	3792.00	-1.08	-11.63
4496.00	3792.00	-1.02	-11.36
4528.00	3792.00	-0.77	-11.12
4560.00	3792.00	-0.60	-11.11
4592.00	3792.00	-0.50	-11.25
4624.00	3792.00	-0.46	-11.42
4656.00	3792.00	-0.34	-11.53
4688.00	3792.00	-0.25	-11.53
4720.00	3792.00	-0.15	-11.48
4752.00	3792.00	-0.06	-11.42
4784.00	3792.00	0.08	-11.42
4816.00	3792.00	0.22	-11.30
4848.00	3792.00	0.38	-11.15
4880.00	3792.00	0.41	-10.89
4912.00	3792.00	0.28	-10.77
4944.00	3792.00	0.17	-10.87
4976.00	3792.00	0.31	-11.05
5008.00	3792.00	0.63	-11.15
5040.00	3792.00	0.80	-11.19
5072.00	3792.00	0.64	-11.20
5104.00	3792.00	0.36	-11.17
5136.00	3792.00	0.23	-11.04
5168.00	3792.00	0.22	-10.87
5200.00	3792.00	0.25	-10.83
5232.00	3792.00	0.23	-11.09
5264.00	3792.00	0.26	-11.46
5296.00	3792.00	0.30	-11.67
5328.00	3792.00	0.27	-11.54
5360.00	3792.00	0.29	-11.35
5392.00	3792.00	0.43	-11.28
5424.00	3792.00	0.56	-11.22
5456.00	3792.00	0.49	-11.04
5488.00	3792.00	0.24	-10.77
5520.00	3792.00	0.02	-10.52
5552.00	3792.00	-0.14	-10.28
5584.00	3792.00	-0.24	-10.08
5616.00	3792.00	-0.18	-9.87
5648.00	3792.00	-0.02	-9.72
5680.00	3792.00	0.23	-9.46
5712.00	3792.00	0.37	-9.23
5744.00	3792.00	0.30	-8.87
5776.00	3792.00	0.15	-8.56
5808.00	3792.00	0.11	-8.28
5840.00	3792.00	0.24	-7.73
5872.00	3792.00	0.31	-6.78
5904.00	3792.00	0.21	-5.57
5936.00	3792.00	0.15	-4.63
5968.00	3792.00	0.04	-3.84
6000.00	3792.00	0.17	-2.59
6032.00	3792.00	0.24	-1.21
6064.00	3792.00	0.34	-0.36
6096.00	3792.00	0.14	-0.21
6128.00	3792.00	0.05	-1.62
6160.00	3792.00	0.00	-3.26
6192.00	3792.00	0.10	-5.39
6224.00	3792.00	0.15	-6.47
6256.00	3792.00	0.31	-7.14
6288.00	3792.00	0.59	-7.65
6320.00	3792.00	0.77	-8.30
6352.00	3792.00	0.76	-9.03
6384.00	3792.00	0.66	-9.42
6416.00	3792.00	0.58	-9.59
6448.00	3792.00	0.47	-9.71
6480.00	3792.00	0.31	-9.90
6512.00	3792.00	0.25	-9.97
6544.00	3792.00	0.40	-9.90
6576.00	3792.00	0.51	-9.84
16.00	3824.00	-0.13	-15.21
48.00	3824.00	-0.09	-15.14
80.00	3824.00	0.01	-15.08
112.00	3824.00	0.13	-15.03
144.00	3824.00	0.15	-15.13
176.00	3824.00	0.15	-15.21
208.00	3824.00	0.13	-15.28
240.00	3824.00	0.21	-15.30
272.00	3824.00	0.29	-15.31
304.00	3824.00	0.30	-15.27
336.00	3824.00	0.23	-15.20
368.00	3824.00	0.18	-15.18
400.00	3824.00	0.26	-15.27
432.00	3824.00	0.39	-15.39
464.00	3824.00	0.43	-15.46
496.00	3824.00	0.43	-15.49
528.00	3824.00	0.37	-15.50
560.00	3824.00	0.29	-15.44
592.00	3824.00	0.20	-15.33
624.00	3824.00	0.17	-15.20
656.00	3824.00	0.09	-15.20
688.00	3824.00	0.00	-15.27
720.00	3824.00	-0.04	-15.31
752.00	3824.00	0.09	-15.25
784.00	3824.00	0.26	-15.12
816.00	3824.00	0.30	-15.04
848.00	3824.00	0.20	-15.14
880.00	3824.00	0.06	-15.27
912.00	3824.00	-0.03	-15.41
944.00	3824.00	-0.06	-15.41
976.00	3824.00	-0.03	-15.38
1008.00	3824.00	0.06	-15.31
1040.00	3824.00	0.11	-15.17
1072.00	3824.00	0.10	-15.16
1104.00	3824.00	0.09	-15.11
1136.00	3824.00	0.11	-15.10
1168.00	3824.00	0.10	-15.01
1200.00	3824.00	0.03	-14.99
1232.00	3824.00	0.01	-15.11
1264.00	3824.00	0.05	-15.27
1296.00	3824.00	0.09	-15.44
1328.00	3824.00	0.07	-15.50
1360.00	3824.00	0.08	-15.52
1392.00	3824.00	0.09	-15.55
1424.00	3824.00	0.09	-15.57
1456.00	3824.00	0.02	-15.53
1488.00	3824.00	-0.01	-15.49
1520.00	3824.00	-0.04	-15.45
1552.00	3824.00	-0.07	-15.42
1584.00	3824.00	-0.07	-15.26
1616.00	3824.00	-0.10	-15.16
1648.00	3824.00	-0.12	-15.20
1680.00	3824.00	-0.15	-15.34
1712.00	3824.00	-0.07	-15.43
1744.00	3824.00	-0.02	-15.48
1776.00	3824.00	-0.10	-15.46
1808.00	3824.00	-0.21	-15.41
1840.00	3824.00	-0.29	-15.37
1872.00	3824.00	-0.35	-15.39
1904.00	3824.00	-0.42	-15.39
1936.00	3824.00	-0.47	-15.34
1968.00	3824.00	-0.35	-15.22
2000.00	3824.00	-0.18	-15.22
2032.00	3824.00	-0.10	-15.31
2064.00	3824.00	-0.20	-15.42
2096.00	3824.00	-0.32	-15.45
2128.00	3824.00	-0.31	-15.39
2160.00	3824.00	-0.33	-15.35
2192.00	3824.00	-0.35	-15.38
2224.00	3824.00	-0.34	-15.40
2256.00	3824.00	-0.36	-15.40
2288.00	3824.00	-0.35	-15.39
2320.00	3824.00	-0.39	-15.41
2352.00	3824.00	-0.33	-15.40
2384.00	3824.00	-0.26	-15.40
2416.00	3824.00	-0.27	-15.34
2448.00	3824.00	-0.27	-15.36
2480.00	3824.00	-0.32	-15.41
2512.00	3824.00	-0.39	-15.49
2544.00	3824.00	-0.49	-15.45
2576.00	3824.00	-0.66	-15.22
2608.00	3824.00	-0.75	-15.09
2640.00	3824.00	-0.80	-14.95
2672.00	3824.00	-0.78	-14.87
2704.00	3824.00	-0.80	-14.56
2736.00	3824.00	-0.74	-14.38
2768.00	3824.00	-0.82	-14.14
2800.00	3824.00	-1.07	-13.57
2832.00	3824.00	-1.31	-13.09
2864.00	3824.00	-1.22	-12.88
2896.00	3824.00	-0.88	-13.07
2928.00	3824.00	-0.75	-12.98
2960.00	3824.00	-0.90	-12.61
2992.00	3824.00	-1.00	-12.34
3024.00	3824.00	-1.02	-12.09
3056.00	3824.00	-1.12	-12.04
3088.00	3824.00	-1.20	-11.94
3120.00	3824.00	-1.21	-11.88
3152.00	3824.00	-1.22	-11.57
3184.00	3824.00	-1.50	-11.25
3216.00	3824.00	-1.64	-11.41
3248.00	3824.00	-1.53	-11.70
3280.00	3824.00	-1.18	-12.05
3312.00	3824.00	-1.09	-12.04
3344.00	3824.00	-1.28	-12.01
3376.00	3824.00	-1.50	-11.91
3408.00	3824.00	-1.63	-11.78
3440.00	3824.00	-1.62	-11.75
3472.00	3824.00	-1.71	-11.72
3504.00	3824.00	-1.86	-11.73
3536.00	3824.00	-1.86	-11.74
3568.00	3824.00	-1.88	-11.74
3600.00	3824.00	-1.97	-11.62
3632.00	3824.00	-1.93	-11.59
3664.00	3824.00	-1.79	-11.69
3696.00	3824.00	-1.51	-11.91
3728.00	3824.00	-1.42	-11.92
3760.00	3824.00	-1.45	-11.62
3792.00	3824.00	-1.47	-11.35
3824.00	3824.00	-1.50	-11.21
3856.00	3824.00	-1.37	-11.27
3888.00	3824.00	-1.12	-11.36
3920.00	3824.00	-0.92	-11.45
3952.00	3824.00	-0.88	-11.43
3984.00	3824.00	-1.02	-11.32
4016.00	3824.00	-0.87	-11.41
4048.00	3824.00	-0.74	-11.58
4080.00	3824.00	-0.69	-11.65
4112.00	3824.00	-0.86	-11.60
4144.00	3824.00	-0.97	-11.56
4176.00	3824.00	-1.00	-11.56
4208.00	3824.00	-1.04	-11.39
4240.00	3824.00	-0.96	-11.16
4272.00	3824.00	-0.78	-11.13
4304.00	3824.00	-0.69	-11.25
4336.00	3824.00	-0.69	-11.44
4368.00	3824.00	-0.81	-11.44
4400.00	3824.00	-0.84	-11.45
4432.00	3824.00	-0.91	-11.56
4464.00	3824.00	-0.91	-11.54
4496.00	3824.00	-0.86	-11.39
4528.00	3824.00	-0.70	-11.17
4560.00	3824.00	-0.57	-11.15
4592.00	3824.00	-0.43	-11.23
4624.00	3824.00	-0.35	-11.36
4656.00	3824.00	-0.19	-11.49
4688.00	3824.00	-0.14	-11.46
4720.00	3824.00	-0.07	-11.34
4752.00	3824.00	-0.05	-11.26
4784.00	3824.00	-0.02	-11.26
4816.00	3824.00	0.03	-11.16
4848.00	3824.00	0.08	-10.98
4880.00	3824.00	0.17	-10.83
4912.00	3824.00	0.14	-10.88
4944.00	3824.00	0.02	-11.01
4976.00	3824.00	0.18	-11.07
5008.00	3824.00	0.50	-11.00
5040.00	3824.00	0.81	-10.92
5072.00	3824.00	0.70	-10.97
5104.00	3824.00	0.44	-11.06
5136.00	3824.00	0.23	-11.03
5168.00	3824.00	0.14	-10.87
5200.00	3824.00	0.24	-10.88
5232.00	3824.00	0.38	-11.20
5264.00	3824.00	0.47	-11.59
5296.00	3824.00	0.43	-11.76
5328.00	3824.00	0.31	-11.62
5360.00	3824.00	0.32	-11.43
5392.00	3824.00	0.40	-11.32
5424.00	3824.00	0.46	-11.18
5456.00	3824.00	0.36	-10.95
5488.00	3824.00	0.19	-10.71
5520.00	3824.00	0.08	-10.53
5552.00	3824.00	-0.05	-10.30
5584.00	3824.00	-0.15	-10.02
5616.00	3824.00	-0.09	-9.78
5648.00	3824.00	0.12	-9.68
5680.00	3824.00	0.35	-9.57
5712.00	3824.00	0.51	-9.37
5744.00	3824.00	0.43	-8.99
5776.00	3824.00	0.28	-8.55
5808.00	3824.00	0.21	-8.15
5840.00	3824.00	0.29	-7.48
5872.00	3824.00	0.45	-6.53
5904.00	3824.00	0.36	-5.42
5936.00	3824.00	0.34	-4.57
5968.00	3824.00	0.19	-3.73
6000.00	3824.00	0.32	-2.41
6032.00	3824.00	0.38	-1.03
6064.00	3824.00	0.42	-0.05
6096.00	3824.00	0.20	0.13
6128.00	3824.00	0.08	-1.31
6160.00	3824.00	0.03	-3.11
6192.00	3824.00	0.15	-5.39
6224.00	3824.00	0.26	-6.51
6256.00	3824.00	0.37	-7.12
6288.00	3824.00	0.53	-7.55
6320.00	3824.00	0.65	-8.24
6352.00	3824.00	0.70	-9.16
6384.00	3824.00	0.66	-9.65
6416.00	3824.00	0.57	-9.81
6448.00	3824.00	0.49	-9.91
6480.00	3824.00	0.25	-10.02
6512.00	3824.00	0.10	-10.00
6544.00	3824.00	0.16	-9.87
6576.00	3824.00	0.29	-9.79
16.00	3856.00	0.05	-15.22
48.00	3856.00	0.11	-15.15
80.00	3856.00	0.12	-15.08
112.00	3856.00	0.11	-14.99
144.00	3856.00	0.07	-14.99
176.00	3856.00	0.10	-15.03
208.00	3856.00	0.13	-15.13
240.00	3856.00	0.17	-15.22
272.00	3856.00	0.26	-15.27
304.00	3856.00	0.29	-15.26
336.00	3856.00	0.28	-15.19
368.00	3856.00	0.28	-15.19
400.00	3856.00	0.32	-15.23
432.00	3856.00	0.35	-15.36
464.00	3856.00	0.36	-15.43
496.00	3856.00	0.41	-15.48
528.00	3856.00	0.40	-15.43
560.00	3856.00	0.35	-15.35
592.00	3856.00	0.26	-15.31
624.00	3856.00	0.22	-15.26
656.00	3856.00	0.16	-15.28
688.00	3856.00	0.07	-15.29
720.00	3856.00	0.02	-15.30
752.00	3856.00	0.10	-15.27
784.00	3856.00	0.21	-15.20
816.00	3856.00	0.22	-15.17
848.00	3856.00	0.17	-15.26
880.00	3856.00	0.08	-15.33
912.00	3856.00	0.03	-15.40
944.00	3856.00	-0.04	-15.40
976.00	3856.00	-0.00	-15.37
1008.00	3856.00	0.15	-15.30
1040.00	3856.00	0.22	-15.21
1072.00	3856.00	0.15	-15.19
1104.00	3856.00	0.09	-15.18
1136.00	3856.00	0.07	-15.15
1168.00	3856.00	0.09	-15.10
1200.00	3856.00	0.06	-15.07
1232.00	3856.00	0.08	-15.12
1264.00	3856.00	0.13	-15.24
1296.00	3856.00	0.15	-15.36
1328.00	3856.00	0.09	-15.40
1360.00	3856.00	0.09	-15.43
1392.00	3856.00	0.11	-15.46
1424.00	3856.00	0.09	-15.48
1456.00	3856.00	-0.00	-15.41
1488.00	3856.00	-0.05	-15.36
1520.00	3856.00	-0.05	-15.36
1552.00	3856.00	-0.08	-15.34
1584.00	3856.00	-0.07	-15.24
1616.00	3856.00	-0.07	-15.18
1648.00	3856.00	-0.06	-15.25
1680.00	3856.00	-0.08	-15.38
1712.00	3856.00	-0.06	-15.43
1744.00	3856.00	-0.06	-15.39
1776.00	3856.00	-0.19	-15.31
1808.00	3856.00	-0.31	-15.26
1840.00	3856.00	-0.37	-15.27
1872.00	3856.00	-0.41	-15.34
1904.00	3856.00	-0.48	-15.38
1936.00	3856.00	-0.54	-15.31
1968.00	3856.00	-0.41	-15.15
2000.00	3856.00	-0.22	-15.15
2032.00	3856.00	-0.13	-15.33
2064.00	3856.00	-0.20	-15.48
2096.00	3856.00	-0.31	-15.53
2128.00	3856.00	-0.26	-15.45
2160.00	3856.00	-0.21	-15.43
2192.00	3856.00	-0.19	-15.40
2224.00	3856.00	-0.26	-15.36
2256.00	3856.00	-0.39	-15.36
2288.00	3856.00	-0.41	-15.34
2320.00	3856.00	-0.39	-15.35
2352.00	3856.00	-0.30	-15.31
2384.00	3856.00	-0.22	-15.29
2416.00	3856.00	-0.26	-15.23
2448.00	3856.00	-0.31	-15.22
2480.00	3856.00	-0.39	-15.26
2512.00	3856.00	-0.47	-15.36
2544.00	3856.00	-0.54	-15.39
2576.00	3856.00	-0.64	-15.21
2608.00	3856.00	-0.60	-15.02
2640.00	3856.00	-0.57	-14.83
2672.00	3856.00	-0.62	-14.68
2704.00	3856.00	-0.71	-14.28
2736.00	3856.00	-0.66	-14.18
2768.00	3856.00	-0.67	-14.21
2800.00	3856.00	-0.91	-13.90
2832.00	3856.00	-1.14	-13.42
2864.00	3856.00	-1.11	-13.10
2896.00	3856.00	-0.83	-13.29
2928.00	3856.00	-0.78	-13.25
2960.00	3856.00	-0.98	-12.84
2992.00	3856.00	-1.10	-12.46
3024.00	3856.00	-1.04	-12.27
3056.00	3856.00	-1.07	-12.36
3088.00	3856.00	-1.01	-12.35
3120.00	3856.00	-0.97	-12.13
3152.00	3856.00	-0.94	-11.64
3184.00	3856.00	-1.33	-11.26
3216.00	3856.00	-1.50	-11.39
3248.00	3856.00	-1.46	-11.65
3280.00	3856.00	-1.12	-11.87
3312.00	3856.00	-1.05	-11.78
3344.00	3856.00	-1.15	-11.79
3376.00	3856.00	-1.33	-11.85
3408.00	3856.00	-1.50	-11.85
3440.00	3856.00	-1.54	-11.90
3472.00	3856.00	-1.59	-11.90
3504.00	3856.00	-1.74	-11.92
3536.00	3856.00	-1.82	-11.88
3568.00	3856.00	-1.81	-11.87
3600.00	3856.00	-1.83	-11.81
3632.00	3856.00	-1.73	-11.73
3664.00	3856.00	-1.59	-11.71
3696.00	3856.00	-1.27	-11.76
3728.00	3856.00	-1.29	-11.78
3760.00	3856.00	-1.36	-11.55
3792.00	3856.00	-1.42	-11.31
3824.00	3856.00	-1.35	-11.16
3856.00	3856.00	-1.26	-11.21
3888.00	3856.00	-1.15	-11.30
3920.00	3856.00	-0.99	-11.39
3952.00	3856.00	-0.93	-11.35
3984.00	3856.00	-0.90	-11.24
4016.00	3856.00	-0.71	-11.26
4048.00	3856.00	-0.60	-11.35
4080.00	3856.00	-0.65	-11.37
4112.00	3856.00	-0.90	-11.41
4144.00	3856.00	-1.05	-11.46
4176.00	3856.00	-1.08	-11.46
4208.00	3856.00	-1.07	-11.27
4240.00	3856.00	-1.00	-11.05
4272.00	3856.00	-0.88	-10.95
4304.00	3856.00	-0.84	-11.01
4336.00	3856.00	-0.81	-11.15
4368.00	3856.00	-0.86	-11.24
4400.00	3856.00	-0.79	-11.25
4432.00	3856.00	-0.77	-11.36
4464.00	3856.00	-0.68	-11.38
4496.00	3856.00	-0.65	-11.36
4528.00	3856.00	-0.58	-11.23
4560.00	3856.00	-0.51	-11.22
4592.00	3856.00	-0.33	-11.25
4624.00	3856.00	-0.17	-11.36
4656.00	3856.00	-0.01	-11.44
4688.00	3856.00	0.04	-11.34
4720.00	3856.00	0.06	-11.18
4752.00	3856.00	0.11	-11.22
4784.00	3856.00	0.01	-11.31
4816.00	3856.00	-0.11	-11.21
4848.00	3856.00	-0.26	-10.91
4880.00	3856.00	-0.12	-10.79
4912.00	3856.00	0.04	-10.87
4944.00	3856.00	0.06	-11.00
4976.00	3856.00	0.17	-10.94
5008.00	3856.00	0.38	-10.79
5040.00	3856.00	0.71	-10.67
5072.00	3856.00	0.74	-10.78
5104.00	3856.00	0.60	-10.95
5136.00	3856.00	0.35	-11.04
5168.00	3856.00	0.20	-10.98
5200.00	3856.00	0.31	-11.06
5232.00	3856.00	0.54	-11.28
5264.00	3856.00	0.65	-11.58
5296.00	3856.00	0.56	-11.69
5328.00	3856.00	0.39	-11.63
5360.00	3856.00	0.42	-11.50
5392.00	3856.00	0.45	-11.36
5424.00	3856.00	0.43	-11.17
5456.00	3856.00	0.31	-10.90
5488.00	3856.00	0.20	-10.67
5520.00	3856.00	0.14	-10.45
5552.00	3856.00	0.04	-10.20
5584.00	3856.00	-0.00	-9.89
5616.00	3856.00	0.11	-9.75
5648.00	3856.00	0.29	-9.58
5680.00	3856.00	0.43	-9.45
5712.00	3856.00	0.49	-9.26
5744.00	3856.00	0.42	-8.99
5776.00	3856.00	0.29	-8.50
5808.00	3856.00	0.21	-7.82
5840.00	3856.00	0.29	-7.05
5872.00	3856.00	0.47	-6.21
5904.00	3856.00	0.50	-5.36
5936.00	3856.00	0.48	-4.53
5968.00	3856.00	0.29	-3.61
6000.00	3856.00	0.32	-2.20
6032.00	3856.00	0.38	-0.84
6064.00	3856.00	0.45	-0.02
6096.00	3856.00	0.20	-0.22
6128.00	3856.00	0.01	-1.84
6160.00	3856.00	-0.04	-3.61
6192.00	3856.00	0.13	-5.52
6224.00	3856.00	0.29	-6.27
6256.00	3856.00	0.35	-6.72
6288.00	3856.00	0.42	-7.13
6320.00	3856.00	0.48	-8.00
6352.00	3856.00	0.55	-9.02
6384.00	3856.00	0.52	-9.62
6416.00	3856.00	0.49	-9.82
6448.00	3856.00	0.46	-9.93
6480.00	3856.00	0.20	-10.00
6512.00	3856.00	-0.01	-9.96
6544.00	3856.00	-0.09	-9.87
6576.00	3856.00	0.01	-9.83
16.00	3888.00	-0.68	-18.46
48.00	3888.00	-0.29	-17.33
80.00	3888.00	0.10	-15.47
112.00	3888.00	0.15	-14.97
144.00	3888.00	0.08	-14.92
176.00	3888.00	0.11	-14.93
208.00	3888.00	0.13	-15.01
240.00	3888.00	0.15	-15.13
272.00	3888.00	0.24	-15.22
304.00	3888.00	0.29	-15.25
336.00	3888.00	0.30	-15.17
368.00	3888.00	0.31	-15.15
400.00	3888.00	0.29	-15.17
432.00	3888.00	0.26	-15.31
464.00	3888.00	0.27	-15.40
496.00	3888.00	0.36	-15.49
528.00	3888.00	0.41	-15.42
560.00	3888.00	0.40	-15.34
592.00	3888.00	0.37	-15.32
624.00	3888.00	0.32	-15.35
656.00	3888.00	0.26	-15.32
688.00	3888.00	0.16	-15.24
720.00	3888.00	0.10	-15.23
752.00	3888.00	0.13	-15.28
784.00	3888.00	0.17	-15.32
816.00	3888.00	0.13	-15.31
848.00	3888.00	0.13	-15.40
880.00	3888.00	0.19	-15.44
912.00	3888.00	0.24	-15.46
944.00	3888.00	0.17	-15.42
976.00	3888.00	0.13	-15.37
1008.00	3888.00	0.20	-15.29
1040.00	3888.00	0.24	-15.21
1072.00	3888.00	0.18	-15.24
1104.00	3888.00	0.11	-15.30
1136.00	3888.00	0.09	-15.28
1168.00	3888.00	0.10	-15.22
1200.00	3888.00	0.09	-15.16
1232.00	3888.00	0.15	-15.23
1264.00	3888.00	0.20	-15.38
1296.00	3888.00	0.18	-15.44
1328.00	3888.00	0.07	-15.41
1360.00	3888.00	0.03	-15.41
1392.00	3888.00	0.05	-15.44
1424.00	3888.00	0.06	-15.46
1456.00	3888.00	-0.00	-15.41
1488.00	3888.00	-0.03	-15.41
1520.00	3888.00	-0.02	-15.44
1552.00	3888.00	0.01	-15.41
1584.00	3888.00	0.02	-15.32
1616.00	3888.00	0.02	-15.26
1648.00	3888.00	-0.00	-15.34
1680.00	3888.00	-0.04	-15.49
1712.00	3888.00	-0.04	-15.53
1744.00	3888.00	-0.07	-15.44
1776.00	3888.00	-0.17	-15.31
1808.00	3888.00	-0.25	-15.27
1840.00	3888.00	-0.26	-15.30
1872.00	3888.00	-0.27	-15.38
1904.00	3888.00	-0.33	-15.39
1936.00	3888.00	-0.43	-15.30
1968.00	3888.00	-0.39	-15.16
2000.00	3888.00	-0.27	-15.14
2032.00	3888.00	-0.21	-15.28
2064.00	3888.00	-0.25	-15.44
2096.00	3888.00	-0.35	-15.57
2128.00	3888.00	-0.28	-15.58
2160.00	3888.00	-0.18	-15.55
2192.00	3888.00	-0.16	-15.45
2224.00	3888.00	-0.30	-15.38
2256.00	3888.00	-0.44	-15.36
2288.00	3888.00	-0.41	-15.34
2320.00	3888.00	-0.31	-15.33
2352.00	3888.00	-0.23	-15.28
2384.00	3888.00	-0.22	-15.26
2416.00	3888.00	-0.32	-15.25
2448.00	3888.00	-0.42	-15.25
2480.00	3888.00	-0.48	-15.26
2512.00	3888.00	-0.54	-15.31
2544.00	3888.00	-0.56	-15.34
2576.00	3888.00	-0.60	-15.08
2608.00	3888.00	-0.47	-14.83
2640.00	3888.00	-0.41	-14.63
2672.00	3888.00	-0.53	-14.51
2704.00	3888.00	-0.66	-14.14
2736.00	3888.00	-0.62	-14.09
2768.00	3888.00	-0.56	-14.18
2800.00	3888.00	-0.87	-13.92
2832.00	3888.00	-1.13	-13.44
2864.00	3888.00	-1.12	-13.25
2896.00	3888.00	-0.87	-13.46
2928.00	3888.00	-0.88	-13.44
2960.00	3888.00	-1.16	-12.97
2992.00	3888.00	-1.31	-12.57
3024.00	3888.00	-1.22	-12.47
3056.00	3888.00	-1.09	-12.68
3088.00	3888.00	-0.86	-12.73
3120.00	3888.00	-0.73	-12.46
3152.00	3888.00	-0.67	-11.92
3184.00	3888.00	-1.06	-11.53
3216.00	3888.00	-1.29	-11.54
3248.00	3888.00	-1.39	-11.62
3280.00	3888.00	-1.19	-11.68
3312.00	3888.00	-1.19	-11.51
3344.00	3888.00	-1.20	-11.57
3376.00	3888.00	-1.34	-11.75
3408.00	3888.00	-1.48	-11.88
3440.00	3888.00	-1.66	-11.89
3472.00	3888.00	-1.61	-11.83
3504.00	3888.00	-1.70	-11.87
3536.00	3888.00	-1.69	-11.86
3568.00	3888.00	-1.68	-11.90
3600.00	3888.00	-1.72	-11.88
3632.00	3888.00	-1.58	-11.75
3664.00	3888.00	-1.47	-11.49
3696.00	3888.00	-1.09	-11.27
3728.00	3888.00	-1.05	-11.24
3760.00	3888.00	-1.02	-11.24
3792.00	3888.00	-1.11	-11.23
3824.00	3888.00	-1.11	-11.19
3856.00	3888.00	-1.12	-11.22
3888.00	3888.00	-1.03	-11.32
3920.00	3888.00	-0.88	-11.38
3952.00	3888.00	-0.81	-11.29
3984.00	3888.00	-0.82	-11.14
4016.00	3888.00	-0.70	-11.15
4048.00	3888.00	-0.72	-11.32
4080.00	3888.00	-0.75	-11.42
4112.00	3888.00	-0.92	-11.47
4144.00	3888.00	-0.98	-11.45
4176.00	3888.00	-1.02	-11.42
4208.00	3888.00	-1.05	-11.27
4240.00	3888.00	-0.98	-11.09
4272.00	3888.00	-0.86	-10.97
4304.00	3888.00	-0.81	-10.97
4336.00	3888.00	-0.74	-11.08
4368.00	3888.00	-0.72	-11.18
4400.00	3888.00	-0.60	-11.21
4432.00	3888.00	-0.53	-11.25
4464.00	3888.00	-0.51	-11.27
4496.00	3888.00	-0.59	-11.32
4528.00	3888.00	-0.61	-11.26
4560.00	3888.00	-0.51	-11.23
4592.00	3888.00	-0.27	-11.25
4624.00	3888.00	-0.06	-11.38
4656.00	3888.00	0.12	-11.46
4688.00	3888.00	0.18	-11.41
4720.00	3888.00	0.18	-11.30
4752.00	3888.00	0.23	-11.37
4784.00	3888.00	0.16	-11.41
4816.00	3888.00	-0.01	-11.30
4848.00	3888.00	-0.25	-10.99
4880.00	3888.00	-0.20	-10.80
4912.00	3888.00	0.02	-10.78
4944.00	3888.00	0.18	-10.84
4976.00	3888.00	0.28	-10.77
5008.00	3888.00	0.43	-10.64
5040.00	3888.00	0.64	-10.58
5072.00	3888.00	0.74	-10.75
5104.00	3888.00	0.65	-10.97
5136.00	3888.00	0.44	-11.16
5168.00	3888.00	0.30	-11.21
5200.00	3888.00	0.38	-11.30
5232.00	3888.00	0.56	-11.32
5264.00	3888.00	0.58	-11.38
5296.00	3888.00	0.49	-11.41
5328.00	3888.00	0.40	-11.48
5360.00	3888.00	0.45	-11.49
5392.00	3888.00	0.44	-11.38
5424.00	3888.00	0.40	-11.16
5456.00	3888.00	0.33	-10.87
5488.00	3888.00	0.27	-10.59
5520.00	3888.00	0.19	-10.23
5552.00	3888.00	0.08	-9.89
5584.00	3888.00	0.04	-9.60
5616.00	3888.00	0.16	-9.60
5648.00	3888.00	0.29	-9.50
5680.00	3888.00	0.31	-9.30
5712.00	3888.00	0.28	-9.12
5744.00	3888.00	0.23	-8.94
5776.00	3888.00	0.15	-8.43
5808.00	3888.00	0.12	-7.47
5840.00	3888.00	0.18	-6.56
5872.00	3888.00	0.32	-5.82
5904.00	3888.00	0.40	-5.22
5936.00	3888.00	0.46	-4.35
5968.00	3888.00	0.39	-3.18
6000.00	3888.00	0.38	-1.76
6032.00	3888.00	0.37	-0.58
6064.00	3888.00	0.42	-0.22
6096.00	3888.00	0.23	-1.25
6128.00	3888.00	0.04	-2.78
6160.00	3888.00	-0.06	-4.32
6192.00	3888.00	0.07	-5.36
6224.00	3888.00	0.22	-6.05
6256.00	3888.00	0.27	-6.56
6288.00	3888.00	0.40	-7.07
6320.00	3888.00	0.46	-7.93
6352.00	3888.00	0.54	-8.80
6384.00	3888.00	0.43	-9.38
6416.00	3888.00	0.40	-9.68
6448.00	3888.00	0.39	-9.85
6480.00	3888.00	0.17	-9.87
6512.00	3888.00	0.02	-9.81
6544.00	3888.00	-0.09	-9.78
6576.00	3888.00	0.02	-9.79
16.00	3920.00	-1.59	-21.88
48.00	3920.00	-1.05	-19.44
80.00	3920.00	-0.25	-15.84
112.00	3920.00	-0.00	-14.90
144.00	3920.00	0.07	-15.03
176.00	3920.00	0.13	-15.00
208.00	3920.00	0.15	-14.97
240.00	3920.00	0.17	-15.05
272.00	3920.00	0.21	-15.13
304.00	3920.00	0.27	-15.19
336.00	3920.00	0.30	-15.15
368.00	3920.00	0.31	-15.14
400.00	3920.00	0.23	-15.15
432.00	3920.00	0.15	-15.27
464.00	3920.00	0.19	-15.37
496.00	3920.00	0.31	-15.50
528.00	3920.00	0.38	-15.45
560.00	3920.00	0.41	-15.36
592.00	3920.00	0.41	-15.34
624.00	3920.00	0.39	-15.39
656.00	3920.00	0.29	-15.26
688.00	3920.00	0.15	-15.06
720.00	3920.00	0.09	-15.05
752.00	3920.00	0.14	-15.24
784.00	3920.00	0.12	-15.39
816.00	3920.00	0.06	-15.40
848.00	3920.00	0.06	-15.44
880.00	3920.00	0.19	-15.48
912.00	3920.00	0.28	-15.46
944.00	3920.00	0.23	-15.36
976.00	3920.00	0.17	-15.26
1008.00	3920.00	0.17	-15.22
1040.00	3920.00	0.20	-15.21
1072.00	3920.00	0.18	-15.29
1104.00	3920.00	0.13	-15.36
1136.00	3920.00	0.08	-15.34
1168.00	3920.00	0.06	-15.30
1200.00	3920.00	0.07	-15.23
1232.00	3920.00	0.13	-15.31
1264.00	3920.00	0.17	-15.43
1296.00	3920.00	0.10	-15.50
1328.00	3920.00	-0.05	-15.48
1360.00	3920.00	-0.07	-15.46
1392.00	3920.00	0.02	-15.50
1424.00	3920.00	0.10	-15.54
1456.00	3920.00	0.09	-15.55
1488.00	3920.00	0.06	-15.57
1520.00	3920.00	0.05	-15.59
1552.00	3920.00	0.06	-15.52
1584.00	3920.00	0.05	-15.42
1616.00	3920.00	0.04	-15.33
1648.00	3920.00	0.01	-15.44
1680.00	3920.00	-0.02	-15.63
1712.00	3920.00	-0.01	-15.71
1744.00	3920.00	-0.02	-15.60
1776.00	3920.00	-0.12	-15.40
1808.00	3920.00	-0.17	-15.33
1840.00	3920.00	-0.16	-15.37
1872.00	3920.00	-0.13	-15.47
1904.00	3920.00	-0.20	-15.43
1936.00	3920.00	-0.30	-15.33
1968.00	3920.00	-0.34	-15.23
2000.00	3920.00	-0.28	-15.22
2032.00	3920.00	-0.23	-15.28
2064.00	3920.00	-0.29	-15.39
2096.00	3920.00	-0.40	-15.53
2128.00	3920.00	-0.44	-15.59
2160.00	3920.00	-0.40	-15.54
2192.00	3920.00	-0.36	-15.40
2224.00	3920.00	-0.42	-15.30
2256.00	3920.00	-0.45	-15.30
2288.00	3920.00	-0.40	-15.37
2320.00	3920.00	-0.33	-15.39
2352.00	3920.00	-0.31	-15.33
2384.00	3920.00	-0.33	-15.27
2416.00	3920.00	-0.38	-15.28
2448.00	3920.00	-0.38	-15.29
2480.00	3920.00	-0.42	-15.26
2512.00	3920.00	-0.48	-15.21
2544.00	3920.00	-0.57	-15.13
2576.00	3920.00	-0.60	-14.90
2608.00	3920.00	-0.46	-14.68
2640.00	3920.00	-0.39	-14.54
2672.00	3920.00	-0.52	-14.39
2704.00	3920.00	-0.64	-14.08
2736.00	3920.00	-0.60	-14.10
2768.00	3920.00	-0.54	-13.99
2800.00	3920.00	-0.78	-13.75
2832.00	3920.00	-1.01	-13.24
2864.00	3920.00	-0.99	-13.19
2896.00	3920.00	-0.90	-13.33
2928.00	3920.00	-0.97	-13.32
2960.00	3920.00	-1.16	-12.97
2992.00	3920.00	-1.27	-12.63
3024.00	3920.00	-1.19	-12.69
3056.00	3920.00	-1.04	-13.01
3088.00	3920.00	-0.75	-13.07
3120.00	3920.00	-0.55	-12.78
3152.00	3920.00	-0.52	-12.30
3184.00	3920.00	-0.81	-12.02
3216.00	3920.00	-1.07	-11.83
3248.00	3920.00	-1.27	-11.72
3280.00	3920.00	-1.25	-11.62
3312.00	3920.00	-1.28	-11.48
3344.00	3920.00	-1.27	-11.49
3376.00	3920.00	-1.37	-11.66
3408.00	3920.00	-1.55	-11.79
3440.00	3920.00	-1.81	-11.80
3472.00	3920.00	-1.83	-11.75
3504.00	3920.00	-1.76	-11.75
3536.00	3920.00	-1.62	-11.73
3568.00	3920.00	-1.57	-11.73
3600.00	3920.00	-1.63	-11.78
3632.00	3920.00	-1.46	-11.71
3664.00	3920.00	-1.31	-11.47
3696.00	3920.00	-0.99	-11.11
3728.00	3920.00	-0.97	-11.00
3760.00	3920.00	-0.92	-11.11
3792.00	3920.00	-1.01	-11.26
3824.00	3920.00	-1.07	-11.32
3856.00	3920.00	-1.08	-11.30
3888.00	3920.00	-0.90	-11.42
3920.00	3920.00	-0.63	-11.46
3952.00	3920.00	-0.52	-11.43
3984.00	3920.00	-0.60	-11.22
4016.00	3920.00	-0.65	-11.23
4048.00	3920.00	-0.75	-11.38
4080.00	3920.00	-0.80	-11.51
4112.00	3920.00	-0.84	-11.50
4144.00	3920.00	-0.79	-11.42
4176.00	3920.00	-0.83	-11.39
4208.00	3920.00	-0.87	-11.31
4240.00	3920.00	-0.88	-11.17
4272.00	3920.00	-0.75	-11.05
4304.00	3920.00	-0.70	-11.07
4336.00	3920.00	-0.61	-11.15
4368.00	3920.00	-0.54	-11.29
4400.00	3920.00	-0.46	-11.30
4432.00	3920.00	-0.42	-11.28
4464.00	3920.00	-0.48	-11.23
4496.00	3920.00	-0.60	-11.26
4528.00	3920.00	-0.64	-11.23
4560.00	3920.00	-0.47	-11.21
4592.00	3920.00	-0.23	-11.23
4624.00	3920.00	-0.05	-11.35
4656.00	3920.00	0.05	-11.33
4688.00	3920.00	0.12	-11.29
4720.00	3920.00	0.13	-11.27
4752.00	3920.00	0.17	-11.41
4784.00	3920.00	0.17	-11.42
4816.00	3920.00	0.08	-11.31
4848.00	3920.00	-0.09	-11.13
4880.00	3920.00	-0.11	-10.91
4912.00	3920.00	0.09	-10.70
4944.00	3920.00	0.34	-10.57
4976.00	3920.00	0.43	-10.57
5008.00	3920.00	0.51	-10.67
5040.00	3920.00	0.51	-10.76
5072.00	3920.00	0.60	-10.88
5104.00	3920.00	0.54	-11.01
5136.00	3920.00	0.45	-11.20
5168.00	3920.00	0.38	-11.32
5200.00	3920.00	0.43	-11.43
5232.00	3920.00	0.50	-11.36
5264.00	3920.00	0.46	-11.31
5296.00	3920.00	0.35	-11.28
5328.00	3920.00	0.30	-11.38
5360.00	3920.00	0.33	-11.46
5392.00	3920.00	0.34	-11.41
5424.00	3920.00	0.34	-11.20
5456.00	3920.00	0.34	-10.90
5488.00	3920.00	0.35	-10.60
5520.00	3920.00	0.26	-10.18
5552.00	3920.00	0.13	-9.79
5584.00	3920.00	0.03	-9.50
5616.00	3920.00	0.10	-9.50
5648.00	3920.00	0.19	-9.41
5680.00	3920.00	0.17	-9.23
5712.00	3920.00	0.13	-9.13
5744.00	3920.00	0.09	-9.01
5776.00	3920.00	0.05	-8.51
5808.00	3920.00	0.05	-7.48
5840.00	3920.00	0.09	-6.50
5872.00	3920.00	0.15	-5.70
5904.00	3920.00	0.23	-5.04
5936.00	3920.00	0.32	-4.13
5968.00	3920.00	0.37	-3.01
6000.00	3920.00	0.42	-1.63
6032.00	3920.00	0.42	-0.63
6064.00	3920.00	0.46	-0.57
6096.00	3920.00	0.34	-1.89
6128.00	3920.00	0.15	-3.43
6160.00	3920.00	0.01	-4.66
6192.00	3920.00	-0.00	-5.39
6224.00	3920.00	0.06	-6.13
6256.00	3920.00	0.12	-7.08
6288.00	3920.00	0.26	-7.67
6320.00	3920.00	0.35	-8.38
6352.00	3920.00	0.48	-8.80
6384.00	3920.00	0.48	-9.28
6416.00	3920.00	0.53	-9.58
6448.00	3920.00	0.48	-9.73
6480.00	3920.00	0.33	-9.68
6512.00	3920.00	0.19	-9.58
6544.00	3920.00	0.07	-9.62
6576.00	3920.00	0.10	-9.72
16.00	3952.00	-2.59	-25.21
48.00	3952.00	-2.09	-21.69
80.00	3952.00	-1.08	-16.67
112.00	3952.00	-0.47	-15.08
144.00	3952.00	-0.03	-15.27
176.00	3952.00	0.15	-15.24
208.00	3952.00	0.17	-15.08
240.00	3952.00	0.17	-15.04
272.00	3952.00	0.20	-15.06
304.00	3952.00	0.24	-15.11
336.00	3952.00	0.25	-15.15
368.00	3952.00	0.22	-15.19
400.00	3952.00	0.13	-15.24
432.00	3952.00	0.10	-15.28
464.00	3952.00	0.18	-15.35
496.00	3952.00	0.29	-15.44
528.00	3952.00	0.32	-15.40
560.00	3952.00	0.29	-15.35
592.00	3952.00	0.28	-15.33
624.00	3952.00	0.26	-15.36
656.00	3952.00	0.18	-15.19
688.00	3952.00	0.07	-14.98
720.00	3952.00	0.04	-14.98
752.00	3952.00	0.13	-15.21
784.00	3952.00	0.14	-15.36
816.00	3952.00	0.13	-15.36
848.00	3952.00	0.12	-15.33
880.00	3952.00	0.17	-15.38
912.00	3952.00	0.21	-15.42
944.00	3952.00	0.19	-15.35
976.00	3952.00	0.16	-15.24
1008.00	3952.00	0.14	-15.21
1040.00	3952.00	0.14	-15.25
1072.00	3952.00	0.15	-15.29
1104.00	3952.00	0.12	-15.30
1136.00	3952.00	0.07	-15.30
1168.00	3952.00	0.03	-15.31
1200.00	3952.00	0.06	-15.24
1232.00	3952.00	0.13	-15.27
1264.00	3952.00	0.14	-15.38
1296.00	3952.00	0.03	-15.49
1328.00	3952.00	-0.15	-15.50
1360.00	3952.00	-0.14	-15.46
1392.00	3952.00	-0.00	-15.45
1424.00	3952.00	0.12	-15.48
1456.00	3952.00	0.12	-15.54
1488.00	3952.00	0.10	-15.61
1520.00	3952.00	0.08	-15.62
1552.00	3952.00	0.04	-15.51
1584.00	3952.00	-0.02	-15.37
1616.00	3952.00	-0.05	-15.30
1648.00	3952.00	-0.04	-15.41
1680.00	3952.00	-0.04	-15.56
1712.00	3952.00	-0.05	-15.62
1744.00	3952.00	-0.04	-15.56
1776.00	3952.00	-0.09	-15.38
1808.00	3952.00	-0.11	-15.34
1840.00	3952.00	-0.08	-15.38
1872.00	3952.00	-0.01	-15.49
1904.00	3952.00	-0.04	-15.46
1936.00	3952.00	-0.14	-15.40
1968.00	3952.00	-0.23	-15.36
2000.00	3952.00	-0.23	-15.33
2032.00	3952.00	-0.22	-15.28
2064.00	3952.00	-0.28	-15.32
2096.00	3952.00	-0.42	-15.43
2128.00	3952.00	-0.55	-15.51
2160.00	3952.00	-0.62	-15.46
2192.00	3952.00	-0.57	-15.32
2224.00	3952.00	-0.52	-15.23
2256.00	3952.00	-0.47	-15.24
2288.00	3952.00	-0.44	-15.31
2320.00	3952.00	-0.41	-15.35
2352.00	3952.00	-0.41	-15.31
2384.00	3952.00	-0.45	-15.31
2416.00	3952.00	-0.44	-15.33
2448.00	3952.00	-0.34	-15.35
2480.00	3952.00	-0.33	-15.23
2512.00	3952.00	-0.42	-15.14
2544.00	3952.00	-0.61	-15.04
2576.00	3952.00	-0.66	-14.85
2608.00	3952.00	-0.55	-14.65
2640.00	3952.00	-0.51	-14.41
2672.00	3952.00	-0.57	-14.22
2704.00	3952.00	-0.61	-14.04
2736.00	3952.00	-0.55	-14.05
2768.00	3952.00	-0.58	-13.78
2800.00	3952.00	-0.81	-13.43
2832.00	3952.00	-0.92	-13.08
2864.00	3952.00	-0.83	-13.19
2896.00	3952.00	-0.84	-13.31
2928.00	3952.00	-0.99	-13.21
2960.00	3952.00	-1.13	-12.84
2992.00	3952.00	-1.16	-12.46
3024.00	3952.00	-1.11	-12.50
3056.00	3952.00	-1.04	-12.73
3088.00	3952.00	-0.81	-12.84
3120.00	3952.00	-0.64	-12.67
3152.00	3952.00	-0.60	-12.45
3184.00	3952.00	-0.74	-12.29
3216.00	3952.00	-0.86	-12.13
3248.00	3952.00	-1.03	-11.98
3280.00	3952.00	-1.16	-11.87
3312.00	3952.00	-1.27	-11.72
3344.00	3952.00	-1.26	-11.60
3376.00	3952.00	-1.25	-11.60
3408.00	3952.00	-1.34	-11.65
3440.00	3952.00	-1.62	-11.72
3472.00	3952.00	-1.74	-11.74
3504.00	3952.00	-1.71	-11.68
3536.00	3952.00	-1.55	-11.57
3568.00	3952.00	-1.46	-11.48
3600.00	3952.00	-1.45	-11.54
3632.00	3952.00	-1.29	-11.59
3664.00	3952.00	-1.20	-11.51
3696.00	3952.00	-1.02	-11.20
3728.00	3952.00	-0.94	-10.97
3760.00	3952.00	-0.92	-11.00
3792.00	3952.00	-0.99	-11.16
3824.00	3952.00	-1.13	-11.34
3856.00	3952.00	-1.04	-11.36
3888.00	3952.00	-0.78	-11.52
3920.00	3952.00	-0.49	-11.64
3952.00	3952.00	-0.45	-11.64
3984.00	3952.00	-0.64	-11.38
4016.00	3952.00	-0.71	-11.23
4048.00	3952.00	-0.72	-11.44
4080.00	3952.00	-0.70	-11.57
4112.00	3952.00	-0.67	-11.57
4144.00	3952.00	-0.60	-11.37
4176.00	3952.00	-0.55	-11.33
4208.00	3952.00	-0.61	-11.30
4240.00	3952.00	-0.69	-11.23
4272.00	3952.00	-0.64	-11.15
4304.00	3952.00	-0.56	-11.16
4336.00	3952.00	-0.43	-11.22
4368.00	3952.00	-0.35	-11.37
4400.00	3952.00	-0.38	-11.38
4432.00	3952.00	-0.43	-11.32
4464.00	3952.00	-0.51	-11.19
4496.00	3952.00	-0.59	-11.14
4528.00	3952.00	-0.62	-11.11
4560.00	3952.00	-0.48	-11.11
4592.00	3952.00	-0.29	-11.16
4624.00	3952.00	-0.17	-11.17
4656.00	3952.00	-0.10	-11.08
4688.00	3952.00	-0.03	-11.04
4720.00	3952.00	0.00	-11.11
4752.00	3952.00	0.02	-11.29
4784.00	3952.00	0.08	-11.28
4816.00	3952.00	0.08	-11.20
4848.00	3952.00	0.00	-11.15
4880.00	3952.00	-0.03	-11.02
4912.00	3952.00	0.06	-10.76
4944.00	3952.00	0.22	-10.49
4976.00	3952.00	0.31	-10.51
5008.00	3952.00	0.39	-10.73
5040.00	3952.00	0.32	-10.90
5072.00	3952.00	0.31	-10.96
5104.00	3952.00	0.25	-10.97
5136.00	3952.00	0.31	-11.11
5168.00	3952.00	0.40	-11.26
5200.00	3952.00	0.47	-11.39
5232.00	3952.00	0.47	-11.33
5264.00	3952.00	0.43	-11.25
5296.00	3952.00	0.37	-11.20
5328.00	3952.00	0.35	-11.34
5360.00	3952.00	0.30	-11.45
5392.00	3952.00	0.29	-11.44
5424.00	3952.00	0.30	-11.20
5456.00	3952.00	0.32	-10.91
5488.00	3952.00	0.40	-10.66
5520.00	3952.00	0.31	-10.32
5552.00	3952.00	0.15	-9.92
5584.00	3952.00	-0.03	-9.54
5616.00	3952.00	-0.03	-9.38
5648.00	3952.00	0.08	-9.34
5680.00	3952.00	0.12	-9.25
5712.00	3952.00	0.14	-9.20
5744.00	3952.00	0.16	-9.00
5776.00	3952.00	0.12	-8.52
5808.00	3952.00	0.07	-7.70
5840.00	3952.00	0.01	-6.73
5872.00	3952.00	0.05	-5.82
5904.00	3952.00	0.13	-4.97
5936.00	3952.00	0.25	-4.00
5968.00	3952.00	0.28	-2.94
6000.00	3952.00	0.39	-1.61
6032.00	3952.00	0.41	-0.71
6064.00	3952.00	0.50	-0.64
6096.00	3952.00	0.43	-1.95
6128.00	3952.00	0.28	-3.42
6160.00	3952.00	0.18	-4.52
6192.00	3952.00	0.11	-5.24
6224.00	3952.00	0.10	-6.28
6256.00	3952.00	0.06	-7.94
6288.00	3952.00	0.19	-8.76
6320.00	3952.00	0.36	-9.25
6352.00	3952.00	0.55	-9.09
6384.00	3952.00	0.63	-9.39
6416.00	3952.00	0.71	-9.65
6448.00	3952.00	0.74	-9.72
6480.00	3952.00	0.62	-9.60
6512.00	3952.00	0.38	-9.45
6544.00	3952.00	0.16	-9.49
6576.00	3952.00	0.06	-9.60
16.00	3984.00	-2.46	-25.89
48.00	3984.00	-2.65	-21.81
80.00	3984.00	-2.26	-16.60
112.00	3984.00	-1.09	-15.03
144.00	3984.00	-0.04	-15.58
176.00	3984.00	0.18	-15.45
208.00	3984.00	0.15	-15.17
240.00	3984.00	0.16	-15.09
272.00	3984.00	0.17	-15.07
304.00	3984.00	0.20	-15.13
336.00	3984.00	0.23	-15.22
368.00	3984.00	0.21	-15.30
400.00	3984.00	0.16	-15.34
432.00	3984.00	0.15	-15.34
464.00	3984.00	0.23	-15.35
496.00	3984.00	0.32	-15.35
528.00	3984.00	0.29	-15.26
560.00	3984.00	0.19	-15.20
592.00	3984.00	0.16	-15.21
624.00	3984.00	0.15	-15.28
656.00	3984.00	0.10	-15.16
688.00	3984.00	0.02	-14.99
720.00	3984.00	-0.00	-15.00
752.00	3984.00	0.07	-15.19
784.00	3984.00	0.13	-15.34
816.00	3984.00	0.21	-15.31
848.00	3984.00	0.22	-15.23
880.00	3984.00	0.20	-15.28
912.00	3984.00	0.17	-15.35
944.00	3984.00	0.18	-15.33
976.00	3984.00	0.17	-15.23
1008.00	3984.00	0.13	-15.23
1040.00	3984.00	0.11	-15.29
1072.00	3984.00	0.15	-15.29
1104.00	3984.00	0.17	-15.23
1136.00	3984.00	0.13	-15.26
1168.00	3984.00	0.08	-15.30
1200.00	3984.00	0.09	-15.23
1232.00	3984.00	0.16	-15.23
1264.00	3984.00	0.18	-15.28
1296.00	3984.00	0.05	-15.43
1328.00	3984.00	-0.15	-15.44
1360.00	3984.00	-0.14	-15.39
1392.00	3984.00	0.01	-15.28
1424.00	3984.00	0.14	-15.24
1456.00	3984.00	0.16	-15.34
1488.00	3984.00	0.13	-15.47
1520.00	3984.00	0.09	-15.52
1552.00	3984.00	-0.00	-15.40
1584.00	3984.00	-0.10	-15.29
1616.00	3984.00	-0.11	-15.28
1648.00	3984.00	-0.09	-15.35
1680.00	3984.00	-0.09	-15.41
1712.00	3984.00	-0.09	-15.40
1744.00	3984.00	-0.07	-15.34
1776.00	3984.00	-0.08	-15.24
1808.00	3984.00	-0.11	-15.26
1840.00	3984.00	-0.05	-15.34
1872.00	3984.00	0.07	-15.49
1904.00	3984.00	0.08	-15.52
1936.00	3984.00	-0.02	-15.48
1968.00	3984.00	-0.11	-15.43
2000.00	3984.00	-0.15	-15.40
2032.00	3984.00	-0.19	-15.39
2064.00	3984.00	-0.26	-15.41
2096.00	3984.00	-0.37	-15.43
2128.00	3984.00	-0.54	-15.45
2160.00	3984.00	-0.70	-15.40
2192.00	3984.00	-0.67	-15.27
2224.00	3984.00	-0.56	-15.14
2256.00	3984.00	-0.47	-15.12
2288.00	3984.00	-0.44	-15.16
2320.00	3984.00	-0.42	-15.21
2352.00	3984.00	-0.42	-15.22
2384.00	3984.00	-0.48	-15.28
2416.00	3984.00	-0.48	-15.29
2448.00	3984.00	-0.34	-15.30
2480.00	3984.00	-0.26	-15.13
2512.00	3984.00	-0.33	-15.02
2544.00	3984.00	-0.51	-14.93
2576.00	3984.00	-0.57	-14.90
2608.00	3984.00	-0.54	-14.70
2640.00	3984.00	-0.57	-14.37
2672.00	3984.00	-0.60	-14.07
2704.00	3984.00	-0.56	-13.91
2736.00	3984.00	-0.53	-13.82
2768.00	3984.00	-0.64	-13.57
2800.00	3984.00	-0.74	-13.39
2832.00	3984.00	-0.68	-13.27
2864.00	3984.00	-0.57	-13.37
2896.00	3984.00	-0.64	-13.49
2928.00	3984.00	-0.80	-13.41
2960.00	3984.00	-0.93	-13.07
2992.00	3984.00	-1.01	-12.51
3024.00	3984.00	-1.10	-12.32
3056.00	3984.00	-1.04	-12.34
3088.00	3984.00	-0.88	-12.41
3120.00	3984.00	-0.72	-12.35
3152.00	3984.00	-0.75	-12.31
3184.00	3984.00	-0.80	-12.27
3216.00	3984.00	-0.78	-12.23
3248.00	3984.00	-0.85	-12.16
3280.00	3984.00	-1.02	-12.09
3312.00	3984.00	-1.19	-11.97
3344.00	3984.00	-1.16	-11.75
3376.00	3984.00	-1.01	-11.62
3408.00	3984.00	-0.98	-11.62
3440.00	3984.00	-1.01	-11.76
3472.00	3984.00	-1.11	-11.87
3504.00	3984.00	-1.28	-11.72
3536.00	3984.00	-1.44	-11.48
3568.00	3984.00	-1.46	-11.29
3600.00	3984.00	-1.27	-11.39
3632.00	3984.00	-1.11	-11.57
3664.00	3984.00	-1.04	-11.62
3696.00	3984.00	-0.99	-11.40
3728.00	3984.00	-1.00	-11.15
3760.00	3984.00	-1.10	-11.06
3792.00	3984.00	-1.14	-11.16
3824.00	3984.00	-1.11	-11.38
3856.00	3984.00	-0.92	-11.47
3888.00	3984.00	-0.75	-11.54
3920.00	3984.00	-0.65	-11.57
3952.00	3984.00	-0.65	-11.56
3984.00	3984.00	-0.70	-11.36
4016.00	3984.00	-0.65	-11.14
4048.00	3984.00	-0.49	-11.29
4080.00	3984.00	-0.51	-11.40
4112.00	3984.00	-0.53	-11.47
4144.00	3984.00	-0.50	-11.32
4176.00	3984.00	-0.40	-11.33
4208.00	3984.00	-0.41	-11.36
4240.00	3984.00	-0.57	-11.31
4272.00	3984.00	-0.59	-11.17
4304.00	3984.00	-0.55	-11.10
4336.00	3984.00	-0.42	-11.11
4368.00	3984.00	-0.35	-11.24
4400.00	3984.00	-0.41	-11.23
4432.00	3984.00	-0.47	-11.16
4464.00	3984.00	-0.48	-11.04
4496.00	3984.00	-0.49	-10.98
4528.00	3984.00	-0.47	-10.98
4560.00	3984.00	-0.41	-11.03
4592.00	3984.00	-0.31	-11.05
4624.00	3984.00	-0.26	-10.98
4656.00	3984.00	-0.25	-10.84
4688.00	3984.00	-0.19	-10.82
4720.00	3984.00	-0.14	-10.94
4752.00	3984.00	-0.11	-11.13
4784.00	3984.00	-0.08	-11.17
4816.00	3984.00	-0.06	-11.11
4848.00	3984.00	-0.08	-11.08
4880.00	3984.00	-0.03	-11.04
4912.00	3984.00	0.03	-10.84
4944.00	3984.00	0.09	-10.58
4976.00	3984.00	0.10	-10.54
5008.00	3984.00	0.14	-10.71
5040.00	3984.00	0.10	-10.83
5072.00	3984.00	0.01	-10.80
5104.00	3984.00	-0.05	-10.72
5136.00	3984.00	0.09	-10.84
5168.00	3984.00	0.34	-11.04
5200.00	3984.00	0.50	-11.22
5232.00	3984.00	0.55	-11.24
5264.00	3984.00	0.54	-11.21
5296.00	3984.00	0.54	-11.25
5328.00	3984.00	0.49	-11.42
5360.00	3984.00	0.37	-11.58
5392.00	3984.00	0.31	-11.57
5424.00	3984.00	0.28	-11.33
5456.00	3984.00	0.26	-11.03
5488.00	3984.00	0.29	-10.74
5520.00	3984.00	0.20	-10.40
5552.00	3984.00	0.14	-9.95
5584.00	3984.00	0.00	-9.54
5616.00	3984.00	0.01	-9.28
5648.00	3984.00	0.07	-9.25
5680.00	3984.00	0.12	-9.23
5712.00	3984.00	0.16	-9.18
5744.00	3984.00	0.19	-8.95
5776.00	3984.00	0.17	-8.51
5808.00	3984.00	0.12	-7.85
5840.00	3984.00	0.03	-6.92
5872.00	3984.00	0.00	-5.92
5904.00	3984.00	0.08	-4.98
5936.00	3984.00	0.24	-3.93
5968.00	3984.00	0.30	-2.79
6000.00	3984.00	0.39	-1.42
6032.00	3984.00	0.40	-0.59
6064.00	3984.00	0.46	-0.53
6096.00	3984.00	0.36	-1.77
6128.00	3984.00	0.22	-3.26
6160.00	3984.00	0.12	-4.41
6192.00	3984.00	0.01	-5.20
6224.00	3984.00	-0.01	-6.33
6256.00	3984.00	-0.02	-8.13
6288.00	3984.00	0.20	-9.01
6320.00	3984.00	0.35	-9.47
6352.00	3984.00	0.55	-9.27
6384.00	3984.00	0.67	-9.53
6416.00	3984.00	0.88	-9.65
6448.00	3984.00	0.95	-9.68
6480.00	3984.00	0.74	-9.55
6512.00	3984.00	0.18	-9.44
6544.00	3984.00	-0.42	-9.48
6576.00	3984.00	-0.79	-9.59
16.00	4016.00	0.87	-19.73
48.00	4016.00	-0.14	-18.24
80.00	4016.00	-1.81	-14.80
112.00	4016.00	-0.98	-15.64
144.00	4016.00	-0.25	-15.67
176.00	4016.00	-0.07	-15.50
208.00	4016.00	0.07	-15.28
240.00	4016.00	0.10	-15.23
272.00	4016.00	0.14	-15.19
304.00	4016.00	0.17	-15.19
336.00	4016.00	0.22	-15.25
368.00	4016.00	0.26	-15.33
400.00	4016.00	0.27	-15.35
432.00	4016.00	0.24	-15.35
464.00	4016.00	0.27	-15.35
496.00	4016.00	0.29	-15.32
528.00	4016.00	0.27	-15.22
560.00	4016.00	0.17	-15.14
592.00	4016.00	0.18	-15.14
624.00	4016.00	0.21	-15.19
656.00	4016.00	0.22	-15.16
688.00	4016.00	0.12	-15.07
720.00	4016.00	0.04	-15.11
752.00	4016.00	0.03	-15.25
784.00	4016.00	0.10	-15.34
816.00	4016.00	0.21	-15.27
848.00	4016.00	0.27	-15.20
880.00	4016.00	0.26	-15.26
912.00	4016.00	0.24	-15.37
944.00	4016.00	0.22	-15.37
976.00	4016.00	0.15	-15.33
1008.00	4016.00	0.08	-15.35
1040.00	4016.00	0.09	-15.39
1072.00	4016.00	0.17	-15.34
1104.00	4016.00	0.24	-15.27
1136.00	4016.00	0.20	-15.28
1168.00	4016.00	0.11	-15.28
1200.00	4016.00	0.10	-15.21
1232.00	4016.00	0.17	-15.21
1264.00	4016.00	0.19	-15.26
1296.00	4016.00	0.07	-15.36
1328.00	4016.00	-0.10	-15.34
1360.00	4016.00	-0.09	-15.28
1392.00	4016.00	0.05	-15.14
1424.00	4016.00	0.15	-15.01
1456.00	4016.00	0.17	-15.04
1488.00	4016.00	0.13	-15.21
1520.00	4016.00	0.09	-15.37
1552.00	4016.00	0.01	-15.37
1584.00	4016.00	-0.06	-15.31
1616.00	4016.00	-0.08	-15.33
1648.00	4016.00	-0.09	-15.35
1680.00	4016.00	-0.12	-15.32
1712.00	4016.00	-0.12	-15.22
1744.00	4016.00	-0.10	-15.11
1776.00	4016.00	-0.11	-15.03
1808.00	4016.00	-0.13	-15.05
1840.00	4016.00	-0.00	-15.14
1872.00	4016.00	0.17	-15.27
1904.00	4016.00	0.20	-15.37
1936.00	4016.00	0.09	-15.42
1968.00	4016.00	-0.02	-15.43
2000.00	4016.00	-0.09	-15.42
2032.00	4016.00	-0.16	-15.44
2064.00	4016.00	-0.19	-15.44
2096.00	4016.00	-0.25	-15.43
2128.00	4016.00	-0.41	-15.41
2160.00	4016.00	-0.60	-15.38
2192.00	4016.00	-0.59	-15.26
2224.00	4016.00	-0.49	-15.16
2256.00	4016.00	-0.44	-15.11
2288.00	4016.00	-0.42	-15.09
2320.00	4016.00	-0.40	-15.10
2352.00	4016.00	-0.39	-15.13
2384.00	4016.00	-0.47	-15.23
2416.00	4016.00	-0.51	-15.24
2448.00	4016.00	-0.42	-15.21
2480.00	4016.00	-0.27	-14.98
2512.00	4016.00	-0.26	-14.88
2544.00	4016.00	-0.37	-14.86
2576.00	4016.00	-0.47	-14.92
2608.00	4016.00	-0.51	-14.71
2640.00	4016.00	-0.60	-14.30
2672.00	4016.00	-0.63	-13.94
2704.00	4016.00	-0.56	-13.80
2736.00	4016.00	-0.58	-13.62
2768.00	4016.00	-0.69	-13.50
2800.00	4016.00	-0.73	-13.54
2832.00	4016.00	-0.59	-13.67
2864.00	4016.00	-0.46	-13.84
2896.00	4016.00	-0.46	-13.91
2928.00	4016.00	-0.51	-13.84
2960.00	4016.00	-0.63	-13.46
2992.00	4016.00	-0.76	-12.82
3024.00	4016.00	-0.92	-12.43
3056.00	4016.00	-0.87	-12.20
3088.00	4016.00	-0.77	-12.12
3120.00	4016.00	-0.70	-12.04
3152.00	4016.00	-0.78	-12.06
3184.00	4016.00	-0.79	-12.08
3216.00	4016.00	-0.69	-12.12
3248.00	4016.00	-0.71	-12.11
3280.00	4016.00	-0.90	-12.02
3312.00	4016.00	-1.05	-11.87
3344.00	4016.00	-1.02	-11.67
3376.00	4016.00	-0.87	-11.63
3408.00	4016.00	-0.79	-11.72
3440.00	4016.00	-0.68	-11.88
3472.00	4016.00	-0.61	-11.95
3504.00	4016.00	-0.94	-11.75
3536.00	4016.00	-1.27	-11.47
3568.00	4016.00	-1.46	-11.28
3600.00	4016.00	-1.24	-11.40
3632.00	4016.00	-1.09	-11.63
3664.00	4016.00	-1.07	-11.69
3696.00	4016.00	-1.03	-11.48
3728.00	4016.00	-1.09	-11.24
3760.00	4016.00	-1.24	-11.07
3792.00	4016.00	-1.31	-11.10
3824.00	4016.00	-1.16	-11.23
3856.00	4016.00	-0.95	-11.36
3888.00	4016.00	-0.88	-11.41
3920.00	4016.00	-0.91	-11.43
3952.00	4016.00	-0.89	-11.40
3984.00	4016.00	-0.79	-11.29
4016.00	4016.00	-0.67	-11.10
4048.00	4016.00	-0.50	-11.23
4080.00	4016.00	-0.48	-11.29
4112.00	4016.00	-0.46	-11.40
4144.00	4016.00	-0.40	-11.33
4176.00	4016.00	-0.25	-11.37
4208.00	4016.00	-0.27	-11.37
4240.00	4016.00	-0.42	-11.26
4272.00	4016.00	-0.49	-11.08
4304.00	4016.00	-0.43	-10.98
4336.00	4016.00	-0.31	-11.02
4368.00	4016.00	-0.29	-11.07
4400.00	4016.00	-0.38	-11.00
4432.00	4016.00	-0.46	-10.87
4464.00	4016.00	-0.45	-10.82
4496.00	4016.00	-0.46	-10.84
4528.00	4016.00	-0.45	-10.90
4560.00	4016.00	-0.39	-10.98
4592.00	4016.00	-0.27	-10.96
4624.00	4016.00	-0.26	-10.84
4656.00	4016.00	-0.28	-10.77
4688.00	4016.00	-0.28	-10.83
4720.00	4016.00	-0.23	-10.95
4752.00	4016.00	-0.21	-11.06
4784.00	4016.00	-0.23	-11.15
4816.00	4016.00	-0.24	-11.17
4848.00	4016.00	-0.21	-11.09
4880.00	4016.00	-0.04	-10.96
4912.00	4016.00	0.08	-10.79
4944.00	4016.00	0.07	-10.67
4976.00	4016.00	0.04	-10.60
5008.00	4016.00	0.10	-10.65
5040.00	4016.00	0.18	-10.74
5072.00	4016.00	0.03	-10.74
5104.00	4016.00	-0.16	-10.68
5136.00	4016.00	-0.10	-10.72
5168.00	4016.00	0.18	-10.89
5200.00	4016.00	0.44	-11.08
5232.00	4016.00	0.53	-11.15
5264.00	4016.00	0.58	-11.15
5296.00	4016.00	0.61	-11.22
5328.00	4016.00	0.54	-11.35
5360.00	4016.00	0.40	-11.54
5392.00	4016.00	0.31	-11.58
5424.00	4016.00	0.29	-11.43
5456.00	4016.00	0.26	-11.15
5488.00	4016.00	0.21	-10.79
5520.00	4016.00	0.09	-10.36
5552.00	4016.00	0.08	-9.87
5584.00	4016.00	0.07	-9.54
5616.00	4016.00	0.10	-9.28
5648.00	4016.00	0.12	-9.23
5680.00	4016.00	0.18	-9.12
5712.00	4016.00	0.22	-9.02
5744.00	4016.00	0.26	-8.73
5776.00	4016.00	0.21	-8.29
5808.00	4016.00	0.16	-7.71
5840.00	4016.00	0.03	-6.85
5872.00	4016.00	-0.05	-5.94
5904.00	4016.00	0.03	-5.09
5936.00	4016.00	0.18	-4.06
5968.00	4016.00	0.22	-2.84
6000.00	4016.00	0.29	-1.41
6032.00	4016.00	0.32	-0.55
6064.00	4016.00	0.33	-0.48
6096.00	4016.00	0.14	-1.60
6128.00	4016.00	-0.01	-3.12
6160.00	4016.00	-0.04	-4.46
6192.00	4016.00	-0.07	-5.38
6224.00	4016.00	-0.07	-6.30
6256.00	4016.00	-0.01	-7.39
6288.00	4016.00	0.18	-8.18
6320.00	4016.00	0.33	-8.71
6352.00	4016.00	0.48	-9.03
6384.00	4016.00	0.75	-9.27
6416.00	4016.00	1.07	-9.39
6448.00	4016.00	1.18	-9.36
6480.00	4016.00	0.82	-9.32
6512.00	4016.00	-0.13	-9.43
6544.00	4016.00	-1.51	-9.62
6576.00	4016.00	-2.33	-9.82
16.00	4048.00	-4.33	-15.74
48.00	4048.00	-4.75	-16.91
80.00	4048.00	-4.01	-15.96
112.00	4048.00	-1.98	-16.40
144.00	4048.00	-0.20	-15.00
176.00	4048.00	-0.17	-15.15
208.00	4048.00	-0.03	-15.11
240.00	4048.00	0.11	-15.19
272.00	4048.00	0.14	-15.25
304.00	4048.00	0.13	-15.26
336.00	4048.00	0.16	-15.24
368.00	4048.00	0.24	-15.24
400.00	4048.00	0.30	-15.28
432.00	4048.00	0.27	-15.36
464.00	4048.00	0.26	-15.45
496.00	4048.00	0.27	-15.42
528.00	4048.00	0.28	-15.33
560.00	4048.00	0.24	-15.24
592.00	4048.00	0.27	-15.24
624.00	4048.00	0.33	-15.32
656.00	4048.00	0.35	-15.31
688.00	4048.00	0.23	-15.25
720.00	4048.00	0.09	-15.27
752.00	4048.00	0.05	-15.38
784.00	4048.00	0.10	-15.42
816.00	4048.00	0.18	-15.31
848.00	4048.00	0.21	-15.23
880.00	4048.00	0.20	-15.28
912.00	4048.00	0.20	-15.38
944.00	4048.00	0.17	-15.41
976.00	4048.00	0.08	-15.41
1008.00	4048.00	0.04	-15.42
1040.00	4048.00	0.10	-15.40
1072.00	4048.00	0.24	-15.33
1104.00	4048.00	0.30	-15.30
1136.00	4048.00	0.24	-15.33
1168.00	4048.00	0.12	-15.31
1200.00	4048.00	0.11	-15.26
1232.00	4048.00	0.19	-15.30
1264.00	4048.00	0.24	-15.30
1296.00	4048.00	0.15	-15.29
1328.00	4048.00	0.06	-15.20
1360.00	4048.00	0.04	-15.16
1392.00	4048.00	0.07	-15.07
1424.00	4048.00	0.09	-14.94
1456.00	4048.00	0.11	-14.95
1488.00	4048.00	0.12	-15.14
1520.00	4048.00	0.10	-15.37
1552.00	4048.00	0.08	-15.47
1584.00	4048.00	0.06	-15.45
1616.00	4048.00	0.02	-15.44
1648.00	4048.00	-0.06	-15.44
1680.00	4048.00	-0.08	-15.37
1712.00	4048.00	-0.06	-15.17
1744.00	4048.00	-0.06	-14.95
1776.00	4048.00	-0.15	-14.83
1808.00	4048.00	-0.21	-14.87
1840.00	4048.00	-0.08	-14.95
1872.00	4048.00	0.12	-15.04
1904.00	4048.00	0.19	-15.17
1936.00	4048.00	0.09	-15.26
1968.00	4048.00	-0.02	-15.30
2000.00	4048.00	-0.12	-15.34
2032.00	4048.00	-0.16	-15.40
2064.00	4048.00	-0.18	-15.45
2096.00	4048.00	-0.23	-15.44
2128.00	4048.00	-0.37	-15.42
2160.00	4048.00	-0.51	-15.39
2192.00	4048.00	-0.51	-15.28
2224.00	4048.00	-0.42	-15.19
2256.00	4048.00	-0.38	-15.12
2288.00	4048.00	-0.38	-15.11
2320.00	4048.00	-0.39	-15.09
2352.00	4048.00	-0.40	-15.14
2384.00	4048.00	-0.45	-15.18
2416.00	4048.00	-0.50	-15.16
2448.00	4048.00	-0.41	-15.06
2480.00	4048.00	-0.26	-14.96
2512.00	4048.00	-0.21	-14.92
2544.00	4048.00	-0.32	-14.95
2576.00	4048.00	-0.39	-14.93
2608.00	4048.00	-0.40	-14.75
2640.00	4048.00	-0.44	-14.47
2672.00	4048.00	-0.48	-14.24
2704.00	4048.00	-0.45	-14.09
2736.00	4048.00	-0.51	-13.81
2768.00	4048.00	-0.60	-13.56
2800.00	4048.00	-0.67	-13.53
2832.00	4048.00	-0.60	-13.66
2864.00	4048.00	-0.45	-13.91
2896.00	4048.00	-0.33	-14.13
2928.00	4048.00	-0.21	-14.22
2960.00	4048.00	-0.33	-13.98
2992.00	4048.00	-0.53	-13.43
3024.00	4048.00	-0.76	-12.86
3056.00	4048.00	-0.74	-12.33
3088.00	4048.00	-0.65	-12.01
3120.00	4048.00	-0.58	-11.88
3152.00	4048.00	-0.62	-11.92
3184.00	4048.00	-0.62	-11.92
3216.00	4048.00	-0.55	-11.95
3248.00	4048.00	-0.58	-11.94
3280.00	4048.00	-0.72	-11.80
3312.00	4048.00	-0.80	-11.63
3344.00	4048.00	-0.77	-11.53
3376.00	4048.00	-0.79	-11.67
3408.00	4048.00	-0.84	-11.86
3440.00	4048.00	-0.79	-11.91
3472.00	4048.00	-0.62	-11.87
3504.00	4048.00	-0.86	-11.70
3536.00	4048.00	-1.20	-11.52
3568.00	4048.00	-1.40	-11.40
3600.00	4048.00	-1.16	-11.44
3632.00	4048.00	-0.99	-11.58
3664.00	4048.00	-1.02	-11.54
3696.00	4048.00	-1.02	-11.32
3728.00	4048.00	-1.06	-11.15
3760.00	4048.00	-1.12	-11.03
3792.00	4048.00	-1.23	-11.04
3824.00	4048.00	-1.16	-11.06
3856.00	4048.00	-1.07	-11.08
3888.00	4048.00	-1.09	-11.11
3920.00	4048.00	-1.13	-11.14
3952.00	4048.00	-1.02	-11.23
3984.00	4048.00	-0.81	-11.30
4016.00	4048.00	-0.64	-11.31
4048.00	4048.00	-0.55	-11.34
4080.00	4048.00	-0.53	-11.29
4112.00	4048.00	-0.44	-11.30
4144.00	4048.00	-0.31	-11.35
4176.00	4048.00	-0.19	-11.42
4208.00	4048.00	-0.21	-11.35
4240.00	4048.00	-0.30	-11.17
4272.00	4048.00	-0.30	-11.05
4304.00	4048.00	-0.22	-11.05
4336.00	4048.00	-0.16	-11.12
4368.00	4048.00	-0.20	-11.07
4400.00	4048.00	-0.30	-10.92
4432.00	4048.00	-0.35	-10.77
4464.00	4048.00	-0.43	-10.74
4496.00	4048.00	-0.51	-10.81
4528.00	4048.00	-0.48	-10.90
4560.00	4048.00	-0.31	-10.96
4592.00	4048.00	-0.15	-10.90
4624.00	4048.00	-0.19	-10.78
4656.00	4048.00	-0.29	-10.77
4688.00	4048.00	-0.37	-10.89
4720.00	4048.00	-0.35	-11.03
4752.00	4048.00	-0.30	-11.06
4784.00	4048.00	-0.29	-11.15
4816.00	4048.00	-0.27	-11.24
4848.00	4048.00	-0.18	-11.18
4880.00	4048.00	0.05	-10.97
4912.00	4048.00	0.22	-10.76
4944.00	4048.00	0.22	-10.74
4976.00	4048.00	0.21	-10.71
5008.00	4048.00	0.35	-10.70
5040.00	4048.00	0.45	-10.71
5072.00	4048.00	0.37	-10.75
5104.00	4048.00	0.11	-10.79
5136.00	4048.00	0.06	-10.84
5168.00	4048.00	0.16	-10.94
5200.00	4048.00	0.32	-11.05
5232.00	4048.00	0.40	-11.14
5264.00	4048.00	0.45	-11.19
5296.00	4048.00	0.47	-11.18
5328.00	4048.00	0.38	-11.20
5360.00	4048.00	0.27	-11.36
5392.00	4048.00	0.25	-11.54
5424.00	4048.00	0.31	-11.54
5456.00	4048.00	0.32	-11.28
5488.00	4048.00	0.23	-10.88
5520.00	4048.00	0.08	-10.42
5552.00	4048.00	0.08	-9.94
5584.00	4048.00	0.10	-9.60
5616.00	4048.00	0.11	-9.26
5648.00	4048.00	0.08	-9.13
5680.00	4048.00	0.15	-9.01
5712.00	4048.00	0.18	-9.00
5744.00	4048.00	0.19	-8.82
5776.00	4048.00	0.16	-8.35
5808.00	4048.00	0.18	-7.58
5840.00	4048.00	0.12	-6.66
5872.00	4048.00	-0.01	-5.90
5904.00	4048.00	0.02	-5.31
5936.00	4048.00	0.16	-4.34
5968.00	4048.00	0.26	-2.87
6000.00	4048.00	0.36	-1.33
6032.00	4048.00	0.38	-0.44
6064.00	4048.00	0.25	-0.55
6096.00	4048.00	0.04	-1.73
6128.00	4048.00	-0.15	-3.42
6160.00	4048.00	-0.15	-5.00
6192.00	4048.00	-0.20	-5.92
6224.00	4048.00	-0.12	-6.46
6256.00	4048.00	0.05	-6.67
6288.00	4048.00	0.22	-7.12
6320.00	4048.00	0.26	-7.70
6352.00	4048.00	0.35	-8.51
6384.00	4048.00	0.64	-8.90
6416.00	4048.00	1.01	-9.02
6448.00	4048.00	1.09	-8.99
6480.00	4048.00	0.90	-8.78
6512.00	4048.00	-0.28	-9.24
6544.00	4048.00	-1.87	-9.88
6576.00	4048.00	-3.06	-10.63
16.00	4080.00	-3.59	-7.62
48.00	4080.00	-5.49	-12.73
80.00	4080.00	-5.79	-15.33
112.00	4080.00	-3.48	-17.77
144.00	4080.00	-0.46	-15.03
176.00	4080.00	0.08	-14.74
208.00	4080.00	-0.02	-14.88
240.00	4080.00	0.10	-15.07
272.00	4080.00	0.10	-15.23
304.00	4080.00	0.04	-15.26
336.00	4080.00	0.03	-15.19
368.00	4080.00	0.12	-15.13
400.00	4080.00	0.24	-15.17
432.00	4080.00	0.25	-15.31
464.00	4080.00	0.25	-15.47
496.00	4080.00	0.26	-15.49
528.00	4080.00	0.29	-15.43
560.00	4080.00	0.26	-15.36
592.00	4080.00	0.27	-15.38
624.00	4080.00	0.31	-15.47
656.00	4080.00	0.32	-15.49
688.00	4080.00	0.21	-15.45
720.00	4080.00	0.09	-15.42
752.00	4080.00	0.09	-15.45
784.00	4080.00	0.15	-15.44
816.00	4080.00	0.15	-15.30
848.00	4080.00	0.09	-15.18
880.00	4080.00	0.03	-15.20
912.00	4080.00	0.05	-15.30
944.00	4080.00	0.02	-15.42
976.00	4080.00	-0.03	-15.49
1008.00	4080.00	-0.02	-15.46
1040.00	4080.00	0.08	-15.39
1072.00	4080.00	0.23	-15.27
1104.00	4080.00	0.26	-15.27
1136.00	4080.00	0.21	-15.28
1168.00	4080.00	0.08	-15.26
1200.00	4080.00	0.09	-15.28
1232.00	4080.00	0.14	-15.37
1264.00	4080.00	0.20	-15.38
1296.00	4080.00	0.21	-15.27
1328.00	4080.00	0.20	-15.14
1360.00	4080.00	0.17	-15.12
1392.00	4080.00	0.12	-15.11
1424.00	4080.00	0.08	-15.05
1456.00	4080.00	0.08	-15.07
1488.00	4080.00	0.10	-15.23
1520.00	4080.00	0.09	-15.41
1552.00	4080.00	0.11	-15.48
1584.00	4080.00	0.10	-15.44
1616.00	4080.00	0.04	-15.40
1648.00	4080.00	-0.05	-15.40
1680.00	4080.00	-0.03	-15.33
1712.00	4080.00	0.02	-15.08
1744.00	4080.00	-0.01	-14.82
1776.00	4080.00	-0.16	-14.72
1808.00	4080.00	-0.26	-14.81
1840.00	4080.00	-0.19	-14.89
1872.00	4080.00	-0.03	-14.94
1904.00	4080.00	0.03	-15.03
1936.00	4080.00	-0.03	-15.16
1968.00	4080.00	-0.15	-15.24
2000.00	4080.00	-0.21	-15.31
2032.00	4080.00	-0.22	-15.36
2064.00	4080.00	-0.24	-15.39
2096.00	4080.00	-0.30	-15.38
2128.00	4080.00	-0.43	-15.39
2160.00	4080.00	-0.54	-15.38
2192.00	4080.00	-0.55	-15.31
2224.00	4080.00	-0.45	-15.26
2256.00	4080.00	-0.39	-15.24
2288.00	4080.00	-0.39	-15.24
2320.00	4080.00	-0.46	-15.19
2352.00	4080.00	-0.49	-15.18
2384.00	4080.00	-0.52	-15.16
2416.00	4080.00	-0.55	-15.08
2448.00	4080.00	-0.46	-14.92
2480.00	4080.00	-0.31	-14.84
2512.00	4080.00	-0.27	-14.86
2544.00	4080.00	-0.39	-14.93
2576.00	4080.00	-0.43	-14.93
2608.00	4080.00	-0.36	-14.85
2640.00	4080.00	-0.29	-14.72
2672.00	4080.00	-0.29	-14.62
2704.00	4080.00	-0.27	-14.49
2736.00	4080.00	-0.37	-14.14
2768.00	4080.00	-0.53	-13.68
2800.00	4080.00	-0.69	-13.40
2832.00	4080.00	-0.67	-13.48
2864.00	4080.00	-0.50	-13.76
2896.00	4080.00	-0.32	-14.03
2928.00	4080.00	-0.19	-14.20
2960.00	4080.00	-0.22	-14.11
2992.00	4080.00	-0.38	-13.70
3024.00	4080.00	-0.54	-13.09
3056.00	4080.00	-0.66	-12.39
3088.00	4080.00	-0.54	-11.94
3120.00	4080.00	-0.49	-11.72
3152.00	4080.00	-0.42	-11.74
3184.00	4080.00	-0.45	-11.78
3216.00	4080.00	-0.38	-11.80
3248.00	4080.00	-0.38	-11.78
3280.00	4080.00	-0.42	-11.54
3312.00	4080.00	-0.43	-11.27
3344.00	4080.00	-0.40	-11.24
3376.00	4080.00	-0.53	-11.54
3408.00	4080.00	-0.76	-11.82
3440.00	4080.00	-0.93	-11.78
3472.00	4080.00	-0.85	-11.70
3504.00	4080.00	-0.92	-11.64
3536.00	4080.00	-1.07	-11.61
3568.00	4080.00	-1.12	-11.51
3600.00	4080.00	-0.95	-11.44
3632.00	4080.00	-0.88	-11.48
3664.00	4080.00	-1.02	-11.41
3696.00	4080.00	-1.04	-11.25
3728.00	4080.00	-0.95	-11.14
3760.00	4080.00	-0.82	-11.06
3792.00	4080.00	-0.84	-11.04
3824.00	4080.00	-0.86	-11.04
3856.00	4080.00	-0.92	-11.03
3888.00	4080.00	-1.03	-11.03
3920.00	4080.00	-1.13	-11.03
3952.00	4080.00	-1.05	-11.17
3984.00	4080.00	-0.78	-11.40
4016.00	4080.00	-0.52	-11.56
4048.00	4080.00	-0.46	-11.56
4080.00	4080.00	-0.50	-11.36
4112.00	4080.00	-0.43	-11.20
4144.00	4080.00	-0.34	-11.25
4176.00	4080.00	-0.25	-11.32
4208.00	4080.00	-0.21	-11.23
4240.00	4080.00	-0.16	-11.07
4272.00	4080.00	-0.11	-11.01
4304.00	4080.00	-0.06	-11.04
4336.00	4080.00	-0.08	-11.07
4368.00	4080.00	-0.14	-11.01
4400.00	4080.00	-0.25	-10.92
4432.00	4080.00	-0.34	-10.83
4464.00	4080.00	-0.48	-10.79
4496.00	4080.00	-0.59	-10.84
4528.00	4080.00	-0.49	-10.92
4560.00	4080.00	-0.21	-10.98
4592.00	4080.00	-0.04	-11.01
4624.00	4080.00	-0.02	-11.04
4656.00	4080.00	-0.15	-11.13
4688.00	4080.00	-0.26	-11.14
4720.00	4080.00	-0.31	-11.11
4752.00	4080.00	-0.25	-11.02
4784.00	4080.00	-0.21	-11.11
4816.00	4080.00	-0.19	-11.26
4848.00	4080.00	-0.10	-11.32
4880.00	4080.00	0.10	-11.15
4912.00	4080.00	0.24	-10.94
4944.00	4080.00	0.30	-10.84
4976.00	4080.00	0.38	-10.81
5008.00	4080.00	0.60	-10.79
5040.00	4080.00	0.69	-10.81
5072.00	4080.00	0.67	-10.85
5104.00	4080.00	0.53	-10.94
5136.00	4080.00	0.47	-11.01
5168.00	4080.00	0.37	-11.05
5200.00	4080.00	0.27	-11.07
5232.00	4080.00	0.24	-11.12
5264.00	4080.00	0.32	-11.20
5296.00	4080.00	0.36	-11.14
5328.00	4080.00	0.26	-11.18
5360.00	4080.00	0.17	-11.38
5392.00	4080.00	0.20	-11.63
5424.00	4080.00	0.35	-11.62
5456.00	4080.00	0.43	-11.31
5488.00	4080.00	0.35	-10.97
5520.00	4080.00	0.22	-10.54
5552.00	4080.00	0.13	-10.14
5584.00	4080.00	0.08	-9.76
5616.00	4080.00	-0.01	-9.30
5648.00	4080.00	-0.10	-8.97
5680.00	4080.00	-0.03	-8.78
5712.00	4080.00	0.09	-8.85
5744.00	4080.00	0.23	-8.73
5776.00	4080.00	0.26	-8.26
5808.00	4080.00	0.23	-7.40
5840.00	4080.00	0.09	-6.48
5872.00	4080.00	-0.03	-5.88
5904.00	4080.00	-0.01	-5.42
5936.00	4080.00	0.14	-4.59
5968.00	4080.00	0.23	-3.02
6000.00	4080.00	0.34	-1.44
6032.00	4080.00	0.39	-0.47
6064.00	4080.00	0.26	-0.74
6096.00	4080.00	0.10	-2.12
6128.00	4080.00	-0.04	-3.85
6160.00	4080.00	0.04	-5.37
6192.00	4080.00	0.05	-6.03
6224.00	4080.00	0.13	-6.42
6256.00	4080.00	0.23	-6.46
6288.00	4080.00	0.14	-7.07
6320.00	4080.00	0.11	-7.69
6352.00	4080.00	0.10	-8.51
6384.00	4080.00	0.46	-8.68
6416.00	4080.00	0.80	-8.78
6448.00	4080.00	1.03	-8.65
6480.00	4080.00	0.93	-8.48
6512.00	4080.00	-0.22	-9.23
6544.00	4080.00	-1.79	-10.32
6576.00	4080.00	-2.95	-11.39
16.00	4112.00	-5.68	-11.53
48.00	4112.00	-7.61	-15.92
80.00	4112.00	-7.53	-20.00
112.00	4112.00	-4.45	-18.99
144.00	4112.00	-1.08	-15.54
176.00	4112.00	0.18	-14.70
208.00	4112.00	-0.33	-14.81
240.00	4112.00	0.14	-15.11
272.00	4112.00	0.03	-15.16
304.00	4112.00	-0.04	-15.23
336.00	4112.00	-0.05	-15.17
368.00	4112.00	0.06	-15.13
400.00	4112.00	0.21	-15.19
432.00	4112.00	0.31	-15.34
464.00	4112.00	0.32	-15.47
496.00	4112.00	0.32	-15.48
528.00	4112.00	0.30	-15.42
560.00	4112.00	0.23	-15.39
592.00	4112.00	0.17	-15.44
624.00	4112.00	0.17	-15.53
656.00	4112.00	0.21	-15.54
688.00	4112.00	0.17	-15.50
720.00	4112.00	0.11	-15.44
752.00	4112.00	0.15	-15.43
784.00	4112.00	0.21	-15.38
816.00	4112.00	0.18	-15.25
848.00	4112.00	0.09	-15.12
880.00	4112.00	0.02	-15.13
912.00	4112.00	-0.01	-15.25
944.00	4112.00	-0.07	-15.42
976.00	4112.00	-0.07	-15.46
1008.00	4112.00	0.02	-15.33
1040.00	4112.00	0.11	-15.22
1072.00	4112.00	0.18	-15.13
1104.00	4112.00	0.16	-15.21
1136.00	4112.00	0.15	-15.20
1168.00	4112.00	0.08	-15.16
1200.00	4112.00	0.08	-15.18
1232.00	4112.00	0.09	-15.30
1264.00	4112.00	0.14	-15.37
1296.00	4112.00	0.22	-15.34
1328.00	4112.00	0.27	-15.25
1360.00	4112.00	0.24	-15.21
1392.00	4112.00	0.14	-15.16
1424.00	4112.00	0.07	-15.14
1456.00	4112.00	0.04	-15.24
1488.00	4112.00	0.05	-15.40
1520.00	4112.00	0.04	-15.49
1552.00	4112.00	0.04	-15.45
1584.00	4112.00	0.03	-15.35
1616.00	4112.00	-0.02	-15.30
1648.00	4112.00	-0.08	-15.29
1680.00	4112.00	-0.02	-15.21
1712.00	4112.00	0.05	-14.95
1744.00	4112.00	0.02	-14.74
1776.00	4112.00	-0.12	-14.72
1808.00	4112.00	-0.23	-14.92
1840.00	4112.00	-0.22	-15.06
1872.00	4112.00	-0.15	-15.11
1904.00	4112.00	-0.13	-15.14
1936.00	4112.00	-0.18	-15.20
1968.00	4112.00	-0.27	-15.24
2000.00	4112.00	-0.28	-15.27
2032.00	4112.00	-0.33	-15.26
2064.00	4112.00	-0.34	-15.24
2096.00	4112.00	-0.41	-15.24
2128.00	4112.00	-0.45	-15.27
2160.00	4112.00	-0.55	-15.28
2192.00	4112.00	-0.61	-15.27
2224.00	4112.00	-0.49	-15.27
2256.00	4112.00	-0.40	-15.30
2288.00	4112.00	-0.36	-15.29
2320.00	4112.00	-0.43	-15.21
2352.00	4112.00	-0.47	-15.13
2384.00	4112.00	-0.49	-15.08
2416.00	4112.00	-0.55	-14.99
2448.00	4112.00	-0.48	-14.81
2480.00	4112.00	-0.38	-14.74
2512.00	4112.00	-0.35	-14.78
2544.00	4112.00	-0.46	-14.89
2576.00	4112.00	-0.45	-14.92
2608.00	4112.00	-0.35	-14.92
2640.00	4112.00	-0.24	-14.88
2672.00	4112.00	-0.19	-14.86
2704.00	4112.00	-0.12	-14.78
2736.00	4112.00	-0.13	-14.34
2768.00	4112.00	-0.31	-13.72
2800.00	4112.00	-0.53	-13.24
2832.00	4112.00	-0.60	-13.28
2864.00	4112.00	-0.49	-13.50
2896.00	4112.00	-0.32	-13.72
2928.00	4112.00	-0.27	-13.92
2960.00	4112.00	-0.26	-14.01
2992.00	4112.00	-0.34	-13.81
3024.00	4112.00	-0.48	-13.26
3056.00	4112.00	-0.67	-12.49
3088.00	4112.00	-0.57	-11.92
3120.00	4112.00	-0.47	-11.68
3152.00	4112.00	-0.34	-11.81
3184.00	4112.00	-0.36	-11.92
3216.00	4112.00	-0.28	-11.93
3248.00	4112.00	-0.24	-11.79
3280.00	4112.00	-0.22	-11.43
3312.00	4112.00	-0.17	-11.10
3344.00	4112.00	-0.11	-11.07
3376.00	4112.00	-0.23	-11.39
3408.00	4112.00	-0.51	-11.73
3440.00	4112.00	-0.78	-11.71
3472.00	4112.00	-0.87	-11.70
3504.00	4112.00	-0.89	-11.64
3536.00	4112.00	-0.90	-11.56
3568.00	4112.00	-0.77	-11.36
3600.00	4112.00	-0.69	-11.25
3632.00	4112.00	-0.76	-11.29
3664.00	4112.00	-0.99	-11.29
3696.00	4112.00	-1.02	-11.26
3728.00	4112.00	-0.84	-11.22
3760.00	4112.00	-0.58	-11.21
3792.00	4112.00	-0.48	-11.16
3824.00	4112.00	-0.53	-11.18
3856.00	4112.00	-0.66	-11.17
3888.00	4112.00	-0.79	-11.11
3920.00	4112.00	-0.87	-11.05
3952.00	4112.00	-0.83	-11.13
3984.00	4112.00	-0.57	-11.43
4016.00	4112.00	-0.26	-11.73
4048.00	4112.00	-0.19	-11.83
4080.00	4112.00	-0.44	-11.59
4112.00	4112.00	-0.52	-11.30
4144.00	4112.00	-0.51	-11.22
4176.00	4112.00	-0.32	-11.25
4208.00	4112.00	-0.19	-11.17
4240.00	4112.00	-0.08	-11.00
4272.00	4112.00	-0.06	-10.90
4304.00	4112.00	-0.07	-10.88
4336.00	4112.00	-0.12	-10.86
4368.00	4112.00	-0.20	-10.82
4400.00	4112.00	-0.34	-10.79
4432.00	4112.00	-0.45	-10.81
4464.00	4112.00	-0.55	-10.84
4496.00	4112.00	-0.59	-10.87
4528.00	4112.00	-0.52	-10.88
4560.00	4112.00	-0.30	-10.88
4592.00	4112.00	-0.13	-11.09
4624.00	4112.00	0.04	-11.36
4656.00	4112.00	0.03	-11.53
4688.00	4112.00	-0.02	-11.41
4720.00	4112.00	-0.10	-11.19
4752.00	4112.00	-0.01	-11.03
4784.00	4112.00	0.04	-11.02
4816.00	4112.00	0.04	-11.12
4848.00	4112.00	0.11	-11.25
4880.00	4112.00	0.20	-11.22
4912.00	4112.00	0.27	-11.10
4944.00	4112.00	0.35	-10.96
4976.00	4112.00	0.50	-10.89
5008.00	4112.00	0.68	-10.82
5040.00	4112.00	0.63	-10.79
5072.00	4112.00	0.60	-10.79
5104.00	4112.00	0.67	-10.90
5136.00	4112.00	0.78	-11.02
5168.00	4112.00	0.65	-11.06
5200.00	4112.00	0.32	-11.02
5232.00	4112.00	0.12	-11.06
5264.00	4112.00	0.17	-11.17
5296.00	4112.00	0.28	-11.11
5328.00	4112.00	0.29	-11.21
5360.00	4112.00	0.27	-11.44
5392.00	4112.00	0.36	-11.66
5424.00	4112.00	0.54	-11.55
5456.00	4112.00	0.56	-11.24
5488.00	4112.00	0.43	-10.98
5520.00	4112.00	0.23	-10.60
5552.00	4112.00	0.11	-10.16
5584.00	4112.00	-0.04	-9.69
5616.00	4112.00	-0.18	-9.19
5648.00	4112.00	-0.36	-8.84
5680.00	4112.00	-0.31	-8.67
5712.00	4112.00	-0.14	-8.76
5744.00	4112.00	0.15	-8.57
5776.00	4112.00	0.33	-8.08
5808.00	4112.00	0.29	-7.17
5840.00	4112.00	0.13	-6.34
5872.00	4112.00	-0.02	-5.80
5904.00	4112.00	-0.03	-5.36
5936.00	4112.00	0.10	-4.56
5968.00	4112.00	0.25	-2.94
6000.00	4112.00	0.38	-1.36
6032.00	4112.00	0.42	-0.36
6064.00	4112.00	0.30	-0.74
6096.00	4112.00	0.27	-2.28
6128.00	4112.00	0.25	-4.00
6160.00	4112.00	0.38	-5.32
6192.00	4112.00	0.36	-5.74
6224.00	4112.00	0.37	-6.07
6256.00	4112.00	0.33	-6.50
6288.00	4112.00	0.25	-7.31
6320.00	4112.00	0.20	-8.12
6352.00	4112.00	0.18	-8.73
6384.00	4112.00	0.39	-8.79
6416.00	4112.00	0.60	-8.80
6448.00	4112.00	0.87	-8.64
6480.00	4112.00	0.84	-8.53
6512.00	4112.00	-0.16	-9.32
6544.00	4112.00	-1.15	-10.52
6576.00	4112.00	-2.04	-11.65
16.00	4144.00	0.55	-14.56
48.00	4144.00	-4.43	-19.14
80.00	4144.00	-7.18	-21.25
112.00	4144.00	-5.88	-21.34
144.00	4144.00	-1.94	-16.63
176.00	4144.00	0.22	-14.88
208.00	4144.00	-0.70	-14.92
240.00	4144.00	0.15	-15.29
272.00	4144.00	-0.03	-15.14
304.00	4144.00	-0.04	-15.17
336.00	4144.00	-0.05	-15.12
368.00	4144.00	0.03	-15.15
400.00	4144.00	0.20	-15.25
432.00	4144.00	0.38	-15.34
464.00	4144.00	0.42	-15.34
496.00	4144.00	0.37	-15.27
528.00	4144.00	0.28	-15.24
560.00	4144.00	0.18	-15.33
592.00	4144.00	0.12	-15.43
624.00	4144.00	0.11	-15.52
656.00	4144.00	0.16	-15.51
688.00	4144.00	0.15	-15.45
720.00	4144.00	0.11	-15.37
752.00	4144.00	0.15	-15.31
784.00	4144.00	0.27	-15.25
816.00	4144.00	0.30	-15.16
848.00	4144.00	0.26	-15.09
880.00	4144.00	0.17	-15.14
912.00	4144.00	0.07	-15.27
944.00	4144.00	-0.01	-15.41
976.00	4144.00	0.03	-15.41
1008.00	4144.00	0.14	-15.25
1040.00	4144.00	0.17	-15.17
1072.00	4144.00	0.12	-15.15
1104.00	4144.00	0.05	-15.21
1136.00	4144.00	0.09	-15.15
1168.00	4144.00	0.10	-15.09
1200.00	4144.00	0.08	-15.09
1232.00	4144.00	0.04	-15.17
1264.00	4144.00	0.01	-15.28
1296.00	4144.00	0.12	-15.42
1328.00	4144.00	0.18	-15.50
1360.00	4144.00	0.20	-15.46
1392.00	4144.00	0.14	-15.36
1424.00	4144.00	0.06	-15.30
1456.00	4144.00	0.03	-15.37
1488.00	4144.00	0.02	-15.45
1520.00	4144.00	0.00	-15.43
1552.00	4144.00	0.02	-15.32
1584.00	4144.00	0.03	-15.20
1616.00	4144.00	0.00	-15.14
1648.00	4144.00	-0.04	-15.15
1680.00	4144.00	-0.02	-15.11
1712.00	4144.00	0.04	-14.95
1744.00	4144.00	0.05	-14.82
1776.00	4144.00	-0.03	-14.85
1808.00	4144.00	-0.10	-15.05
1840.00	4144.00	-0.13	-15.20
1872.00	4144.00	-0.10	-15.22
1904.00	4144.00	-0.11	-15.15
1936.00	4144.00	-0.17	-15.17
1968.00	4144.00	-0.27	-15.24
2000.00	4144.00	-0.30	-15.29
2032.00	4144.00	-0.38	-15.20
2064.00	4144.00	-0.36	-15.09
2096.00	4144.00	-0.39	-15.04
2128.00	4144.00	-0.40	-15.11
2160.00	4144.00	-0.50	-15.18
2192.00	4144.00	-0.56	-15.26
2224.00	4144.00	-0.45	-15.29
2256.00	4144.00	-0.35	-15.34
2288.00	4144.00	-0.33	-15.28
2320.00	4144.00	-0.44	-15.14
2352.00	4144.00	-0.52	-14.98
2384.00	4144.00	-0.54	-14.93
2416.00	4144.00	-0.60	-14.86
2448.00	4144.00	-0.56	-14.74
2480.00	4144.00	-0.46	-14.61
2512.00	4144.00	-0.38	-14.59
2544.00	4144.00	-0.37	-14.67
2576.00	4144.00	-0.34	-14.79
2608.00	4144.00	-0.32	-14.80
2640.00	4144.00	-0.27	-14.75
2672.00	4144.00	-0.23	-14.71
2704.00	4144.00	-0.14	-14.68
2736.00	4144.00	-0.12	-14.31
2768.00	4144.00	-0.24	-13.78
2800.00	4144.00	-0.43	-13.36
2832.00	4144.00	-0.48	-13.37
2864.00	4144.00	-0.46	-13.44
2896.00	4144.00	-0.36	-13.51
2928.00	4144.00	-0.38	-13.65
2960.00	4144.00	-0.35	-13.82
2992.00	4144.00	-0.36	-13.80
3024.00	4144.00	-0.47	-13.34
3056.00	4144.00	-0.68	-12.64
3088.00	4144.00	-0.60	-12.11
3120.00	4144.00	-0.47	-11.98
3152.00	4144.00	-0.34	-12.16
3184.00	4144.00	-0.38	-12.27
3216.00	4144.00	-0.33	-12.23
3248.00	4144.00	-0.28	-12.03
3280.00	4144.00	-0.22	-11.58
3312.00	4144.00	-0.16	-11.18
3344.00	4144.00	-0.10	-11.07
3376.00	4144.00	-0.16	-11.36
3408.00	4144.00	-0.33	-11.70
3440.00	4144.00	-0.52	-11.74
3472.00	4144.00	-0.63	-11.74
3504.00	4144.00	-0.61	-11.62
3536.00	4144.00	-0.61	-11.47
3568.00	4144.00	-0.47	-11.31
3600.00	4144.00	-0.52	-11.24
3632.00	4144.00	-0.68	-11.32
3664.00	4144.00	-0.93	-11.35
3696.00	4144.00	-0.93	-11.46
3728.00	4144.00	-0.70	-11.54
3760.00	4144.00	-0.39	-11.66
3792.00	4144.00	-0.24	-11.66
3824.00	4144.00	-0.24	-11.67
3856.00	4144.00	-0.40	-11.52
3888.00	4144.00	-0.47	-11.31
3920.00	4144.00	-0.54	-11.15
3952.00	4144.00	-0.52	-11.15
3984.00	4144.00	-0.25	-11.19
4016.00	4144.00	0.03	-11.54
4048.00	4144.00	0.12	-11.85
4080.00	4144.00	-0.25	-11.93
4112.00	4144.00	-0.40	-11.61
4144.00	4144.00	-0.42	-11.31
4176.00	4144.00	-0.22	-11.27
4208.00	4144.00	-0.10	-11.22
4240.00	4144.00	-0.08	-11.05
4272.00	4144.00	-0.16	-10.86
4304.00	4144.00	-0.21	-10.78
4336.00	4144.00	-0.20	-10.76
4368.00	4144.00	-0.25	-10.76
4400.00	4144.00	-0.40	-10.71
4432.00	4144.00	-0.50	-10.78
4464.00	4144.00	-0.48	-10.91
4496.00	4144.00	-0.46	-10.99
4528.00	4144.00	-0.51	-10.95
4560.00	4144.00	-0.51	-10.86
4592.00	4144.00	-0.35	-11.10
4624.00	4144.00	-0.02	-11.43
4656.00	4144.00	0.15	-11.63
4688.00	4144.00	0.15	-11.46
4720.00	4144.00	0.09	-11.24
4752.00	4144.00	0.16	-11.09
4784.00	4144.00	0.17	-11.02
4816.00	4144.00	0.19	-11.02
4848.00	4144.00	0.27	-11.10
4880.00	4144.00	0.31	-11.12
4912.00	4144.00	0.29	-11.07
4944.00	4144.00	0.32	-10.92
4976.00	4144.00	0.47	-10.82
5008.00	4144.00	0.53	-10.72
5040.00	4144.00	0.39	-10.68
5072.00	4144.00	0.34	-10.65
5104.00	4144.00	0.57	-10.79
5136.00	4144.00	0.80	-10.94
5168.00	4144.00	0.75	-10.98
5200.00	4144.00	0.35	-10.92
5232.00	4144.00	0.07	-10.93
5264.00	4144.00	0.10	-10.99
5296.00	4144.00	0.29	-11.01
5328.00	4144.00	0.42	-11.26
5360.00	4144.00	0.44	-11.56
5392.00	4144.00	0.53	-11.65
5424.00	4144.00	0.66	-11.40
5456.00	4144.00	0.60	-11.05
5488.00	4144.00	0.42	-10.81
5520.00	4144.00	0.15	-10.38
5552.00	4144.00	0.06	-9.91
5584.00	4144.00	-0.01	-9.53
5616.00	4144.00	-0.05	-9.27
5648.00	4144.00	-0.25	-9.05
5680.00	4144.00	-0.34	-8.79
5712.00	4144.00	-0.24	-8.59
5744.00	4144.00	0.06	-8.17
5776.00	4144.00	0.32	-7.70
5808.00	4144.00	0.31	-6.97
5840.00	4144.00	0.18	-6.22
5872.00	4144.00	0.04	-5.65
5904.00	4144.00	0.00	-5.16
5936.00	4144.00	0.04	-4.18
5968.00	4144.00	0.20	-2.58
6000.00	4144.00	0.34	-1.02
6032.00	4144.00	0.41	-0.25
6064.00	4144.00	0.35	-0.61
6096.00	4144.00	0.39	-2.25
6128.00	4144.00	0.49	-3.93
6160.00	4144.00	0.64	-5.08
6192.00	4144.00	0.67	-5.30
6224.00	4144.00	0.58	-5.68
6256.00	4144.00	0.42	-6.32
6288.00	4144.00	0.26	-7.37
6320.00	4144.00	0.23	-8.28
6352.00	4144.00	0.27	-8.93
6384.00	4144.00	0.51	-8.95
6416.00	4144.00	0.61	-8.97
6448.00	4144.00	0.77	-8.84
6480.00	4144.00	0.55	-9.02
6512.00	4144.00	-0.29	-9.74
6544.00	4144.00	-1.15	-10.70
6576.00	4144.00	-1.83	-11.39
16.00	4176.00	-1.05	-22.23
48.00	4176.00	-3.00	-23.01
80.00	4176.00	-2.93	-21.05
112.00	4176.00	-1.94	-18.67
144.00	4176.00	-0.66	-15.23
176.00	4176.00	-0.24	-14.76
208.00	4176.00	-1.41	-14.96
240.00	4176.00	-0.39	-15.28
272.00	4176.00	-0.09	-15.10
304.00	4176.00	0.04	-15.11
336.00	4176.00	0.03	-15.10
368.00	4176.00	0.08	-15.21
400.00	4176.00	0.18	-15.33
432.00	4176.00	0.34	-15.38
464.00	4176.00	0.40	-15.26
496.00	4176.00	0.41	-15.16
528.00	4176.00	0.34	-15.19
560.00	4176.00	0.25	-15.34
592.00	4176.00	0.18	-15.42
624.00	4176.00	0.12	-15.41
656.00	4176.00	0.16	-15.33
688.00	4176.00	0.14	-15.23
720.00	4176.00	0.12	-15.16
752.00	4176.00	0.14	-15.11
784.00	4176.00	0.29	-15.09
816.00	4176.00	0.39	-15.07
848.00	4176.00	0.41	-15.10
880.00	4176.00	0.32	-15.19
912.00	4176.00	0.19	-15.28
944.00	4176.00	0.12	-15.35
976.00	4176.00	0.17	-15.32
1008.00	4176.00	0.28	-15.24
1040.00	4176.00	0.25	-15.23
1072.00	4176.00	0.11	-15.29
1104.00	4176.00	0.01	-15.32
1136.00	4176.00	0.06	-15.29
1168.00	4176.00	0.15	-15.25
1200.00	4176.00	0.14	-15.19
1232.00	4176.00	0.08	-15.16
1264.00	4176.00	-0.03	-15.23
1296.00	4176.00	0.01	-15.43
1328.00	4176.00	0.06	-15.60
1360.00	4176.00	0.12	-15.56
1392.00	4176.00	0.10	-15.50
1424.00	4176.00	0.04	-15.39
1456.00	4176.00	0.04	-15.40
1488.00	4176.00	0.05	-15.41
1520.00	4176.00	0.04	-15.34
1552.00	4176.00	0.07	-15.26
1584.00	4176.00	0.10	-15.17
1616.00	4176.00	0.08	-15.18
1648.00	4176.00	0.02	-15.18
1680.00	4176.00	-0.03	-15.14
1712.00	4176.00	-0.01	-15.05
1744.00	4176.00	0.03	-15.00
1776.00	4176.00	-0.02	-15.04
1808.00	4176.00	-0.07	-15.16
1840.00	4176.00	-0.10	-15.22
1872.00	4176.00	-0.06	-15.16
1904.00	4176.00	-0.03	-15.07
1936.00	4176.00	-0.08	-15.14
1968.00	4176.00	-0.21	-15.26
2000.00	4176.00	-0.33	-15.30
2032.00	4176.00	-0.44	-15.13
2064.00	4176.00	-0.36	-15.01
2096.00	4176.00	-0.31	-14.99
2128.00	4176.00	-0.30	-15.03
2160.00	4176.00	-0.41	-15.08
2192.00	4176.00	-0.46	-15.17
2224.00	4176.00	-0.36	-15.27
2256.00	4176.00	-0.30	-15.35
2288.00	4176.00	-0.36	-15.31
2320.00	4176.00	-0.49	-15.16
2352.00	4176.00	-0.59	-14.93
2384.00	4176.00	-0.59	-14.81
2416.00	4176.00	-0.62	-14.78
2448.00	4176.00	-0.55	-14.72
2480.00	4176.00	-0.47	-14.62
2512.00	4176.00	-0.34	-14.52
2544.00	4176.00	-0.32	-14.49
2576.00	4176.00	-0.30	-14.49
2608.00	4176.00	-0.33	-14.52
2640.00	4176.00	-0.30	-14.54
2672.00	4176.00	-0.26	-14.54
2704.00	4176.00	-0.18	-14.54
2736.00	4176.00	-0.11	-14.27
2768.00	4176.00	-0.15	-13.93
2800.00	4176.00	-0.27	-13.62
2832.00	4176.00	-0.33	-13.54
2864.00	4176.00	-0.41	-13.40
2896.00	4176.00	-0.39	-13.35
2928.00	4176.00	-0.45	-13.40
2960.00	4176.00	-0.44	-13.61
2992.00	4176.00	-0.42	-13.69
3024.00	4176.00	-0.42	-13.43
3056.00	4176.00	-0.46	-13.00
3088.00	4176.00	-0.44	-12.66
3120.00	4176.00	-0.35	-12.65
3152.00	4176.00	-0.34	-12.78
3184.00	4176.00	-0.38	-12.74
3216.00	4176.00	-0.40	-12.49
3248.00	4176.00	-0.38	-12.07
3280.00	4176.00	-0.32	-11.62
3312.00	4176.00	-0.24	-11.34
3344.00	4176.00	-0.18	-11.28
3376.00	4176.00	-0.26	-11.49
3408.00	4176.00	-0.42	-11.74
3440.00	4176.00	-0.54	-11.80
3472.00	4176.00	-0.49	-11.74
3504.00	4176.00	-0.39	-11.60
3536.00	4176.00	-0.48	-11.49
3568.00	4176.00	-0.49	-11.39
3600.00	4176.00	-0.58	-11.30
3632.00	4176.00	-0.62	-11.29
3664.00	4176.00	-0.79	-11.42
3696.00	4176.00	-0.77	-11.70
3728.00	4176.00	-0.56	-11.87
3760.00	4176.00	-0.26	-12.03
3792.00	4176.00	-0.14	-11.95
3824.00	4176.00	-0.17	-11.85
3856.00	4176.00	-0.35	-11.53
3888.00	4176.00	-0.37	-11.31
3920.00	4176.00	-0.27	-11.25
3952.00	4176.00	-0.07	-11.39
3984.00	4176.00	0.05	-11.25
4016.00	4176.00	0.06	-11.43
4048.00	4176.00	-0.01	-11.69
4080.00	4176.00	-0.18	-12.01
4112.00	4176.00	-0.18	-11.76
4144.00	4176.00	-0.09	-11.37
4176.00	4176.00	0.11	-11.26
4208.00	4176.00	0.17	-11.35
4240.00	4176.00	-0.07	-11.20
4272.00	4176.00	-0.33	-10.94
4304.00	4176.00	-0.34	-10.81
4336.00	4176.00	-0.18	-10.82
4368.00	4176.00	-0.09	-10.88
4400.00	4176.00	-0.19	-10.78
4432.00	4176.00	-0.24	-10.74
4464.00	4176.00	-0.21	-10.91
4496.00	4176.00	-0.25	-11.09
4528.00	4176.00	-0.52	-11.14
4560.00	4176.00	-0.68	-11.05
4592.00	4176.00	-0.56	-11.19
4624.00	4176.00	-0.18	-11.36
4656.00	4176.00	0.03	-11.40
4688.00	4176.00	0.08	-11.27
4720.00	4176.00	0.09	-11.22
4752.00	4176.00	0.14	-11.24
4784.00	4176.00	0.11	-11.16
4816.00	4176.00	0.18	-11.07
4848.00	4176.00	0.33	-11.02
4880.00	4176.00	0.36	-10.99
4912.00	4176.00	0.32	-10.94
4944.00	4176.00	0.30	-10.82
4976.00	4176.00	0.43	-10.74
5008.00	4176.00	0.44	-10.68
5040.00	4176.00	0.31	-10.66
5072.00	4176.00	0.28	-10.68
5104.00	4176.00	0.48	-10.78
5136.00	4176.00	0.66	-10.83
5168.00	4176.00	0.62	-10.84
5200.00	4176.00	0.31	-10.78
5232.00	4176.00	0.07	-10.83
5264.00	4176.00	0.11	-10.89
5296.00	4176.00	0.33	-10.94
5328.00	4176.00	0.50	-11.14
5360.00	4176.00	0.59	-11.33
5392.00	4176.00	0.63	-11.34
5424.00	4176.00	0.73	-11.18
5456.00	4176.00	0.62	-10.96
5488.00	4176.00	0.42	-10.79
5520.00	4176.00	0.13	-10.32
5552.00	4176.00	0.10	-9.77
5584.00	4176.00	0.19	-9.41
5616.00	4176.00	0.24	-9.33
5648.00	4176.00	0.04	-9.25
5680.00	4176.00	-0.17	-8.95
5712.00	4176.00	-0.22	-8.53
5744.00	4176.00	-0.03	-8.05
5776.00	4176.00	0.15	-7.60
5808.00	4176.00	0.21	-7.00
5840.00	4176.00	0.19	-6.23
5872.00	4176.00	0.18	-5.67
5904.00	4176.00	0.17	-5.14
5936.00	4176.00	0.11	-4.08
5968.00	4176.00	0.21	-2.48
6000.00	4176.00	0.32	-0.91
6032.00	4176.00	0.42	-0.22
6064.00	4176.00	0.37	-0.35
6096.00	4176.00	0.47	-1.84
6128.00	4176.00	0.63	-3.85
6160.00	4176.00	0.79	-5.24
6192.00	4176.00	0.78	-5.61
6224.00	4176.00	0.65	-5.59
6256.00	4176.00	0.45	-6.14
6288.00	4176.00	0.30	-6.96
6320.00	4176.00	0.33	-7.90
6352.00	4176.00	0.50	-8.66
6384.00	4176.00	0.73	-8.98
6416.00	4176.00	0.74	-9.10
6448.00	4176.00	0.71	-9.02
6480.00	4176.00	0.48	-9.25
6512.00	4176.00	-0.17	-9.76
6544.00	4176.00	-0.90	-10.50
6576.00	4176.00	-1.48	-10.92
16.00	4208.00	-4.02	-20.34
48.00	4208.00	-1.75	-20.97
80.00	4208.00	3.74	-18.17
112.00	4208.00	5.85	-15.39
144.00	4208.00	3.89	-12.66
176.00	4208.00	0.70	-13.44
208.00	4208.00	-1.96	-14.60
240.00	4208.00	-1.10	-14.88
272.00	4208.00	-0.42	-15.09
304.00	4208.00	-0.18	-15.04
336.00	4208.00	-0.01	-15.15
368.00	4208.00	0.04	-15.24
400.00	4208.00	0.05	-15.34
432.00	4208.00	0.17	-15.41
464.00	4208.00	0.30	-15.29
496.00	4208.00	0.38	-15.19
528.00	4208.00	0.37	-15.23
560.00	4208.00	0.32	-15.37
592.00	4208.00	0.27	-15.38
624.00	4208.00	0.15	-15.24
656.00	4208.00	0.14	-15.10
688.00	4208.00	0.08	-15.02
720.00	4208.00	0.12	-15.01
752.00	4208.00	0.15	-14.99
784.00	4208.00	0.27	-15.01
816.00	4208.00	0.38	-15.05
848.00	4208.00	0.38	-15.12
880.00	4208.00	0.30	-15.22
912.00	4208.00	0.20	-15.29
944.00	4208.00	0.16	-15.30
976.00	4208.00	0.21	-15.26
1008.00	4208.00	0.26	-15.26
1040.00	4208.00	0.23	-15.34
1072.00	4208.00	0.10	-15.44
1104.00	4208.00	0.03	-15.37
1136.00	4208.00	0.08	-15.30
1168.00	4208.00	0.16	-15.25
1200.00	4208.00	0.17	-15.25
1232.00	4208.00	0.13	-15.21
1264.00	4208.00	0.02	-15.19
1296.00	4208.00	-0.02	-15.25
1328.00	4208.00	-0.04	-15.36
1360.00	4208.00	0.01	-15.39
1392.00	4208.00	0.04	-15.46
1424.00	4208.00	0.05	-15.45
1456.00	4208.00	0.11	-15.46
1488.00	4208.00	0.13	-15.43
1520.00	4208.00	0.11	-15.33
1552.00	4208.00	0.11	-15.30
1584.00	4208.00	0.16	-15.29
1616.00	4208.00	0.17	-15.36
1648.00	4208.00	0.08	-15.36
1680.00	4208.00	-0.03	-15.29
1712.00	4208.00	-0.06	-15.20
1744.00	4208.00	-0.04	-15.15
1776.00	4208.00	-0.09	-15.19
1808.00	4208.00	-0.16	-15.24
1840.00	4208.00	-0.23	-15.17
1872.00	4208.00	-0.17	-15.03
1904.00	4208.00	-0.06	-14.99
1936.00	4208.00	-0.04	-15.16
1968.00	4208.00	-0.18	-15.26
2000.00	4208.00	-0.37	-15.19
2032.00	4208.00	-0.44	-15.00
2064.00	4208.00	-0.31	-14.97
2096.00	4208.00	-0.18	-15.04
2128.00	4208.00	-0.17	-15.09
2160.00	4208.00	-0.29	-15.11
2192.00	4208.00	-0.36	-15.16
2224.00	4208.00	-0.33	-15.20
2256.00	4208.00	-0.37	-15.18
2288.00	4208.00	-0.41	-15.20
2320.00	4208.00	-0.48	-15.14
2352.00	4208.00	-0.50	-14.96
2384.00	4208.00	-0.53	-14.76
2416.00	4208.00	-0.54	-14.71
2448.00	4208.00	-0.48	-14.71
2480.00	4208.00	-0.40	-14.67
2512.00	4208.00	-0.29	-14.53
2544.00	4208.00	-0.31	-14.43
2576.00	4208.00	-0.34	-14.34
2608.00	4208.00	-0.35	-14.39
2640.00	4208.00	-0.26	-14.50
2672.00	4208.00	-0.16	-14.59
2704.00	4208.00	-0.13	-14.55
2736.00	4208.00	-0.13	-14.36
2768.00	4208.00	-0.17	-14.15
2800.00	4208.00	-0.25	-13.89
2832.00	4208.00	-0.31	-13.69
2864.00	4208.00	-0.40	-13.45
2896.00	4208.00	-0.36	-13.47
2928.00	4208.00	-0.37	-13.53
2960.00	4208.00	-0.38	-13.64
2992.00	4208.00	-0.37	-13.55
3024.00	4208.00	-0.31	-13.29
3056.00	4208.00	-0.26	-13.08
3088.00	4208.00	-0.29	-13.01
3120.00	4208.00	-0.28	-13.20
3152.00	4208.00	-0.31	-13.27
3184.00	4208.00	-0.35	-13.11
3216.00	4208.00	-0.42	-12.68
3248.00	4208.00	-0.41	-12.19
3280.00	4208.00	-0.34	-11.72
3312.00	4208.00	-0.31	-11.48
3344.00	4208.00	-0.29	-11.45
3376.00	4208.00	-0.44	-11.64
3408.00	4208.00	-0.63	-11.83
3440.00	4208.00	-0.70	-11.89
3472.00	4208.00	-0.54	-11.77
3504.00	4208.00	-0.38	-11.68
3536.00	4208.00	-0.59	-11.72
3568.00	4208.00	-0.73	-11.69
3600.00	4208.00	-0.82	-11.47
3632.00	4208.00	-0.76	-11.29
3664.00	4208.00	-0.82	-11.48
3696.00	4208.00	-0.77	-11.85
3728.00	4208.00	-0.59	-11.97
3760.00	4208.00	-0.25	-12.05
3792.00	4208.00	-0.03	-11.96
3824.00	4208.00	-0.09	-11.79
3856.00	4208.00	-0.35	-11.36
3888.00	4208.00	-0.46	-11.12
3920.00	4208.00	-0.20	-11.23
3952.00	4208.00	0.18	-11.54
3984.00	4208.00	0.21	-11.28
4016.00	4208.00	-0.06	-11.18
4048.00	4208.00	-0.34	-11.17
4080.00	4208.00	-0.35	-11.50
4112.00	4208.00	-0.10	-11.33
4144.00	4208.00	0.07	-11.00
4176.00	4208.00	0.18	-10.97
4208.00	4208.00	0.18	-11.27
4240.00	4208.00	-0.04	-11.31
4272.00	4208.00	-0.25	-11.08
4304.00	4208.00	-0.22	-10.88
4336.00	4208.00	-0.01	-10.84
4368.00	4208.00	0.12	-10.93
4400.00	4208.00	0.07	-10.85
4432.00	4208.00	-0.00	-10.74
4464.00	4208.00	0.00	-10.86
4496.00	4208.00	-0.11	-11.11
4528.00	4208.00	-0.40	-11.29
4560.00	4208.00	-0.59	-11.29
4592.00	4208.00	-0.54	-11.28
4624.00	4208.00	-0.29	-11.23
4656.00	4208.00	-0.14	-11.08
4688.00	4208.00	-0.08	-11.01
4720.00	4208.00	-0.00	-11.16
4752.00	4208.00	0.01	-11.33
4784.00	4208.00	-0.02	-11.29
4816.00	4208.00	0.08	-11.15
4848.00	4208.00	0.29	-11.03
4880.00	4208.00	0.33	-10.96
4912.00	4208.00	0.30	-10.86
4944.00	4208.00	0.31	-10.72
4976.00	4208.00	0.44	-10.62
5008.00	4208.00	0.46	-10.61
5040.00	4208.00	0.38	-10.69
5072.00	4208.00	0.40	-10.80
5104.00	4208.00	0.49	-10.83
5136.00	4208.00	0.56	-10.75
5168.00	4208.00	0.50	-10.74
5200.00	4208.00	0.34	-10.75
5232.00	4208.00	0.19	-10.82
5264.00	4208.00	0.24	-10.90
5296.00	4208.00	0.38	-10.95
5328.00	4208.00	0.48	-11.07
5360.00	4208.00	0.60	-11.13
5392.00	4208.00	0.64	-11.16
5424.00	4208.00	0.71	-11.20
5456.00	4208.00	0.59	-11.11
5488.00	4208.00	0.42	-10.96
5520.00	4208.00	0.20	-10.49
5552.00	4208.00	0.20	-9.98
5584.00	4208.00	0.34	-9.58
5616.00	4208.00	0.35	-9.38
5648.00	4208.00	0.14	-9.18
5680.00	4208.00	-0.06	-8.91
5712.00	4208.00	-0.06	-8.53
5744.00	4208.00	0.12	-8.23
5776.00	4208.00	0.14	-7.84
5808.00	4208.00	0.13	-7.22
5840.00	4208.00	0.09	-6.29
5872.00	4208.00	0.22	-5.70
5904.00	4208.00	0.31	-5.12
5936.00	4208.00	0.22	-3.99
5968.00	4208.00	0.19	-2.31
6000.00	4208.00	0.24	-0.80
6032.00	4208.00	0.36	-0.22
6064.00	4208.00	0.33	-0.09
6096.00	4208.00	0.47	-1.36
6128.00	4208.00	0.64	-3.34
6160.00	4208.00	0.74	-5.18
6192.00	4208.00	0.64	-5.83
6224.00	4208.00	0.50	-5.66
6256.00	4208.00	0.47	-5.98
6288.00	4208.00	0.46	-6.68
6320.00	4208.00	0.58	-7.70
6352.00	4208.00	0.71	-8.46
6384.00	4208.00	0.81	-8.87
6416.00	4208.00	0.74	-9.05
6448.00	4208.00	0.63	-8.96
6480.00	4208.00	0.40	-9.19
6512.00	4208.00	-0.03	-9.56
6544.00	4208.00	-0.56	-10.23
6576.00	4208.00	-0.88	-10.45
16.00	4240.00	-11.81	-23.12
48.00	4240.00	-3.86	-20.95
80.00	4240.00	7.24	-17.72
112.00	4240.00	14.40	-11.53
144.00	4240.00	9.44	-10.52
176.00	4240.00	2.61	-12.23
208.00	4240.00	-2.31	-14.32
240.00	4240.00	-1.77	-14.56
272.00	4240.00	-0.91	-14.93
304.00	4240.00	-0.55	-14.87
336.00	4240.00	-0.15	-15.15
368.00	4240.00	0.03	-15.26
400.00	4240.00	0.02	-15.33
432.00	4240.00	0.10	-15.39
464.00	4240.00	0.21	-15.33
496.00	4240.00	0.32	-15.25
528.00	4240.00	0.36	-15.27
560.00	4240.00	0.32	-15.31
592.00	4240.00	0.25	-15.19
624.00	4240.00	0.10	-14.92
656.00	4240.00	0.08	-14.78
688.00	4240.00	0.05	-14.83
720.00	4240.00	0.14	-14.98
752.00	4240.00	0.18	-15.05
784.00	4240.00	0.24	-15.11
816.00	4240.00	0.29	-15.18
848.00	4240.00	0.23	-15.23
880.00	4240.00	0.16	-15.25
912.00	4240.00	0.12	-15.27
944.00	4240.00	0.13	-15.27
976.00	4240.00	0.18	-15.22
1008.00	4240.00	0.17	-15.18
1040.00	4240.00	0.13	-15.28
1072.00	4240.00	0.07	-15.42
1104.00	4240.00	0.06	-15.38
1136.00	4240.00	0.12	-15.29
1168.00	4240.00	0.17	-15.24
1200.00	4240.00	0.17	-15.30
1232.00	4240.00	0.15	-15.32
1264.00	4240.00	0.09	-15.28
1296.00	4240.00	0.03	-15.21
1328.00	4240.00	-0.03	-15.17
1360.00	4240.00	-0.07	-15.18
1392.00	4240.00	-0.04	-15.33
1424.00	4240.00	0.03	-15.43
1456.00	4240.00	0.13	-15.47
1488.00	4240.00	0.14	-15.44
1520.00	4240.00	0.08	-15.35
1552.00	4240.00	0.03	-15.31
1584.00	4240.00	0.08	-15.27
1616.00	4240.00	0.15	-15.34
1648.00	4240.00	0.08	-15.38
1680.00	4240.00	-0.05	-15.38
1712.00	4240.00	-0.14	-15.30
1744.00	4240.00	-0.16	-15.26
1776.00	4240.00	-0.22	-15.30
1808.00	4240.00	-0.29	-15.30
1840.00	4240.00	-0.36	-15.15
1872.00	4240.00	-0.24	-15.07
1904.00	4240.00	-0.12	-15.16
1936.00	4240.00	-0.06	-15.35
1968.00	4240.00	-0.18	-15.32
2000.00	4240.00	-0.33	-15.11
2032.00	4240.00	-0.37	-14.93
2064.00	4240.00	-0.24	-15.00
2096.00	4240.00	-0.13	-15.13
2128.00	4240.00	-0.15	-15.15
2160.00	4240.00	-0.28	-15.10
2192.00	4240.00	-0.38	-15.10
2224.00	4240.00	-0.38	-15.16
2256.00	4240.00	-0.42	-15.11
2288.00	4240.00	-0.36	-15.17
2320.00	4240.00	-0.34	-15.12
2352.00	4240.00	-0.28	-14.97
2384.00	4240.00	-0.33	-14.72
2416.00	4240.00	-0.36	-14.69
2448.00	4240.00	-0.33	-14.72
2480.00	4240.00	-0.29	-14.70
2512.00	4240.00	-0.24	-14.53
2544.00	4240.00	-0.34	-14.43
2576.00	4240.00	-0.45	-14.37
2608.00	4240.00	-0.45	-14.46
2640.00	4240.00	-0.28	-14.58
2672.00	4240.00	-0.11	-14.66
2704.00	4240.00	-0.06	-14.66
2736.00	4240.00	-0.05	-14.55
2768.00	4240.00	-0.11	-14.40
2800.00	4240.00	-0.23	-14.12
2832.00	4240.00	-0.35	-13.85
2864.00	4240.00	-0.41	-13.59
2896.00	4240.00	-0.28	-13.66
2928.00	4240.00	-0.16	-13.73
2960.00	4240.00	-0.19	-13.71
2992.00	4240.00	-0.22	-13.44
3024.00	4240.00	-0.16	-13.17
3056.00	4240.00	-0.10	-13.10
3088.00	4240.00	-0.22	-13.13
3120.00	4240.00	-0.27	-13.30
3152.00	4240.00	-0.26	-13.34
3184.00	4240.00	-0.18	-13.22
3216.00	4240.00	-0.21	-12.81
3248.00	4240.00	-0.22	-12.31
3280.00	4240.00	-0.21	-11.86
3312.00	4240.00	-0.28	-11.60
3344.00	4240.00	-0.33	-11.50
3376.00	4240.00	-0.49	-11.60
3408.00	4240.00	-0.63	-11.84
3440.00	4240.00	-0.71	-11.99
3472.00	4240.00	-0.61	-11.93
3504.00	4240.00	-0.58	-11.81
3536.00	4240.00	-0.81	-11.81
3568.00	4240.00	-1.00	-11.73
3600.00	4240.00	-1.05	-11.53
3632.00	4240.00	-0.90	-11.44
3664.00	4240.00	-0.88	-11.72
3696.00	4240.00	-0.88	-12.05
3728.00	4240.00	-0.78	-11.98
3760.00	4240.00	-0.49	-11.83
3792.00	4240.00	-0.17	-11.60
3824.00	4240.00	-0.21	-11.35
3856.00	4240.00	-0.49	-11.01
3888.00	4240.00	-0.67	-10.86
3920.00	4240.00	-0.38	-11.14
3952.00	4240.00	0.08	-11.55
3984.00	4240.00	0.05	-11.44
4016.00	4240.00	-0.38	-11.05
4048.00	4240.00	-0.72	-10.71
4080.00	4240.00	-0.60	-10.79
4112.00	4240.00	-0.24	-10.79
4144.00	4240.00	-0.08	-10.71
4176.00	4240.00	0.00	-10.78
4208.00	4240.00	0.07	-11.16
4240.00	4240.00	0.02	-11.29
4272.00	4240.00	-0.04	-11.11
4304.00	4240.00	-0.02	-10.81
4336.00	4240.00	0.08	-10.68
4368.00	4240.00	0.13	-10.74
4400.00	4240.00	0.10	-10.75
4432.00	4240.00	0.07	-10.64
4464.00	4240.00	0.10	-10.67
4496.00	4240.00	0.01	-10.83
4528.00	4240.00	-0.18	-11.16
4560.00	4240.00	-0.33	-11.31
4592.00	4240.00	-0.40	-11.38
4624.00	4240.00	-0.33	-11.25
4656.00	4240.00	-0.29	-10.99
4688.00	4240.00	-0.21	-10.88
4720.00	4240.00	-0.11	-11.04
4752.00	4240.00	-0.07	-11.31
4784.00	4240.00	-0.10	-11.37
4816.00	4240.00	-0.03	-11.24
4848.00	4240.00	0.16	-11.09
4880.00	4240.00	0.21	-10.99
4912.00	4240.00	0.23	-10.91
4944.00	4240.00	0.27	-10.76
4976.00	4240.00	0.39	-10.61
5008.00	4240.00	0.43	-10.59
5040.00	4240.00	0.45	-10.79
5072.00	4240.00	0.48	-10.95
5104.00	4240.00	0.48	-10.93
5136.00	4240.00	0.49	-10.76
5168.00	4240.00	0.48	-10.72
5200.00	4240.00	0.50	-10.77
5232.00	4240.00	0.37	-10.88
5264.00	4240.00	0.38	-10.96
5296.00	4240.00	0.43	-11.03
5328.00	4240.00	0.50	-11.05
5360.00	4240.00	0.65	-11.07
5392.00	4240.00	0.71	-11.13
5424.00	4240.00	0.79	-11.30
5456.00	4240.00	0.64	-11.32
5488.00	4240.00	0.43	-11.18
5520.00	4240.00	0.26	-10.78
5552.00	4240.00	0.28	-10.32
5584.00	4240.00	0.33	-9.82
5616.00	4240.00	0.23	-9.29
5648.00	4240.00	0.03	-8.94
5680.00	4240.00	0.00	-8.79
5712.00	4240.00	0.13	-8.64
5744.00	4240.00	0.33	-8.45
5776.00	4240.00	0.31	-8.26
5808.00	4240.00	0.20	-7.59
5840.00	4240.00	0.08	-6.61
5872.00	4240.00	0.18	-5.74
5904.00	4240.00	0.32	-5.11
5936.00	4240.00	0.28	-4.07
5968.00	4240.00	0.18	-2.41
6000.00	4240.00	0.18	-0.94
6032.00	4240.00	0.27	-0.28
6064.00	4240.00	0.28	-0.18
6096.00	4240.00	0.40	-1.26
6128.00	4240.00	0.59	-3.16
6160.00	4240.00	0.66	-5.02
6192.00	4240.00	0.51	-5.96
6224.00	4240.00	0.36	-5.96
6256.00	4240.00	0.45	-6.35
6288.00	4240.00	0.62	-7.00
6320.00	4240.00	0.74	-7.83
6352.00	4240.00	0.71	-8.44
6384.00	4240.00	0.64	-8.80
6416.00	4240.00	0.57	-8.98
6448.00	4240.00	0.47	-8.90
6480.00	4240.00	0.24	-8.96
6512.00	4240.00	0.35	-9.16
6544.00	4240.00	0.25	-9.65
6576.00	4240.00	0.46	-9.84
16.00	4272.00	-17.96	-24.81
48.00	4272.00	-10.94	-24.92
80.00	4272.00	2.03	-22.93
112.00	4272.00	12.64	-15.37
144.00	4272.00	11.26	-11.30
176.00	4272.00	4.58	-11.81
208.00	4272.00	-1.50	-14.17
240.00	4272.00	-1.57	-14.75
272.00	4272.00	-1.20	-15.00
304.00	4272.00	-0.88	-14.90
336.00	4272.00	-0.48	-15.08
368.00	4272.00	-0.11	-15.13
400.00	4272.00	-0.01	-15.15
432.00	4272.00	0.09	-15.15
464.00	4272.00	0.19	-15.16
496.00	4272.00	0.32	-15.17
528.00	4272.00	0.36	-15.19
560.00	4272.00	0.31	-15.18
592.00	4272.00	0.19	-15.03
624.00	4272.00	0.05	-14.78
656.00	4272.00	0.05	-14.67
688.00	4272.00	0.08	-14.78
720.00	4272.00	0.18	-15.05
752.00	4272.00	0.21	-15.20
784.00	4272.00	0.23	-15.30
816.00	4272.00	0.21	-15.35
848.00	4272.00	0.11	-15.35
880.00	4272.00	0.01	-15.33
912.00	4272.00	-0.00	-15.30
944.00	4272.00	0.04	-15.24
976.00	4272.00	0.10	-15.10
1008.00	4272.00	0.08	-14.98
1040.00	4272.00	0.03	-15.04
1072.00	4272.00	-0.00	-15.23
1104.00	4272.00	0.02	-15.28
1136.00	4272.00	0.11	-15.21
1168.00	4272.00	0.12	-15.17
1200.00	4272.00	0.07	-15.27
1232.00	4272.00	0.08	-15.38
1264.00	4272.00	0.12	-15.35
1296.00	4272.00	0.12	-15.22
1328.00	4272.00	0.02	-15.12
1360.00	4272.00	-0.09	-15.14
1392.00	4272.00	-0.09	-15.24
1424.00	4272.00	-0.01	-15.34
1456.00	4272.00	0.06	-15.40
1488.00	4272.00	0.06	-15.41
1520.00	4272.00	-0.01	-15.35
1552.00	4272.00	-0.08	-15.27
1584.00	4272.00	-0.07	-15.16
1616.00	4272.00	0.02	-15.19
1648.00	4272.00	0.00	-15.27
1680.00	4272.00	-0.12	-15.34
1712.00	4272.00	-0.21	-15.26
1744.00	4272.00	-0.23	-15.24
1776.00	4272.00	-0.22	-15.31
1808.00	4272.00	-0.28	-15.33
1840.00	4272.00	-0.32	-15.23
1872.00	4272.00	-0.22	-15.21
1904.00	4272.00	-0.14	-15.35
1936.00	4272.00	-0.08	-15.47
1968.00	4272.00	-0.15	-15.31
2000.00	4272.00	-0.22	-15.05
2032.00	4272.00	-0.24	-14.94
2064.00	4272.00	-0.16	-15.03
2096.00	4272.00	-0.12	-15.10
2128.00	4272.00	-0.15	-15.06
2160.00	4272.00	-0.27	-15.02
2192.00	4272.00	-0.38	-15.09
2224.00	4272.00	-0.40	-15.19
2256.00	4272.00	-0.42	-15.09
2288.00	4272.00	-0.31	-15.06
2320.00	4272.00	-0.24	-14.94
2352.00	4272.00	-0.17	-14.82
2384.00	4272.00	-0.21	-14.67
2416.00	4272.00	-0.23	-14.69
2448.00	4272.00	-0.21	-14.77
2480.00	4272.00	-0.19	-14.73
2512.00	4272.00	-0.18	-14.56
2544.00	4272.00	-0.35	-14.48
2576.00	4272.00	-0.53	-14.54
2608.00	4272.00	-0.57	-14.67
2640.00	4272.00	-0.37	-14.72
2672.00	4272.00	-0.16	-14.70
2704.00	4272.00	-0.08	-14.67
2736.00	4272.00	-0.07	-14.60
2768.00	4272.00	-0.12	-14.45
2800.00	4272.00	-0.25	-14.18
2832.00	4272.00	-0.39	-13.94
2864.00	4272.00	-0.38	-13.79
2896.00	4272.00	-0.19	-13.83
2928.00	4272.00	0.04	-13.90
2960.00	4272.00	0.10	-13.86
2992.00	4272.00	0.07	-13.64
3024.00	4272.00	0.03	-13.37
3056.00	4272.00	-0.04	-13.19
3088.00	4272.00	-0.21	-13.13
3120.00	4272.00	-0.27	-13.22
3152.00	4272.00	-0.19	-13.30
3184.00	4272.00	-0.03	-13.30
3216.00	4272.00	0.02	-13.01
3248.00	4272.00	0.04	-12.63
3280.00	4272.00	0.02	-12.14
3312.00	4272.00	-0.15	-11.73
3344.00	4272.00	-0.32	-11.46
3376.00	4272.00	-0.49	-11.49
3408.00	4272.00	-0.53	-11.79
3440.00	4272.00	-0.57	-12.00
3472.00	4272.00	-0.62	-11.98
3504.00	4272.00	-0.77	-11.79
3536.00	4272.00	-0.96	-11.71
3568.00	4272.00	-1.10	-11.63
3600.00	4272.00	-1.09	-11.63
3632.00	4272.00	-0.91	-11.78
3664.00	4272.00	-0.81	-12.08
3696.00	4272.00	-0.86	-12.20
3728.00	4272.00	-0.92	-11.91
3760.00	4272.00	-0.83	-11.56
3792.00	4272.00	-0.53	-11.30
3824.00	4272.00	-0.47	-11.12
3856.00	4272.00	-0.60	-10.90
3888.00	4272.00	-0.71	-10.79
3920.00	4272.00	-0.48	-11.03
3952.00	4272.00	-0.20	-11.27
3984.00	4272.00	-0.22	-11.19
4016.00	4272.00	-0.52	-10.82
4048.00	4272.00	-0.65	-10.57
4080.00	4272.00	-0.52	-10.58
4112.00	4272.00	-0.27	-10.65
4144.00	4272.00	-0.28	-10.66
4176.00	4272.00	-0.30	-10.75
4208.00	4272.00	-0.14	-11.02
4240.00	4272.00	0.14	-11.13
4272.00	4272.00	0.22	-10.98
4304.00	4272.00	0.14	-10.68
4336.00	4272.00	-0.02	-10.50
4368.00	4272.00	-0.05	-10.58
4400.00	4272.00	0.03	-10.73
4432.00	4272.00	0.13	-10.75
4464.00	4272.00	0.26	-10.72
4496.00	4272.00	0.19	-10.74
4528.00	4272.00	0.02	-10.90
4560.00	4272.00	-0.16	-11.03
4592.00	4272.00	-0.26	-11.18
4624.00	4272.00	-0.29	-11.16
4656.00	4272.00	-0.30	-11.01
4688.00	4272.00	-0.27	-10.88
4720.00	4272.00	-0.18	-10.97
4752.00	4272.00	-0.14	-11.17
4784.00	4272.00	-0.18	-11.23
4816.00	4272.00	-0.14	-11.12
4848.00	4272.00	0.02	-11.01
4880.00	4272.00	0.11	-10.97
4912.00	4272.00	0.16	-10.91
4944.00	4272.00	0.20	-10.75
4976.00	4272.00	0.29	-10.59
5008.00	4272.00	0.33	-10.57
5040.00	4272.00	0.43	-10.73
5072.00	4272.00	0.49	-10.85
5104.00	4272.00	0.57	-10.82
5136.00	4272.00	0.52	-10.76
5168.00	4272.00	0.57	-10.74
5200.00	4272.00	0.62	-10.79
5232.00	4272.00	0.56	-10.82
5264.00	4272.00	0.50	-10.91
5296.00	4272.00	0.47	-11.00
5328.00	4272.00	0.55	-11.13
5360.00	4272.00	0.68	-11.28
5392.00	4272.00	0.74	-11.42
5424.00	4272.00	0.79	-11.55
5456.00	4272.00	0.66	-11.48
5488.00	4272.00	0.44	-11.28
5520.00	4272.00	0.30	-10.94
5552.00	4272.00	0.28	-10.54
5584.00	4272.00	0.21	-9.98
5616.00	4272.00	0.00	-9.25
5648.00	4272.00	-0.12	-8.81
5680.00	4272.00	0.04	-8.82
5712.00	4272.00	0.32	-8.87
5744.00	4272.00	0.49	-8.72
5776.00	4272.00	0.42	-8.48
5808.00	4272.00	0.24	-7.80
5840.00	4272.00	0.06	-6.88
5872.00	4272.00	0.07	-5.91
5904.00	4272.00	0.16	-5.09
5936.00	4272.00	0.18	-3.94
5968.00	4272.00	0.15	-2.30
6000.00	4272.00	0.16	-0.90
6032.00	4272.00	0.21	-0.30
6064.00	4272.00	0.19	-0.42
6096.00	4272.00	0.26	-1.51
6128.00	4272.00	0.42	-2.98
6160.00	4272.00	0.51	-4.64
6192.00	4272.00	0.38	-5.61
6224.00	4272.00	0.24	-6.25
6256.00	4272.00	0.38	-6.80
6288.00	4272.00	0.57	-7.50
6320.00	4272.00	0.65	-8.07
6352.00	4272.00	0.46	-8.42
6384.00	4272.00	0.24	-8.67
6416.00	4272.00	0.19	-8.88
6448.00	4272.00	0.37	-8.86
6480.00	4272.00	1.40	-8.92
6512.00	4272.00	1.80	-9.04
6544.00	4272.00	2.01	-9.40
6576.00	4272.00	1.45	-9.52
16.00	4304.00	-22.90	-31.06
48.00	4304.00	-19.27	-31.02
80.00	4304.00	-10.16	-29.15
112.00	4304.00	1.28	-21.98
144.00	4304.00	5.19	-16.17
176.00	4304.00	3.55	-13.59
208.00	4304.00	-0.91	-14.67
240.00	4304.00	-1.14	-15.17
272.00	4304.00	-1.06	-15.18
304.00	4304.00	-0.91	-15.02
336.00	4304.00	-0.65	-14.95
368.00	4304.00	-0.27	-14.83
400.00	4304.00	-0.08	-14.78
432.00	4304.00	0.06	-14.82
464.00	4304.00	0.17	-14.97
496.00	4304.00	0.30	-15.10
528.00	4304.00	0.37	-15.17
560.00	4304.00	0.35	-15.14
592.00	4304.00	0.21	-15.03
624.00	4304.00	0.09	-14.88
656.00	4304.00	0.08	-14.74
688.00	4304.00	0.13	-14.82
720.00	4304.00	0.20	-15.06
752.00	4304.00	0.26	-15.29
784.00	4304.00	0.27	-15.46
816.00	4304.00	0.24	-15.49
848.00	4304.00	0.13	-15.43
880.00	4304.00	0.04	-15.35
912.00	4304.00	0.02	-15.31
944.00	4304.00	0.06	-15.23
976.00	4304.00	0.11	-15.09
1008.00	4304.00	0.08	-14.94
1040.00	4304.00	-0.02	-14.99
1072.00	4304.00	-0.07	-15.14
1104.00	4304.00	-0.05	-15.25
1136.00	4304.00	0.07	-15.27
1168.00	4304.00	0.08	-15.30
1200.00	4304.00	0.04	-15.39
1232.00	4304.00	0.08	-15.48
1264.00	4304.00	0.18	-15.44
1296.00	4304.00	0.20	-15.33
1328.00	4304.00	0.07	-15.24
1360.00	4304.00	-0.06	-15.22
1392.00	4304.00	-0.09	-15.22
1424.00	4304.00	-0.07	-15.25
1456.00	4304.00	-0.03	-15.28
1488.00	4304.00	-0.02	-15.29
1520.00	4304.00	-0.03	-15.22
1552.00	4304.00	-0.09	-15.11
1584.00	4304.00	-0.13	-15.01
1616.00	4304.00	-0.06	-15.05
1648.00	4304.00	-0.04	-15.15
1680.00	4304.00	-0.10	-15.24
1712.00	4304.00	-0.13	-15.22
1744.00	4304.00	-0.12	-15.24
1776.00	4304.00	-0.09	-15.32
1808.00	4304.00	-0.13	-15.34
1840.00	4304.00	-0.17	-15.31
1872.00	4304.00	-0.11	-15.35
1904.00	4304.00	-0.10	-15.42
1936.00	4304.00	-0.10	-15.42
1968.00	4304.00	-0.13	-15.26
2000.00	4304.00	-0.17	-15.12
2032.00	4304.00	-0.18	-15.09
2064.00	4304.00	-0.17	-15.14
2096.00	4304.00	-0.17	-15.07
2128.00	4304.00	-0.21	-14.95
2160.00	4304.00	-0.28	-14.92
2192.00	4304.00	-0.36	-15.04
2224.00	4304.00	-0.40	-15.21
2256.00	4304.00	-0.42	-15.19
2288.00	4304.00	-0.36	-15.12
2320.00	4304.00	-0.32	-14.92
2352.00	4304.00	-0.28	-14.75
2384.00	4304.00	-0.26	-14.65
2416.00	4304.00	-0.23	-14.72
2448.00	4304.00	-0.21	-14.80
2480.00	4304.00	-0.19	-14.75
2512.00	4304.00	-0.20	-14.60
2544.00	4304.00	-0.37	-14.56
2576.00	4304.00	-0.54	-14.67
2608.00	4304.00	-0.59	-14.82
2640.00	4304.00	-0.41	-14.76
2672.00	4304.00	-0.22	-14.63
2704.00	4304.00	-0.10	-14.54
2736.00	4304.00	-0.12	-14.50
2768.00	4304.00	-0.18	-14.41
2800.00	4304.00	-0.28	-14.24
2832.00	4304.00	-0.34	-14.08
2864.00	4304.00	-0.30	-13.90
2896.00	4304.00	-0.16	-13.74
2928.00	4304.00	0.05	-13.69
2960.00	4304.00	0.24	-13.79
2992.00	4304.00	0.25	-13.79
3024.00	4304.00	0.15	-13.70
3056.00	4304.00	-0.02	-13.47
3088.00	4304.00	-0.16	-13.28
3120.00	4304.00	-0.19	-13.21
3152.00	4304.00	-0.13	-13.22
3184.00	4304.00	0.00	-13.25
3216.00	4304.00	0.05	-13.04
3248.00	4304.00	0.08	-12.70
3280.00	4304.00	0.11	-12.30
3312.00	4304.00	-0.05	-11.89
3344.00	4304.00	-0.27	-11.52
3376.00	4304.00	-0.42	-11.40
3408.00	4304.00	-0.40	-11.63
3440.00	4304.00	-0.40	-11.80
3472.00	4304.00	-0.50	-11.78
3504.00	4304.00	-0.71	-11.59
3536.00	4304.00	-0.87	-11.49
3568.00	4304.00	-0.95	-11.51
3600.00	4304.00	-0.90	-11.69
3632.00	4304.00	-0.70	-12.08
3664.00	4304.00	-0.59	-12.34
3696.00	4304.00	-0.64	-12.26
3728.00	4304.00	-0.79	-11.77
3760.00	4304.00	-0.87	-11.32
3792.00	4304.00	-0.74	-11.09
3824.00	4304.00	-0.65	-11.03
3856.00	4304.00	-0.61	-11.00
3888.00	4304.00	-0.60	-10.95
3920.00	4304.00	-0.51	-11.04
3952.00	4304.00	-0.42	-11.09
3984.00	4304.00	-0.46	-11.01
4016.00	4304.00	-0.55	-10.76
4048.00	4304.00	-0.47	-10.78
4080.00	4304.00	-0.25	-10.85
4112.00	4304.00	-0.15	-10.92
4144.00	4304.00	-0.20	-10.85
4176.00	4304.00	-0.27	-10.81
4208.00	4304.00	-0.03	-10.97
4240.00	4304.00	0.26	-11.05
4272.00	4304.00	0.30	-11.00
4304.00	4304.00	0.07	-10.68
4336.00	4304.00	-0.21	-10.45
4368.00	4304.00	-0.18	-10.58
4400.00	4304.00	0.12	-10.93
4432.00	4304.00	0.44	-11.14
4464.00	4304.00	0.55	-11.12
4496.00	4304.00	0.36	-11.00
4528.00	4304.00	0.05	-10.92
4560.00	4304.00	-0.16	-10.86
4592.00	4304.00	-0.25	-10.94
4624.00	4304.00	-0.24	-11.02
4656.00	4304.00	-0.23	-11.06
4688.00	4304.00	-0.25	-11.01
4720.00	4304.00	-0.26	-11.02
4752.00	4304.00	-0.25	-11.08
4784.00	4304.00	-0.27	-11.05
4816.00	4304.00	-0.25	-10.94
4848.00	4304.00	-0.11	-10.88
4880.00	4304.00	-0.00	-10.87
4912.00	4304.00	0.09	-10.84
4944.00	4304.00	0.11	-10.69
4976.00	4304.00	0.18	-10.58
5008.00	4304.00	0.22	-10.53
5040.00	4304.00	0.35	-10.51
5072.00	4304.00	0.49	-10.55
5104.00	4304.00	0.69	-10.57
5136.00	4304.00	0.65	-10.70
5168.00	4304.00	0.67	-10.73
5200.00	4304.00	0.64	-10.78
5232.00	4304.00	0.59	-10.79
5264.00	4304.00	0.53	-10.83
5296.00	4304.00	0.53	-10.95
5328.00	4304.00	0.60	-11.24
5360.00	4304.00	0.65	-11.54
5392.00	4304.00	0.65	-11.65
5424.00	4304.00	0.72	-11.57
5456.00	4304.00	0.66	-11.43
5488.00	4304.00	0.49	-11.23
5520.00	4304.00	0.33	-10.93
5552.00	4304.00	0.29	-10.49
5584.00	4304.00	0.21	-9.95
5616.00	4304.00	0.04	-9.32
5648.00	4304.00	-0.04	-8.95
5680.00	4304.00	0.13	-8.92
5712.00	4304.00	0.34	-8.91
5744.00	4304.00	0.43	-8.66
5776.00	4304.00	0.38	-8.29
5808.00	4304.00	0.22	-7.73
5840.00	4304.00	0.10	-7.10
5872.00	4304.00	-0.00	-6.24
5904.00	4304.00	0.06	-5.31
5936.00	4304.00	0.15	-3.91
5968.00	4304.00	0.18	-2.32
6000.00	4304.00	0.21	-0.89
6032.00	4304.00	0.16	-0.36
6064.00	4304.00	0.12	-1.42
6096.00	4304.00	0.12	-2.66
6128.00	4304.00	0.24	-3.99
6160.00	4304.00	0.38	-4.69
6192.00	4304.00	0.40	-5.70
6224.00	4304.00	0.31	-6.69
6256.00	4304.00	0.39	-7.36
6288.00	4304.00	0.46	-7.98
6320.00	4304.00	0.45	-8.30
6352.00	4304.00	0.16	-8.46
6384.00	4304.00	-0.18	-8.51
6416.00	4304.00	-0.27	-8.58
6448.00	4304.00	0.59	-8.31
6480.00	4304.00	1.29	-8.66
6512.00	4304.00	2.09	-9.01
6544.00	4304.00	1.71	-9.71
6576.00	4304.00	1.79	-9.74
16.00	4336.00	-22.71	-31.55
48.00	4336.00	-22.22	-32.83
80.00	4336.00	-18.35	-32.75
112.00	4336.00	-10.42	-28.28
144.00	4336.00	-3.17	-21.29
176.00	4336.00	0.31	-16.19
208.00	4336.00	-0.33	-15.15
240.00	4336.00	-0.71	-15.56
272.00	4336.00	-0.84	-15.53
304.00	4336.00	-0.85	-15.29
336.00	4336.00	-0.73	-14.96
368.00	4336.00	-0.32	-14.68
400.00	4336.00	-0.12	-14.61
432.00	4336.00	0.00	-14.66
464.00	4336.00	0.13	-14.89
496.00	4336.00	0.32	-15.14
528.00	4336.00	0.44	-15.27
560.00	4336.00	0.41	-15.27
592.00	4336.00	0.30	-15.27
624.00	4336.00	0.18	-15.18
656.00	4336.00	0.14	-14.97
688.00	4336.00	0.15	-14.85
720.00	4336.00	0.20	-15.00
752.00	4336.00	0.28	-15.33
784.00	4336.00	0.28	-15.56
816.00	4336.00	0.27	-15.56
848.00	4336.00	0.20	-15.43
880.00	4336.00	0.20	-15.32
912.00	4336.00	0.21	-15.29
944.00	4336.00	0.25	-15.27
976.00	4336.00	0.20	-15.24
1008.00	4336.00	0.11	-15.20
1040.00	4336.00	-0.08	-15.17
1072.00	4336.00	-0.16	-15.21
1104.00	4336.00	-0.10	-15.24
1136.00	4336.00	0.06	-15.33
1168.00	4336.00	0.09	-15.41
1200.00	4336.00	0.08	-15.50
1232.00	4336.00	0.15	-15.55
1264.00	4336.00	0.24	-15.45
1296.00	4336.00	0.22	-15.35
1328.00	4336.00	0.05	-15.30
1360.00	4336.00	-0.05	-15.25
1392.00	4336.00	-0.08	-15.16
1424.00	4336.00	-0.08	-15.12
1456.00	4336.00	-0.06	-15.16
1488.00	4336.00	-0.00	-15.18
1520.00	4336.00	0.04	-15.09
1552.00	4336.00	-0.01	-15.01
1584.00	4336.00	-0.10	-15.00
1616.00	4336.00	-0.08	-15.12
1648.00	4336.00	-0.02	-15.23
1680.00	4336.00	-0.01	-15.26
1712.00	4336.00	-0.00	-15.27
1744.00	4336.00	-0.02	-15.28
1776.00	4336.00	-0.01	-15.36
1808.00	4336.00	-0.05	-15.32
1840.00	4336.00	-0.10	-15.30
1872.00	4336.00	-0.11	-15.31
1904.00	4336.00	-0.12	-15.36
1936.00	4336.00	-0.15	-15.32
1968.00	4336.00	-0.15	-15.21
2000.00	4336.00	-0.19	-15.18
2032.00	4336.00	-0.19	-15.20
2064.00	4336.00	-0.19	-15.16
2096.00	4336.00	-0.17	-15.03
2128.00	4336.00	-0.17	-14.89
2160.00	4336.00	-0.20	-14.88
2192.00	4336.00	-0.27	-15.01
2224.00	4336.00	-0.35	-15.18
2256.00	4336.00	-0.41	-15.23
2288.00	4336.00	-0.42	-15.16
2320.00	4336.00	-0.38	-14.97
2352.00	4336.00	-0.34	-14.80
2384.00	4336.00	-0.30	-14.72
2416.00	4336.00	-0.27	-14.74
2448.00	4336.00	-0.26	-14.80
2480.00	4336.00	-0.24	-14.79
2512.00	4336.00	-0.27	-14.74
2544.00	4336.00	-0.41	-14.71
2576.00	4336.00	-0.53	-14.76
2608.00	4336.00	-0.57	-14.83
2640.00	4336.00	-0.40	-14.75
2672.00	4336.00	-0.22	-14.59
2704.00	4336.00	-0.10	-14.43
2736.00	4336.00	-0.13	-14.37
2768.00	4336.00	-0.19	-14.36
2800.00	4336.00	-0.22	-14.32
2832.00	4336.00	-0.22	-14.19
2864.00	4336.00	-0.19	-13.94
2896.00	4336.00	-0.17	-13.57
2928.00	4336.00	-0.06	-13.39
2960.00	4336.00	0.22	-13.54
2992.00	4336.00	0.24	-13.74
3024.00	4336.00	0.15	-13.78
3056.00	4336.00	-0.07	-13.54
3088.00	4336.00	-0.08	-13.38
3120.00	4336.00	-0.02	-13.35
3152.00	4336.00	-0.00	-13.29
3184.00	4336.00	-0.04	-13.18
3216.00	4336.00	-0.10	-12.86
3248.00	4336.00	-0.07	-12.53
3280.00	4336.00	0.01	-12.20
3312.00	4336.00	-0.02	-11.89
3344.00	4336.00	-0.19	-11.59
3376.00	4336.00	-0.32	-11.44
3408.00	4336.00	-0.33	-11.52
3440.00	4336.00	-0.30	-11.60
3472.00	4336.00	-0.34	-11.58
3504.00	4336.00	-0.45	-11.54
3536.00	4336.00	-0.60	-11.54
3568.00	4336.00	-0.68	-11.58
3600.00	4336.00	-0.66	-11.71
3632.00	4336.00	-0.46	-12.03
3664.00	4336.00	-0.31	-12.21
3696.00	4336.00	-0.28	-12.06
3728.00	4336.00	-0.43	-11.59
3760.00	4336.00	-0.60	-11.14
3792.00	4336.00	-0.67	-10.92
3824.00	4336.00	-0.66	-10.98
3856.00	4336.00	-0.56	-11.10
3888.00	4336.00	-0.48	-11.13
3920.00	4336.00	-0.45	-11.03
3952.00	4336.00	-0.51	-10.94
3984.00	4336.00	-0.60	-10.92
4016.00	4336.00	-0.56	-10.91
4048.00	4336.00	-0.34	-11.10
4080.00	4336.00	-0.05	-11.13
4112.00	4336.00	0.03	-11.05
4144.00	4336.00	0.02	-10.86
4176.00	4336.00	-0.05	-10.72
4208.00	4336.00	0.13	-10.87
4240.00	4336.00	0.31	-11.02
4272.00	4336.00	0.22	-11.08
4304.00	4336.00	-0.06	-10.79
4336.00	4336.00	-0.32	-10.49
4368.00	4336.00	-0.14	-10.59
4400.00	4336.00	0.32	-11.08
4432.00	4336.00	0.68	-11.48
4464.00	4336.00	0.68	-11.56
4496.00	4336.00	0.37	-11.40
4528.00	4336.00	-0.02	-11.08
4560.00	4336.00	-0.22	-10.83
4592.00	4336.00	-0.28	-10.78
4624.00	4336.00	-0.26	-10.92
4656.00	4336.00	-0.22	-11.07
4688.00	4336.00	-0.25	-11.10
4720.00	4336.00	-0.29	-11.03
4752.00	4336.00	-0.30	-10.96
4784.00	4336.00	-0.24	-10.85
4816.00	4336.00	-0.12	-10.80
4848.00	4336.00	0.05	-10.75
4880.00	4336.00	0.11	-10.73
4912.00	4336.00	0.14	-10.67
4944.00	4336.00	0.12	-10.58
4976.00	4336.00	0.19	-10.53
5008.00	4336.00	0.23	-10.46
5040.00	4336.00	0.32	-10.29
5072.00	4336.00	0.47	-10.22
5104.00	4336.00	0.74	-10.28
5136.00	4336.00	0.76	-10.54
5168.00	4336.00	0.71	-10.68
5200.00	4336.00	0.53	-10.77
5232.00	4336.00	0.50	-10.78
5264.00	4336.00	0.50	-10.80
5296.00	4336.00	0.58	-10.91
5328.00	4336.00	0.58	-11.23
5360.00	4336.00	0.52	-11.51
5392.00	4336.00	0.42	-11.62
5424.00	4336.00	0.51	-11.51
5456.00	4336.00	0.55	-11.40
5488.00	4336.00	0.50	-11.20
5520.00	4336.00	0.36	-10.82
5552.00	4336.00	0.30	-10.31
5584.00	4336.00	0.29	-9.85
5616.00	4336.00	0.21	-9.44
5648.00	4336.00	0.11	-9.04
5680.00	4336.00	0.07	-8.84
5712.00	4336.00	0.15	-8.75
5744.00	4336.00	0.24	-8.50
5776.00	4336.00	0.22	-7.84
5808.00	4336.00	0.08	-7.31
5840.00	4336.00	0.01	-6.91
5872.00	4336.00	-0.08	-6.42
5904.00	4336.00	-0.05	-5.37
5936.00	4336.00	0.06	-3.91
5968.00	4336.00	0.14	-2.36
6000.00	4336.00	0.20	-0.98
6032.00	4336.00	0.11	-0.48
6064.00	4336.00	0.14	-1.87
6096.00	4336.00	0.21	-3.38
6128.00	4336.00	0.37	-4.64
6160.00	4336.00	0.46	-5.04
6192.00	4336.00	0.44	-6.04
6224.00	4336.00	0.41	-6.97
6256.00	4336.00	0.47	-7.45
6288.00	4336.00	0.51	-7.77
6320.00	4336.00	0.44	-8.23
6352.00	4336.00	0.08	-8.43
6384.00	4336.00	-0.47	-8.36
6416.00	4336.00	-0.94	-8.13
6448.00	4336.00	-0.08	-7.77
6480.00	4336.00	0.90	-8.22
6512.00	4336.00	1.15	-9.00
6544.00	4336.00	0.54	-9.98
6576.00	4336.00	-0.06	-10.21
16.00	4368.00	-22.54	-31.99
48.00	4368.00	-22.24	-32.79
80.00	4368.00	-21.57	-34.56
112.00	4368.00	-15.86	-31.21
144.00	4368.00	-9.06	-24.88
176.00	4368.00	-2.28	-17.91
208.00	4368.00	-0.68	-15.60
240.00	4368.00	-0.60	-15.65
272.00	4368.00	-0.75	-15.68
304.00	4368.00	-0.83	-15.38
336.00	4368.00	-0.62	-15.00
368.00	4368.00	-0.30	-14.59
400.00	4368.00	-0.13	-14.51
432.00	4368.00	-0.02	-14.67
464.00	4368.00	0.11	-14.96
496.00	4368.00	0.30	-15.26
528.00	4368.00	0.43	-15.42
560.00	4368.00	0.42	-15.42
592.00	4368.00	0.37	-15.46
624.00	4368.00	0.27	-15.36
656.00	4368.00	0.21	-15.08
688.00	4368.00	0.18	-14.85
720.00	4368.00	0.23	-14.95
752.00	4368.00	0.31	-15.35
784.00	4368.00	0.30	-15.61
816.00	4368.00	0.30	-15.59
848.00	4368.00	0.26	-15.42
880.00	4368.00	0.34	-15.29
912.00	4368.00	0.38	-15.31
944.00	4368.00	0.39	-15.35
976.00	4368.00	0.27	-15.39
1008.00	4368.00	0.10	-15.41
1040.00	4368.00	-0.11	-15.35
1072.00	4368.00	-0.18	-15.30
1104.00	4368.00	-0.07	-15.25
1136.00	4368.00	0.08	-15.33
1168.00	4368.00	0.13	-15.45
1200.00	4368.00	0.15	-15.54
1232.00	4368.00	0.24	-15.57
1264.00	4368.00	0.30	-15.44
1296.00	4368.00	0.22	-15.35
1328.00	4368.00	0.02	-15.31
1360.00	4368.00	-0.06	-15.24
1392.00	4368.00	-0.07	-15.11
1424.00	4368.00	-0.08	-15.06
1456.00	4368.00	-0.06	-15.09
1488.00	4368.00	0.01	-15.10
1520.00	4368.00	0.09	-15.00
1552.00	4368.00	0.05	-14.98
1584.00	4368.00	-0.03	-15.05
1616.00	4368.00	-0.04	-15.23
1648.00	4368.00	0.05	-15.34
1680.00	4368.00	0.10	-15.32
1712.00	4368.00	0.12	-15.33
1744.00	4368.00	0.08	-15.33
1776.00	4368.00	0.03	-15.39
1808.00	4368.00	-0.03	-15.31
1840.00	4368.00	-0.10	-15.29
1872.00	4368.00	-0.14	-15.27
1904.00	4368.00	-0.17	-15.28
1936.00	4368.00	-0.20	-15.23
1968.00	4368.00	-0.20	-15.18
2000.00	4368.00	-0.24	-15.23
2032.00	4368.00	-0.24	-15.26
2064.00	4368.00	-0.24	-15.18
2096.00	4368.00	-0.20	-15.04
2128.00	4368.00	-0.16	-14.88
2160.00	4368.00	-0.17	-14.86
2192.00	4368.00	-0.23	-14.95
2224.00	4368.00	-0.35	-15.11
2256.00	4368.00	-0.46	-15.22
2288.00	4368.00	-0.48	-15.20
2320.00	4368.00	-0.42	-15.07
2352.00	4368.00	-0.32	-14.92
2384.00	4368.00	-0.28	-14.81
2416.00	4368.00	-0.27	-14.76
2448.00	4368.00	-0.29	-14.77
2480.00	4368.00	-0.32	-14.78
2512.00	4368.00	-0.35	-14.82
2544.00	4368.00	-0.44	-14.84
2576.00	4368.00	-0.50	-14.83
2608.00	4368.00	-0.50	-14.82
2640.00	4368.00	-0.32	-14.71
2672.00	4368.00	-0.15	-14.57
2704.00	4368.00	-0.03	-14.38
2736.00	4368.00	-0.09	-14.34
2768.00	4368.00	-0.16	-14.38
2800.00	4368.00	-0.15	-14.46
2832.00	4368.00	-0.12	-14.32
2864.00	4368.00	-0.12	-13.97
2896.00	4368.00	-0.18	-13.46
2928.00	4368.00	-0.15	-13.18
2960.00	4368.00	0.14	-13.34
2992.00	4368.00	0.17	-13.61
3024.00	4368.00	0.11	-13.75
3056.00	4368.00	-0.10	-13.57
3088.00	4368.00	-0.04	-13.45
3120.00	4368.00	0.08	-13.43
3152.00	4368.00	0.07	-13.32
3184.00	4368.00	-0.11	-13.08
3216.00	4368.00	-0.27	-12.71
3248.00	4368.00	-0.28	-12.38
3280.00	4368.00	-0.13	-12.13
3312.00	4368.00	-0.07	-11.89
3344.00	4368.00	-0.17	-11.65
3376.00	4368.00	-0.28	-11.46
3408.00	4368.00	-0.30	-11.46
3440.00	4368.00	-0.26	-11.49
3472.00	4368.00	-0.26	-11.51
3504.00	4368.00	-0.30	-11.57
3536.00	4368.00	-0.45	-11.62
3568.00	4368.00	-0.54	-11.65
3600.00	4368.00	-0.56	-11.68
3632.00	4368.00	-0.39	-11.95
3664.00	4368.00	-0.21	-12.08
3696.00	4368.00	-0.12	-11.94
3728.00	4368.00	-0.23	-11.47
3760.00	4368.00	-0.38	-11.02
3792.00	4368.00	-0.53	-10.81
3824.00	4368.00	-0.61	-10.89
3856.00	4368.00	-0.56	-11.10
3888.00	4368.00	-0.48	-11.20
3920.00	4368.00	-0.45	-11.07
3952.00	4368.00	-0.51	-10.92
3984.00	4368.00	-0.60	-10.94
4016.00	4368.00	-0.51	-10.99
4048.00	4368.00	-0.32	-11.20
4080.00	4368.00	-0.10	-11.15
4112.00	4368.00	0.01	-10.98
4144.00	4368.00	0.10	-10.72
4176.00	4368.00	0.09	-10.59
4208.00	4368.00	0.22	-10.76
4240.00	4368.00	0.27	-10.99
4272.00	4368.00	0.16	-11.16
4304.00	4368.00	-0.14	-10.87
4336.00	4368.00	-0.32	-10.51
4368.00	4368.00	-0.09	-10.53
4400.00	4368.00	0.38	-11.11
4432.00	4368.00	0.75	-11.63
4464.00	4368.00	0.67	-11.79
4496.00	4368.00	0.32	-11.64
4528.00	4368.00	-0.08	-11.27
4560.00	4368.00	-0.27	-10.91
4592.00	4368.00	-0.33	-10.71
4624.00	4368.00	-0.31	-10.82
4656.00	4368.00	-0.23	-11.01
4688.00	4368.00	-0.23	-11.16
4720.00	4368.00	-0.28	-11.07
4752.00	4368.00	-0.29	-10.95
4784.00	4368.00	-0.18	-10.79
4816.00	4368.00	-0.03	-10.77
4848.00	4368.00	0.14	-10.70
4880.00	4368.00	0.16	-10.64
4912.00	4368.00	0.19	-10.58
4944.00	4368.00	0.16	-10.53
4976.00	4368.00	0.24	-10.49
5008.00	4368.00	0.28	-10.35
5040.00	4368.00	0.30	-10.13
5072.00	4368.00	0.42	-10.04
5104.00	4368.00	0.69	-10.17
5136.00	4368.00	0.81	-10.45
5168.00	4368.00	0.73	-10.64
5200.00	4368.00	0.49	-10.76
5232.00	4368.00	0.39	-10.83
5264.00	4368.00	0.44	-10.86
5296.00	4368.00	0.57	-10.97
5328.00	4368.00	0.52	-11.22
5360.00	4368.00	0.43	-11.40
5392.00	4368.00	0.32	-11.50
5424.00	4368.00	0.47	-11.38
5456.00	4368.00	0.54	-11.35
5488.00	4368.00	0.52	-11.13
5520.00	4368.00	0.37	-10.74
5552.00	4368.00	0.31	-10.19
5584.00	4368.00	0.35	-9.78
5616.00	4368.00	0.33	-9.51
5648.00	4368.00	0.17	-9.10
5680.00	4368.00	0.02	-8.79
5712.00	4368.00	0.02	-8.63
5744.00	4368.00	0.15	-8.32
5776.00	4368.00	0.21	-7.59
5808.00	4368.00	0.08	-7.05
5840.00	4368.00	0.04	-6.82
5872.00	4368.00	-0.08	-6.46
5904.00	4368.00	-0.04	-5.37
5936.00	4368.00	0.05	-3.79
5968.00	4368.00	0.14	-2.29
6000.00	4368.00	0.20	-0.97
6032.00	4368.00	0.08	-0.55
6064.00	4368.00	0.16	-2.38
6096.00	4368.00	0.29	-4.04
6128.00	4368.00	0.49	-5.23
6160.00	4368.00	0.55	-5.23
6192.00	4368.00	0.52	-6.31
6224.00	4368.00	0.53	-7.18
6256.00	4368.00	0.59	-7.51
6288.00	4368.00	0.64	-7.60
6320.00	4368.00	0.55	-8.20
6352.00	4368.00	0.17	-8.50
6384.00	4368.00	-0.50	-8.33
6416.00	4368.00	-1.20	-7.81
6448.00	4368.00	-0.27	-7.17
6480.00	4368.00	-0.60	-7.68
6512.00	4368.00	-0.49	-8.81
6544.00	4368.00	-1.54	-10.13
6576.00	4368.00	-1.08	-10.48
